reporter_iso3,partner_iso3,hs_code,product,period,trade_flow,value_usd,quantity,unit,source_file
PHL,JPN,803,Bananas,2023,export,759028032.0,,,PH_export_dest_2023
PHL,CHN,803,Bananas,2023,export,422551192.0,,,PH_export_dest_2023
PHL,KOR,803,Bananas,2023,export,164537324.0,,,PH_export_dest_2023
PHL,SAU,803,Bananas,2023,export,40099338.0,,,PH_export_dest_2023
PHL,IRN,803,Bananas,2023,export,28557623.0,,,PH_export_dest_2023
PHL,HKG,803,Bananas,2023,export,24146882.0,,,PH_export_dest_2023
PHL,SGP,803,Bananas,2023,export,17542009.0,,,PH_export_dest_2023
PHL,ARE,803,Bananas,2023,export,13899597.0,,,PH_export_dest_2023
PHL,QAT,803,Bananas,2023,export,13127020.0,,,PH_export_dest_2023
PHL,NZL,803,Bananas,2023,export,11268005.0,,,PH_export_dest_2023
PHL,BHR,803,Bananas,2023,export,10493693.0,,,PH_export_dest_2023
PHL,KWT,803,Bananas,2023,export,6324590.0,,,PH_export_dest_2023
PHL,MYS,803,Bananas,2023,export,3801796.0,,,PH_export_dest_2023
PHL,USA,803,Bananas,2023,export,1284688.0,,,PH_export_dest_2023
PHL,MNG,803,Bananas,2023,export,1264810.0,,,PH_export_dest_2023
PHL,MAC,803,Bananas,2023,export,1013938.0,,,PH_export_dest_2023
PHL,IRQ,803,Bananas,2023,export,709479.0,,,PH_export_dest_2023
PHL,OMN,803,Bananas,2023,export,377381.0,,,PH_export_dest_2023
PHL,GBR,803,Bananas,2023,export,328922.0,,,PH_export_dest_2023
PHL,MNP,803,Bananas,2023,export,220790.0,,,PH_export_dest_2023
PHL,DEU,803,Bananas,2023,export,177552.0,,,PH_export_dest_2023
PHL,AUT,803,Bananas,2023,export,134826.0,,,PH_export_dest_2023
PHL,BRA,803,Bananas,2023,export,98503.0,,,PH_export_dest_2023
PHL,CAN,803,Bananas,2023,export,89943.0,,,PH_export_dest_2023
PHL,NLD,803,Bananas,2023,export,87049.0,,,PH_export_dest_2023
PHL,ESP,803,Bananas,2023,export,62110.0,,,PH_export_dest_2023
PHL,BRN,803,Bananas,2023,export,54060.0,,,PH_export_dest_2023
PHL,JOR,803,Bananas,2023,export,45996.0,,,PH_export_dest_2023
PHL,SVN,803,Bananas,2023,export,44540.0,,,PH_export_dest_2023
PHL,CZE,803,Bananas,2023,export,43131.0,,,PH_export_dest_2023
PHL,POL,803,Bananas,2023,export,40430.0,,,PH_export_dest_2023
PHL,GUM,803,Bananas,2023,export,39360.0,,,PH_export_dest_2023
PHL,CRI,803,Bananas,2023,export,27813.0,,,PH_export_dest_2023
PHL,SWE,803,Bananas,2023,export,24093.0,,,PH_export_dest_2023
PHL,IRL,803,Bananas,2023,export,21950.0,,,PH_export_dest_2023
PHL,ZAF,803,Bananas,2023,export,21659.0,,,PH_export_dest_2023
PHL,NOR,803,Bananas,2023,export,21652.0,,,PH_export_dest_2023
PHL,AZE,803,Bananas,2023,export,18130.0,,,PH_export_dest_2023
PHL,EST,803,Bananas,2023,export,17446.0,,,PH_export_dest_2023
PHL,THA,803,Bananas,2023,export,17338.0,,,PH_export_dest_2023
PHL,CHE,803,Bananas,2023,export,13452.0,,,PH_export_dest_2023
PHL,SVK,803,Bananas,2023,export,11897.0,,,PH_export_dest_2023
PHL,GEO,803,Bananas,2023,export,6500.0,,,PH_export_dest_2023
PHL,HRV,803,Bananas,2023,export,2671.0,,,PH_export_dest_2023
PHL,MNE,803,Bananas,2023,export,1824.0,,,PH_export_dest_2023
PHL,MKD,803,Bananas,2023,export,1622.0,,,PH_export_dest_2023
PHL,AUS,803,Bananas,2023,export,1456.0,,,PH_export_dest_2023
PHL,LUX,803,Bananas,2023,export,1142.0,,,PH_export_dest_2023
PHL,MDA,803,Bananas,2023,export,1097.0,,,PH_export_dest_2023
PHL,FIN,803,Bananas,2023,export,863.0,,,PH_export_dest_2023
PHL,MLT,803,Bananas,2023,export,708.0,,,PH_export_dest_2023
PHL,TUR,803,Bananas,2023,export,554.0,,,PH_export_dest_2023
PHL,FRA,803,Bananas,2023,export,319.0,,,PH_export_dest_2023
PHL,HUN,803,Bananas,2023,export,133.0,,,PH_export_dest_2023
PHL,ISL,803,Bananas,2023,export,49.0,,,PH_export_dest_2023
PHL,GAB,803,Bananas,2023,export,40.0,,,PH_export_dest_2023
PHL,BIH,803,Bananas,2023,export,14.0,,,PH_export_dest_2023
CHN,HKG,803,Bananas,2023,export,2661601.0,,,CHN_export_dest_2023
CHN,MNG,803,Bananas,2023,export,2409974.0,,,CHN_export_dest_2023
CHN,RUS,803,Bananas,2023,export,2274052.0,,,CHN_export_dest_2023
CHN,MAC,803,Bananas,2023,export,1063872.0,,,CHN_export_dest_2023
CHN,PRK,803,Bananas,2023,export,843048.0,,,CHN_export_dest_2023
CHN,USA,803,Bananas,2023,export,524510.0,,,CHN_export_dest_2023
CHN,SVK,803,Bananas,2023,export,420284.0,,,CHN_export_dest_2023
CHN,DEU,803,Bananas,2023,export,326894.0,,,CHN_export_dest_2023
CHN,UZB,803,Bananas,2023,export,250005.0,,,CHN_export_dest_2023
CHN,CZE,803,Bananas,2023,export,149642.0,,,CHN_export_dest_2023
CHN,TUR,803,Bananas,2023,export,82744.0,,,CHN_export_dest_2023
CHN,KGZ,803,Bananas,2023,export,81086.0,,,CHN_export_dest_2023
CHN,THA,803,Bananas,2023,export,77809.0,,,CHN_export_dest_2023
CHN,JPN,803,Bananas,2023,export,55962.0,,,CHN_export_dest_2023
CHN,CAN,803,Bananas,2023,export,47225.0,,,CHN_export_dest_2023
CHN,GBR,803,Bananas,2023,export,26919.0,,,CHN_export_dest_2023
CHN,MMR,803,Bananas,2023,export,11880.0,,,CHN_export_dest_2023
CHN,ISR,803,Bananas,2023,export,11862.0,,,CHN_export_dest_2023
CHN,ARG,803,Bananas,2023,export,8572.0,,,CHN_export_dest_2023
CHN,SGP,803,Bananas,2023,export,7441.0,,,CHN_export_dest_2023
CHN,HRV,803,Bananas,2023,export,6061.0,,,CHN_export_dest_2023
CHN,AUS,803,Bananas,2023,export,4179.0,,,CHN_export_dest_2023
CHN,ARE,803,Bananas,2023,export,3804.0,,,CHN_export_dest_2023
CHN,NGA,803,Bananas,2023,export,3161.0,,,CHN_export_dest_2023
CHN,MDV,803,Bananas,2023,export,2491.0,,,CHN_export_dest_2023
CHN,BHS,803,Bananas,2023,export,2105.0,,,CHN_export_dest_2023
CHN,NOR,803,Bananas,2023,export,1972.0,,,CHN_export_dest_2023
CHN,KAZ,803,Bananas,2023,export,1661.0,,,CHN_export_dest_2023
CHN,BHR,803,Bananas,2023,export,1438.0,,,CHN_export_dest_2023
CHN,MYS,803,Bananas,2023,export,879.0,,,CHN_export_dest_2023
CHN,CHE,803,Bananas,2023,export,574.0,,,CHN_export_dest_2023
CHN,SVN,803,Bananas,2023,export,440.0,,,CHN_export_dest_2023
CHN,DNK,803,Bananas,2023,export,407.0,,,CHN_export_dest_2023
CHN,SAU,803,Bananas,2023,export,340.0,,,CHN_export_dest_2023
CHN,ESP,803,Bananas,2023,export,324.0,,,CHN_export_dest_2023
CHN,AUT,803,Bananas,2023,export,274.0,,,CHN_export_dest_2023
CHN,TWN,803,Bananas,2023,export,267.0,,,CHN_export_dest_2023
CHN,EST,803,Bananas,2023,export,194.0,,,CHN_export_dest_2023
CHN,LUX,803,Bananas,2023,export,143.0,,,CHN_export_dest_2023
CHN,NLD,803,Bananas,2023,export,125.0,,,CHN_export_dest_2023
CHN,FIN,803,Bananas,2023,export,108.0,,,CHN_export_dest_2023
CHN,SWE,803,Bananas,2023,export,94.0,,,CHN_export_dest_2023
CHN,POL,803,Bananas,2023,export,58.0,,,CHN_export_dest_2023
CHN,GTM,803,Bananas,2023,export,48.0,,,CHN_export_dest_2023
CHN,MNE,803,Bananas,2023,export,37.0,,,CHN_export_dest_2023
CHN,KOR,803,Bananas,2023,export,13.0,,,CHN_export_dest_2023
CHN,GHA,803,Bananas,2023,export,2.0,,,CHN_export_dest_2023
CHN,UGA,803,Bananas,2023,export,1.0,,,CHN_export_dest_2023
PHL,CHN,,,2019-01,import,2140644725.0,,,PHL-CHN_monthly
PHL,CHN,,,2019-01,export,640787464.0,,,PHL-CHN_monthly
PHL,CHN,,,2019-02,import,1702707573.0,,,PHL-CHN_monthly
PHL,CHN,,,2019-02,export,679309015.0,,,PHL-CHN_monthly
PHL,CHN,,,2019-03,import,2024366096.0,,,PHL-CHN_monthly
PHL,CHN,,,2019-03,export,739336555.0,,,PHL-CHN_monthly
PHL,CHN,,,2019-04,import,2267501079.0,,,PHL-CHN_monthly
PHL,CHN,,,2019-04,export,804772013.0,,,PHL-CHN_monthly
PHL,CHN,,,2019-05,import,2258914406.0,,,PHL-CHN_monthly
PHL,CHN,,,2019-05,export,896947219.0,,,PHL-CHN_monthly
PHL,CHN,,,2019-06,import,2013542159.0,,,PHL-CHN_monthly
PHL,CHN,,,2019-06,export,863292811.0,,,PHL-CHN_monthly
PHL,CHN,,,2019-07,import,2310113833.0,,,PHL-CHN_monthly
PHL,CHN,,,2019-07,export,860185317.0,,,PHL-CHN_monthly
PHL,CHN,,,2019-08,import,2384421654.0,,,PHL-CHN_monthly
PHL,CHN,,,2019-08,export,949278275.0,,,PHL-CHN_monthly
PHL,CHN,,,2019-09,import,2223445469.0,,,PHL-CHN_monthly
PHL,CHN,,,2019-09,export,825540044.0,,,PHL-CHN_monthly
PHL,CHN,,,2019-10,import,2195647543.0,,,PHL-CHN_monthly
PHL,CHN,,,2019-10,export,837247435.0,,,PHL-CHN_monthly
PHL,CHN,,,2019-11,import,2155991102.0,,,PHL-CHN_monthly
PHL,CHN,,,2019-11,export,696766496.0,,,PHL-CHN_monthly
PHL,CHN,,,2019-12,import,2071712094.0,,,PHL-CHN_monthly
PHL,CHN,,,2019-12,export,835520893.0,,,PHL-CHN_monthly
PHL,CHN,,,2020-01,import,2509828116.0,,,PHL-CHN_monthly
PHL,CHN,,,2020-01,export,685581627.0,,,PHL-CHN_monthly
PHL,CHN,,,2020-02,import,964531807.0,,,PHL-CHN_monthly
PHL,CHN,,,2020-02,export,584440131.0,,,PHL-CHN_monthly
PHL,CHN,,,2020-03,import,1446384658.0,,,PHL-CHN_monthly
PHL,CHN,,,2020-03,export,566291940.0,,,PHL-CHN_monthly
PHL,CHN,,,2020-04,import,774388692.0,,,PHL-CHN_monthly
PHL,CHN,,,2020-04,export,405829383.0,,,PHL-CHN_monthly
PHL,CHN,,,2020-05,import,1332569852.0,,,PHL-CHN_monthly
PHL,CHN,,,2020-05,export,779113175.0,,,PHL-CHN_monthly
PHL,CHN,,,2020-06,import,1654741273.0,,,PHL-CHN_monthly
PHL,CHN,,,2020-06,export,891579234.0,,,PHL-CHN_monthly
PHL,CHN,,,2020-07,import,1980182534.0,,,PHL-CHN_monthly
PHL,CHN,,,2020-07,export,915575604.0,,,PHL-CHN_monthly
PHL,CHN,,,2020-08,import,1945889132.0,,,PHL-CHN_monthly
PHL,CHN,,,2020-08,export,816646402.0,,,PHL-CHN_monthly
PHL,CHN,,,2020-09,import,2115955697.0,,,PHL-CHN_monthly
PHL,CHN,,,2020-09,export,1225240251.0,,,PHL-CHN_monthly
PHL,CHN,,,2020-10,import,2056475526.0,,,PHL-CHN_monthly
PHL,CHN,,,2020-10,export,954909457.0,,,PHL-CHN_monthly
PHL,CHN,,,2020-11,import,2126851035.0,,,PHL-CHN_monthly
PHL,CHN,,,2020-11,export,934157430.0,,,PHL-CHN_monthly
PHL,CHN,,,2020-12,import,2043477136.0,,,PHL-CHN_monthly
PHL,CHN,,,2020-12,export,838710006.0,,,PHL-CHN_monthly
PHL,CHN,,,2021-01,import,2189022542.0,,,PHL-CHN_monthly
PHL,CHN,,,2021-01,export,807063934.0,,,PHL-CHN_monthly
PHL,CHN,,,2021-02,import,2099070530.0,,,PHL-CHN_monthly
PHL,CHN,,,2021-02,export,646658487.0,,,PHL-CHN_monthly
PHL,CHN,,,2021-03,import,2330491363.0,,,PHL-CHN_monthly
PHL,CHN,,,2021-03,export,1087919689.0,,,PHL-CHN_monthly
PHL,CHN,,,2021-04,import,2365198210.0,,,PHL-CHN_monthly
PHL,CHN,,,2021-04,export,965516239.0,,,PHL-CHN_monthly
PHL,CHN,,,2021-05,import,2478385913.0,,,PHL-CHN_monthly
PHL,CHN,,,2021-05,export,962194573.0,,,PHL-CHN_monthly
PHL,CHN,,,2021-06,import,2579249201.0,,,PHL-CHN_monthly
PHL,CHN,,,2021-06,export,1069248707.0,,,PHL-CHN_monthly
PHL,CHN,,,2021-07,import,2388536667.0,,,PHL-CHN_monthly
PHL,CHN,,,2021-07,export,1049562491.0,,,PHL-CHN_monthly
PHL,CHN,,,2021-08,import,2481038280.0,,,PHL-CHN_monthly
PHL,CHN,,,2021-08,export,1063500299.0,,,PHL-CHN_monthly
PHL,CHN,,,2021-09,import,2447352310.0,,,PHL-CHN_monthly
PHL,CHN,,,2021-09,export,1055078610.0,,,PHL-CHN_monthly
PHL,CHN,,,2021-10,import,2189060646.0,,,PHL-CHN_monthly
PHL,CHN,,,2021-10,export,1012154794.0,,,PHL-CHN_monthly
PHL,CHN,,,2021-11,import,2407334848.0,,,PHL-CHN_monthly
PHL,CHN,,,2021-11,export,888546577.0,,,PHL-CHN_monthly
PHL,CHN,,,2021-12,import,2271115788.0,,,PHL-CHN_monthly
PHL,CHN,,,2021-12,export,927394166.0,,,PHL-CHN_monthly
PHL,CHN,,,2022-01,import,2184614720.0,,,PHL-CHN_monthly
PHL,CHN,,,2022-01,export,885774447.0,,,PHL-CHN_monthly
PHL,CHN,,,2022-02,import,2002978369.0,,,PHL-CHN_monthly
PHL,CHN,,,2022-02,export,808341534.0,,,PHL-CHN_monthly
PHL,CHN,,,2022-03,import,2264380123.0,,,PHL-CHN_monthly
PHL,CHN,,,2022-03,export,1185111479.0,,,PHL-CHN_monthly
PHL,CHN,,,2022-04,import,2520755109.0,,,PHL-CHN_monthly
PHL,CHN,,,2022-04,export,973882991.0,,,PHL-CHN_monthly
PHL,CHN,,,2022-05,import,2578372414.0,,,PHL-CHN_monthly
PHL,CHN,,,2022-05,export,866284174.0,,,PHL-CHN_monthly
PHL,CHN,,,2022-06,import,2715195641.0,,,PHL-CHN_monthly
PHL,CHN,,,2022-06,export,868754026.0,,,PHL-CHN_monthly
PHL,CHN,,,2022-07,import,2582468644.0,,,PHL-CHN_monthly
PHL,CHN,,,2022-07,export,799752461.0,,,PHL-CHN_monthly
PHL,CHN,,,2022-08,import,2873244240.0,,,PHL-CHN_monthly
PHL,CHN,,,2022-08,export,839351005.0,,,PHL-CHN_monthly
PHL,CHN,,,2022-09,import,2533804628.0,,,PHL-CHN_monthly
PHL,CHN,,,2022-09,export,905644852.0,,,PHL-CHN_monthly
PHL,CHN,,,2022-10,import,2347397498.0,,,PHL-CHN_monthly
PHL,CHN,,,2022-10,export,975114820.0,,,PHL-CHN_monthly
PHL,CHN,,,2022-11,import,2745566620.0,,,PHL-CHN_monthly
PHL,CHN,,,2022-11,export,876274951.0,,,PHL-CHN_monthly
PHL,CHN,,,2022-12,import,2478469203.0,,,PHL-CHN_monthly
PHL,CHN,,,2022-12,export,981638641.0,,,PHL-CHN_monthly
PHL,CHN,,,2023-01,import,2469763647.0,,,PHL-CHN_monthly
PHL,CHN,,,2023-01,export,751725156.0,,,PHL-CHN_monthly
PHL,CHN,,,2023-02,import,2031988242.0,,,PHL-CHN_monthly
PHL,CHN,,,2023-02,export,611709508.0,,,PHL-CHN_monthly
PHL,CHN,,,2023-03,import,2723366994.0,,,PHL-CHN_monthly
PHL,CHN,,,2023-03,export,1473153042.0,,,PHL-CHN_monthly
PHL,CHN,,,2023-04,import,2384061006.0,,,PHL-CHN_monthly
PHL,CHN,,,2023-04,export,776400794.0,,,PHL-CHN_monthly
PHL,CHN,,,2023-05,import,2742319920.0,,,PHL-CHN_monthly
PHL,CHN,,,2023-05,export,1126641260.0,,,PHL-CHN_monthly
PHL,CHN,,,2023-06,import,2511339081.0,,,PHL-CHN_monthly
PHL,CHN,,,2023-06,export,999322024.0,,,PHL-CHN_monthly
PHL,CHN,,,2023-07,import,2772071022.0,,,PHL-CHN_monthly
PHL,CHN,,,2023-07,export,776370279.0,,,PHL-CHN_monthly
PHL,CHN,,,2023-08,import,2549410691.0,,,PHL-CHN_monthly
PHL,CHN,,,2023-08,export,841845036.0,,,PHL-CHN_monthly
PHL,CHN,,,2023-09,import,2759865694.0,,,PHL-CHN_monthly
PHL,CHN,,,2023-09,export,1065217091.0,,,PHL-CHN_monthly
PHL,CHN,,,2023-10,import,2739535749.0,,,PHL-CHN_monthly
PHL,CHN,,,2023-10,export,902048179.0,,,PHL-CHN_monthly
PHL,CHN,,,2023-11,import,2860354994.0,,,PHL-CHN_monthly
PHL,CHN,,,2023-11,export,827351162.0,,,PHL-CHN_monthly
PHL,CHN,,,2023-12,import,2393999174.0,,,PHL-CHN_monthly
PHL,CHN,,,2023-12,export,704767644.0,,,PHL-CHN_monthly
PHL,CHN,,,2024-01,import,2781150957.0,,,PHL-CHN_monthly
PHL,CHN,,,2024-01,export,624980995.0,,,PHL-CHN_monthly
PHL,CHN,,,2024-02,import,2293577261.0,,,PHL-CHN_monthly
PHL,CHN,,,2024-02,export,695254831.0,,,PHL-CHN_monthly
PHL,CHN,,,2024-03,import,2385770392.0,,,PHL-CHN_monthly
PHL,CHN,,,2024-03,export,837511374.0,,,PHL-CHN_monthly
PHL,CHN,,,2024-04,import,3300167587.0,,,PHL-CHN_monthly
PHL,CHN,,,2024-04,export,702015850.0,,,PHL-CHN_monthly
PHL,CHN,,,2024-05,import,2867242323.0,,,PHL-CHN_monthly
PHL,CHN,,,2024-05,export,847120373.0,,,PHL-CHN_monthly
PHL,CHN,,,2024-06,import,2734201460.0,,,PHL-CHN_monthly
PHL,CHN,,,2024-06,export,868608333.0,,,PHL-CHN_monthly
PHL,CHN,,,2024-07,import,3244349838.0,,,PHL-CHN_monthly
PHL,CHN,,,2024-07,export,791290694.0,,,PHL-CHN_monthly
PHL,CHN,,,2024-08,import,2945836293.0,,,PHL-CHN_monthly
PHL,CHN,,,2024-08,export,849498989.0,,,PHL-CHN_monthly
PHL,CHN,,,2024-09,import,2986957864.0,,,PHL-CHN_monthly
PHL,CHN,,,2024-09,export,830460677.0,,,PHL-CHN_monthly
PHL,CHN,,,2024-10,import,3227641812.0,,,PHL-CHN_monthly
PHL,CHN,,,2024-10,export,854736606.0,,,PHL-CHN_monthly
PHL,CHN,,,2024-11,import,2963970452.0,,,PHL-CHN_monthly
PHL,CHN,,,2024-11,export,786482928.0,,,PHL-CHN_monthly
PHL,CHN,,,2024-12,import,2755885425.0,,,PHL-CHN_monthly
PHL,CHN,,,2024-12,export,725759710.0,,,PHL-CHN_monthly
PHL,CHN,,,2025-01,import,3480648238.0,,,PHL-CHN_monthly
PHL,CHN,,,2025-01,export,645675539.0,,,PHL-CHN_monthly
PHL,CHN,,,2025-02,import,2579225888.0,,,PHL-CHN_monthly
PHL,CHN,,,2025-02,export,646592092.0,,,PHL-CHN_monthly
PHL,CHN,,,2025-03,import,3247447120.0,,,PHL-CHN_monthly
PHL,CHN,,,2025-03,export,773444080.0,,,PHL-CHN_monthly
PHL,CHN,,,2025-04,import,3279969186.0,,,PHL-CHN_monthly
PHL,CHN,,,2025-04,export,702260598.0,,,PHL-CHN_monthly
PHL,CHN,,,2025-05,import,3294674285.0,,,PHL-CHN_monthly
PHL,CHN,,,2025-05,export,743996645.0,,,PHL-CHN_monthly
PHL,CHN,,,2025-06,import,3242873164.0,,,PHL-CHN_monthly
PHL,CHN,,,2025-06,export,733989924.0,,,PHL-CHN_monthly
IND,USA,,,2017-01,import,1735229943.0,,,IND-USA_monthly
IND,USA,,,2017-01,export,3370133301.0,,,IND-USA_monthly
IND,USA,,,2017-02,import,1702798283.0,,,IND-USA_monthly
IND,USA,,,2017-02,export,3298927587.0,,,IND-USA_monthly
IND,USA,,,2017-03,import,1951158809.0,,,IND-USA_monthly
IND,USA,,,2017-03,export,3987481484.0,,,IND-USA_monthly
IND,USA,,,2017-04,import,2085870992.0,,,IND-USA_monthly
IND,USA,,,2017-04,export,3662763577.0,,,IND-USA_monthly
IND,USA,,,2017-05,import,2085966521.0,,,IND-USA_monthly
IND,USA,,,2017-05,export,4099237230.0,,,IND-USA_monthly
IND,USA,,,2017-06,import,2007981971.0,,,IND-USA_monthly
IND,USA,,,2017-06,export,3764566235.0,,,IND-USA_monthly
IND,USA,,,2017-07,import,1996812337.0,,,IND-USA_monthly
IND,USA,,,2017-07,export,3736676402.0,,,IND-USA_monthly
IND,USA,,,2017-08,import,2061935362.0,,,IND-USA_monthly
IND,USA,,,2017-08,export,3769229352.0,,,IND-USA_monthly
IND,USA,,,2017-09,import,1846862414.0,,,IND-USA_monthly
IND,USA,,,2017-09,export,4503412302.0,,,IND-USA_monthly
IND,USA,,,2017-10,import,2512635820.0,,,IND-USA_monthly
IND,USA,,,2017-10,export,3573350674.0,,,IND-USA_monthly
IND,USA,,,2017-11,import,2346423625.0,,,IND-USA_monthly
IND,USA,,,2017-11,export,3979617479.0,,,IND-USA_monthly
IND,USA,,,2017-12,import,2506642634.0,,,IND-USA_monthly
IND,USA,,,2017-12,export,4180880626.0,,,IND-USA_monthly
IND,USA,,,2018-01,import,2242328201.0,,,IND-USA_monthly
IND,USA,,,2018-01,export,4081903063.0,,,IND-USA_monthly
IND,USA,,,2018-02,import,2331621797.0,,,IND-USA_monthly
IND,USA,,,2018-02,export,3942243833.0,,,IND-USA_monthly
IND,USA,,,2018-03,import,2585317478.0,,,IND-USA_monthly
IND,USA,,,2018-03,export,4575288112.0,,,IND-USA_monthly
IND,USA,,,2018-04,import,2507321793.0,,,IND-USA_monthly
IND,USA,,,2018-04,export,4122808738.0,,,IND-USA_monthly
IND,USA,,,2018-05,import,2916378287.0,,,IND-USA_monthly
IND,USA,,,2018-05,export,4575452996.0,,,IND-USA_monthly
IND,USA,,,2018-06,import,3183128125.0,,,IND-USA_monthly
IND,USA,,,2018-06,export,4093100082.0,,,IND-USA_monthly
IND,USA,,,2018-07,import,2972862389.0,,,IND-USA_monthly
IND,USA,,,2018-07,export,4303071738.0,,,IND-USA_monthly
IND,USA,,,2018-08,import,4016527341.0,,,IND-USA_monthly
IND,USA,,,2018-08,export,4663696487.0,,,IND-USA_monthly
IND,USA,,,2018-09,import,2783444123.0,,,IND-USA_monthly
IND,USA,,,2018-09,export,4484851908.0,,,IND-USA_monthly
IND,USA,,,2018-10,import,2855860684.0,,,IND-USA_monthly
IND,USA,,,2018-10,export,4575442553.0,,,IND-USA_monthly
IND,USA,,,2018-11,import,3111499879.0,,,IND-USA_monthly
IND,USA,,,2018-11,export,3819956710.0,,,IND-USA_monthly
IND,USA,,,2018-12,import,2733464775.0,,,IND-USA_monthly
IND,USA,,,2018-12,export,4350301364.0,,,IND-USA_monthly
IND,USA,,,2019-01,import,2726505728.0,,,IND-USA_monthly
IND,USA,,,2019-01,export,4464127048.0,,,IND-USA_monthly
IND,USA,,,2019-02,import,2757351078.0,,,IND-USA_monthly
IND,USA,,,2019-02,export,4183195425.0,,,IND-USA_monthly
IND,USA,,,2019-03,import,3079605651.0,,,IND-USA_monthly
IND,USA,,,2019-03,export,4933939682.0,,,IND-USA_monthly
IND,USA,,,2019-04,import,3346771846.0,,,IND-USA_monthly
IND,USA,,,2019-04,export,4107933430.0,,,IND-USA_monthly
IND,USA,,,2019-05,import,3986159654.0,,,IND-USA_monthly
IND,USA,,,2019-05,export,4936203053.0,,,IND-USA_monthly
IND,USA,,,2019-06,import,3403469497.0,,,IND-USA_monthly
IND,USA,,,2019-06,export,4277044409.0,,,IND-USA_monthly
IND,USA,,,2019-07,import,3060406460.0,,,IND-USA_monthly
IND,USA,,,2019-07,export,4442310782.0,,,IND-USA_monthly
IND,USA,,,2019-08,import,2964025731.0,,,IND-USA_monthly
IND,USA,,,2019-08,export,4521959010.0,,,IND-USA_monthly
IND,USA,,,2019-09,import,2809974132.0,,,IND-USA_monthly
IND,USA,,,2019-09,export,4413807035.0,,,IND-USA_monthly
IND,USA,,,2019-10,import,2749871822.0,,,IND-USA_monthly
IND,USA,,,2019-10,export,4640704912.0,,,IND-USA_monthly
IND,USA,,,2019-11,import,2781490859.0,,,IND-USA_monthly
IND,USA,,,2019-11,export,4319422398.0,,,IND-USA_monthly
IND,USA,,,2019-12,import,2592073489.0,,,IND-USA_monthly
IND,USA,,,2019-12,export,4667173793.0,,,IND-USA_monthly
IND,USA,,,2020-01,import,2846980818.0,,,IND-USA_monthly
IND,USA,,,2020-01,export,4444184216.0,,,IND-USA_monthly
IND,USA,,,2020-02,import,3038785935.0,,,IND-USA_monthly
IND,USA,,,2020-02,export,4689013312.0,,,IND-USA_monthly
IND,USA,,,2020-03,import,2058410928.0,,,IND-USA_monthly
IND,USA,,,2020-03,export,3717989202.0,,,IND-USA_monthly
IND,USA,,,2020-04,import,1414626366.0,,,IND-USA_monthly
IND,USA,,,2020-04,export,1477499359.0,,,IND-USA_monthly
IND,USA,,,2020-05,import,2007055388.0,,,IND-USA_monthly
IND,USA,,,2020-05,export,2858483216.0,,,IND-USA_monthly
IND,USA,,,2020-06,import,1824691070.0,,,IND-USA_monthly
IND,USA,,,2020-06,export,3789002951.0,,,IND-USA_monthly
IND,USA,,,2020-07,import,2136287447.0,,,IND-USA_monthly
IND,USA,,,2020-07,export,4405924757.0,,,IND-USA_monthly
IND,USA,,,2020-08,import,2381090223.0,,,IND-USA_monthly
IND,USA,,,2020-08,export,4250285315.0,,,IND-USA_monthly
IND,USA,,,2020-09,import,1847373345.0,,,IND-USA_monthly
IND,USA,,,2020-09,export,5156775704.0,,,IND-USA_monthly
IND,USA,,,2020-10,import,2130685637.0,,,IND-USA_monthly
IND,USA,,,2020-10,export,4852180518.0,,,IND-USA_monthly
IND,USA,,,2020-11,import,2395146322.0,,,IND-USA_monthly
IND,USA,,,2020-11,export,4554877386.0,,,IND-USA_monthly
IND,USA,,,2020-12,import,2484145206.0,,,IND-USA_monthly
IND,USA,,,2020-12,export,4890623331.0,,,IND-USA_monthly
IND,USA,,,2021-01,import,2942031863.0,,,IND-USA_monthly
IND,USA,,,2021-01,export,4958301063.0,,,IND-USA_monthly
IND,USA,,,2021-02,import,3219348143.0,,,IND-USA_monthly
IND,USA,,,2021-02,export,4796221583.0,,,IND-USA_monthly
IND,USA,,,2021-03,import,3905918135.0,,,IND-USA_monthly
IND,USA,,,2021-03,export,5654757027.0,,,IND-USA_monthly
IND,USA,,,2021-04,import,3179974422.0,,,IND-USA_monthly
IND,USA,,,2021-04,export,5421817736.0,,,IND-USA_monthly
IND,USA,,,2021-05,import,3148442265.0,,,IND-USA_monthly
IND,USA,,,2021-05,export,5396934242.0,,,IND-USA_monthly
IND,USA,,,2021-06,import,3477762564.0,,,IND-USA_monthly
IND,USA,,,2021-06,export,5707719012.0,,,IND-USA_monthly
IND,USA,,,2021-07,import,3308360738.0,,,IND-USA_monthly
IND,USA,,,2021-07,export,6773621908.0,,,IND-USA_monthly
IND,USA,,,2021-08,import,3303295290.0,,,IND-USA_monthly
IND,USA,,,2021-08,export,6470159905.0,,,IND-USA_monthly
IND,USA,,,2021-09,import,3858143905.0,,,IND-USA_monthly
IND,USA,,,2021-09,export,6325196116.0,,,IND-USA_monthly
IND,USA,,,2021-10,import,3790862023.0,,,IND-USA_monthly
IND,USA,,,2021-10,export,7234494301.0,,,IND-USA_monthly
IND,USA,,,2021-11,import,3247349457.0,,,IND-USA_monthly
IND,USA,,,2021-11,export,5658379386.0,,,IND-USA_monthly
IND,USA,,,2021-12,import,3988073503.0,,,IND-USA_monthly
IND,USA,,,2021-12,export,6815488197.0,,,IND-USA_monthly
IND,USA,,,2022-01,import,3102566412.0,,,IND-USA_monthly
IND,USA,,,2022-01,export,6491018322.0,,,IND-USA_monthly
IND,USA,,,2022-02,import,4461845651.0,,,IND-USA_monthly
IND,USA,,,2022-02,export,6165447560.0,,,IND-USA_monthly
IND,USA,,,2022-03,import,4773283762.0,,,IND-USA_monthly
IND,USA,,,2022-03,export,7672630691.0,,,IND-USA_monthly
IND,USA,,,2022-04,import,4298799711.0,,,IND-USA_monthly
IND,USA,,,2022-04,export,7126724391.0,,,IND-USA_monthly
IND,USA,,,2022-05,import,4413946303.0,,,IND-USA_monthly
IND,USA,,,2022-05,export,7202509616.0,,,IND-USA_monthly
IND,USA,,,2022-06,import,4770186203.0,,,IND-USA_monthly
IND,USA,,,2022-06,export,7344159248.0,,,IND-USA_monthly
IND,USA,,,2022-07,import,4345352732.0,,,IND-USA_monthly
IND,USA,,,2022-07,export,6790011391.0,,,IND-USA_monthly
IND,USA,,,2022-08,import,4738784742.0,,,IND-USA_monthly
IND,USA,,,2022-08,export,6716818755.0,,,IND-USA_monthly
IND,USA,,,2022-09,import,4051820657.0,,,IND-USA_monthly
IND,USA,,,2022-09,export,6339182388.0,,,IND-USA_monthly
IND,USA,,,2022-10,import,3746760821.0,,,IND-USA_monthly
IND,USA,,,2022-10,export,5698372809.0,,,IND-USA_monthly
IND,USA,,,2022-11,import,4354683563.0,,,IND-USA_monthly
IND,USA,,,2022-11,export,5928750969.0,,,IND-USA_monthly
IND,USA,,,2022-12,import,4939737832.0,,,IND-USA_monthly
IND,USA,,,2022-12,export,6542843442.0,,,IND-USA_monthly
IND,USA,,,2023-01,import,4070291557.0,,,IND-USA_monthly
IND,USA,,,2023-01,export,5859608162.0,,,IND-USA_monthly
IND,USA,,,2023-02,import,3326325636.0,,,IND-USA_monthly
IND,USA,,,2023-02,export,5875024578.0,,,IND-USA_monthly
IND,USA,,,2023-03,import,3618300278.0,,,IND-USA_monthly
IND,USA,,,2023-03,export,7154413384.0,,,IND-USA_monthly
IND,USA,,,2023-04,import,3138013435.0,,,IND-USA_monthly
IND,USA,,,2023-04,export,5895759850.0,,,IND-USA_monthly
IND,USA,,,2023-05,import,3743653225.0,,,IND-USA_monthly
IND,USA,,,2023-05,export,6578306280.0,,,IND-USA_monthly
IND,USA,,,2023-06,import,3821638300.0,,,IND-USA_monthly
IND,USA,,,2023-06,export,6339614296.0,,,IND-USA_monthly
IND,USA,,,2023-07,import,3534355164.0,,,IND-USA_monthly
IND,USA,,,2023-07,export,6363954697.0,,,IND-USA_monthly
IND,USA,,,2023-08,import,3918168414.0,,,IND-USA_monthly
IND,USA,,,2023-08,export,6995326685.0,,,IND-USA_monthly
IND,USA,,,2023-09,import,3293101869.0,,,IND-USA_monthly
IND,USA,,,2023-09,export,6080470372.0,,,IND-USA_monthly
IND,USA,,,2023-10,import,3492987013.0,,,IND-USA_monthly
IND,USA,,,2023-10,export,6223015701.0,,,IND-USA_monthly
IND,USA,,,2023-11,import,3646375504.0,,,IND-USA_monthly
IND,USA,,,2023-11,export,5869019543.0,,,IND-USA_monthly
IND,USA,,,2023-12,import,3202216283.0,,,IND-USA_monthly
IND,USA,,,2023-12,export,6484591515.0,,,IND-USA_monthly
IND,USA,,,2024-01,import,2348117308.0,,,IND-USA_monthly
IND,USA,,,2024-01,export,6072282974.0,,,IND-USA_monthly
IND,USA,,,2024-02,import,3136059106.0,,,IND-USA_monthly
IND,USA,,,2024-02,export,7167488148.0,,,IND-USA_monthly
IND,USA,,,2024-03,import,3138815322.0,,,IND-USA_monthly
IND,USA,,,2024-03,export,7514587036.0,,,IND-USA_monthly
IND,USA,,,2024-04,import,3207028491.0,,,IND-USA_monthly
IND,USA,,,2024-04,export,6613247277.0,,,IND-USA_monthly
IND,USA,,,2024-05,import,3775991516.0,,,IND-USA_monthly
IND,USA,,,2024-05,export,7552965990.0,,,IND-USA_monthly
IND,USA,,,2024-06,import,4224680215.0,,,IND-USA_monthly
IND,USA,,,2024-06,export,6717769942.0,,,IND-USA_monthly
IND,USA,,,2024-07,import,3712493396.0,,,IND-USA_monthly
IND,USA,,,2024-07,export,6559747425.0,,,IND-USA_monthly
IND,USA,,,2024-08,import,3824951936.0,,,IND-USA_monthly
IND,USA,,,2024-08,export,6554415265.0,,,IND-USA_monthly
IND,USA,,,2024-09,import,3251835143.0,,,IND-USA_monthly
IND,USA,,,2024-09,export,6376249999.0,,,IND-USA_monthly
IND,USA,,,2024-10,import,3736029192.0,,,IND-USA_monthly
IND,USA,,,2024-10,export,6913324986.0,,,IND-USA_monthly
IND,USA,,,2024-11,import,3748770597.0,,,IND-USA_monthly
IND,USA,,,2024-11,export,5706570834.0,,,IND-USA_monthly
IND,USA,,,2024-12,import,3683585295.0,,,IND-USA_monthly
IND,USA,,,2024-12,export,7022902761.0,,,IND-USA_monthly
IND,USA,,,2025-01,import,3575190029.0,,,IND-USA_monthly
IND,USA,,,2025-01,export,8442037357.0,,,IND-USA_monthly
IND,USA,,,2025-02,import,3050583331.0,,,IND-USA_monthly
IND,USA,,,2025-02,export,7908038186.0,,,IND-USA_monthly
IND,USA,,,2025-03,import,3704400171.0,,,IND-USA_monthly
IND,USA,,,2025-03,export,10149070228.0,,,IND-USA_monthly
IND,USA,,,2025-04,import,5241885162.0,,,IND-USA_monthly
IND,USA,,,2025-04,export,8419073816.0,,,IND-USA_monthly
IND,USA,,,2025-05,import,3627863230.0,,,IND-USA_monthly
IND,USA,,,2025-05,export,8832793721.0,,,IND-USA_monthly
IND,USA,,,2025-06,import,3991775870.0,,,IND-USA_monthly
IND,USA,,,2025-06,export,8297511512.0,,,IND-USA_monthly
IND,USA,106,Other Animals,2023,export,,,,IND->USA_2023
IND,USA,206,Edible Offal,2023,export,,,,IND->USA_2023
IND,USA,210,Preserved Meat,2023,export,,,,IND->USA_2023
IND,USA,301,Live Fish,2023,export,,,,IND->USA_2023
IND,USA,302,Non-fillet Fresh Fish,2023,export,,,,IND->USA_2023
IND,USA,303,Non-fillet Frozen Fish,2023,export,,,,IND->USA_2023
IND,USA,304,Fish Fillets,2023,export,,,,IND->USA_2023
IND,USA,305,Dried/Salted/Smoked/Brined Fish,2023,export,,,,IND->USA_2023
IND,USA,306,Crustaceans,2023,export,,,,IND->USA_2023
IND,USA,307,Molluscs,2023,export,,,,IND->USA_2023
IND,USA,402,Concentrated Milk,2023,export,,,,IND->USA_2023
IND,USA,403,Fermented Milk Products,2023,export,,,,IND->USA_2023
IND,USA,404,Whey and other milk products,2023,export,,,,IND->USA_2023
IND,USA,405,Butter,2023,export,,,,IND->USA_2023
IND,USA,406,Cheese,2023,export,,,,IND->USA_2023
IND,USA,409,Honey,2023,export,,,,IND->USA_2023
IND,USA,410,Other Edible Animal Products,2023,export,,,,IND->USA_2023
IND,USA,501,Human Hair,2023,export,,,,IND->USA_2023
IND,USA,502,Pig Hair,2023,export,,,,IND->USA_2023
IND,USA,505,Bird Feathers and Skins,2023,export,,,,IND->USA_2023
IND,USA,506,Processed Bones,2023,export,,,,IND->USA_2023
IND,USA,507,Raw Bones,2023,export,,,,IND->USA_2023
IND,USA,508,Coral and Shells,2023,export,,,,IND->USA_2023
IND,USA,511,Other Inedible Animal Products,2023,export,,,,IND->USA_2023
IND,USA,601,Bulbs and Roots,2023,export,,,,IND->USA_2023
IND,USA,602,"Other live plants, cuttings and slips;
mushroom spawn",2023,export,,,,IND->USA_2023
IND,USA,603,Cut Flowers,2023,export,,,,IND->USA_2023
IND,USA,604,Plant foliage,2023,export,,,,IND->USA_2023
IND,USA,703,Onions,2023,export,,,,IND->USA_2023
IND,USA,704,Cabbages,2023,export,,,,IND->USA_2023
IND,USA,706,Root Vegetables,2023,export,,,,IND->USA_2023
IND,USA,708,Legumes,2023,export,,,,IND->USA_2023
IND,USA,709,Other Vegetables,2023,export,,,,IND->USA_2023
IND,USA,710,Frozen Vegetables,2023,export,,,,IND->USA_2023
IND,USA,711,Preserved Vegetables,2023,export,,,,IND->USA_2023
IND,USA,712,Dried Vegetables,2023,export,,,,IND->USA_2023
IND,USA,713,Dried Legumes,2023,export,,,,IND->USA_2023
IND,USA,714,Cassava,2023,export,,,,IND->USA_2023
IND,USA,801,"Coconuts, Brazil Nuts, and Cashews",2023,export,,,,IND->USA_2023
IND,USA,802,Other Nuts,2023,export,,,,IND->USA_2023
IND,USA,803,Bananas,2023,export,,,,IND->USA_2023
IND,USA,804,Tropical Fruits,2023,export,,,,IND->USA_2023
IND,USA,805,Citrus,2023,export,,,,IND->USA_2023
IND,USA,806,Grapes,2023,export,,,,IND->USA_2023
IND,USA,809,Pitted Fruits,2023,export,,,,IND->USA_2023
IND,USA,810,Other Fruits,2023,export,,,,IND->USA_2023
IND,USA,811,Frozen Fruits and Nuts,2023,export,,,,IND->USA_2023
IND,USA,812,Preserved Fruits and Nuts,2023,export,,,,IND->USA_2023
IND,USA,813,Dried Fruits,2023,export,,,,IND->USA_2023
IND,USA,814,Citrus and Melon Peels,2023,export,,,,IND->USA_2023
IND,USA,901,Coffee,2023,export,,,,IND->USA_2023
IND,USA,902,Tea,2023,export,,,,IND->USA_2023
IND,USA,903,Mate,2023,export,,,,IND->USA_2023
IND,USA,904,Pepper,2023,export,,,,IND->USA_2023
IND,USA,905,Vanilla,2023,export,,,,IND->USA_2023
IND,USA,906,Cinnamon,2023,export,,,,IND->USA_2023
IND,USA,907,Cloves,2023,export,,,,IND->USA_2023
IND,USA,908,"Nutmeg, mace and cardamons",2023,export,,,,IND->USA_2023
IND,USA,909,Spice Seeds,2023,export,,,,IND->USA_2023
IND,USA,910,Spices,2023,export,,,,IND->USA_2023
IND,USA,1001,Wheat,2023,export,,,,IND->USA_2023
IND,USA,1002,Rye,2023,export,,,,IND->USA_2023
IND,USA,1003,Barley,2023,export,,,,IND->USA_2023
IND,USA,1004,Oats,2023,export,,,,IND->USA_2023
IND,USA,1005,Corn,2023,export,,,,IND->USA_2023
IND,USA,1006,Rice,2023,export,,,,IND->USA_2023
IND,USA,1007,Sorghum,2023,export,,,,IND->USA_2023
IND,USA,1008,Buckwheat,2023,export,,,,IND->USA_2023
IND,USA,1101,Wheat Flours,2023,export,,,,IND->USA_2023
IND,USA,1102,Cereal Flours,2023,export,,,,IND->USA_2023
IND,USA,1103,Cereal Meal and Pellets,2023,export,,,,IND->USA_2023
IND,USA,1104,Processed Cereals,2023,export,,,,IND->USA_2023
IND,USA,1105,Potato Flours,2023,export,,,,IND->USA_2023
IND,USA,1106,Legume Flours,2023,export,,,,IND->USA_2023
IND,USA,1108,Starches,2023,export,,,,IND->USA_2023
IND,USA,1109,Wheat Gluten,2023,export,,,,IND->USA_2023
IND,USA,1201,Soybeans,2023,export,,,,IND->USA_2023
IND,USA,1202,Ground Nuts,2023,export,,,,IND->USA_2023
IND,USA,1203,Copra,2023,export,,,,IND->USA_2023
IND,USA,1204,Linseed,2023,export,,,,IND->USA_2023
IND,USA,1206,Sunflower Seeds,2023,export,,,,IND->USA_2023
IND,USA,1207,Other Oily Seeds,2023,export,,,,IND->USA_2023
IND,USA,1208,Oil Seed Flower,2023,export,,,,IND->USA_2023
IND,USA,1209,Sowing Seeds,2023,export,,,,IND->USA_2023
IND,USA,1211,Perfume Plants,2023,export,,,,IND->USA_2023
IND,USA,1212,"Locust beans, seaweed, sugar beet, cane, for food",2023,export,,,,IND->USA_2023
IND,USA,1213,Cereal Straws,2023,export,,,,IND->USA_2023
IND,USA,1214,Forage Crops,2023,export,,,,IND->USA_2023
IND,USA,1301,Insect Resins,2023,export,,,,IND->USA_2023
IND,USA,1302,Vegetable Saps,2023,export,,,,IND->USA_2023
IND,USA,1401,Vegetable Plaiting Materials,2023,export,,,,IND->USA_2023
IND,USA,1404,Other Vegetable Products,2023,export,,,,IND->USA_2023
IND,USA,1502,"Bovine, Sheep, and Goat Fat",2023,export,,,,IND->USA_2023
IND,USA,1504,Fish Oil,2023,export,,,,IND->USA_2023
IND,USA,1505,Wool Grease,2023,export,,,,IND->USA_2023
IND,USA,1506,Other Animal Fats,2023,export,,,,IND->USA_2023
IND,USA,1507,Soybean Oil,2023,export,,,,IND->USA_2023
IND,USA,1508,Ground Nut Oil,2023,export,,,,IND->USA_2023
IND,USA,1509,Pure Olive Oil,2023,export,,,,IND->USA_2023
IND,USA,1510,Olive Oil,2023,export,,,,IND->USA_2023
IND,USA,1511,Palm Oil,2023,export,,,,IND->USA_2023
IND,USA,1512,Seed Oils,2023,export,,,,IND->USA_2023
IND,USA,1513,Coconut Oil,2023,export,,,,IND->USA_2023
IND,USA,1514,Rapeseed Oil,2023,export,,,,IND->USA_2023
IND,USA,1515,Other Pure Vegetable Oils,2023,export,,,,IND->USA_2023
IND,USA,1516,Other Vegetable Oils,2023,export,,,,IND->USA_2023
IND,USA,1517,Margarine,2023,export,,,,IND->USA_2023
IND,USA,1518,Inedible Fats and Oils,2023,export,,,,IND->USA_2023
IND,USA,1519,Stearic Acid,2023,export,,,,IND->USA_2023
IND,USA,1520,Glycerol,2023,export,,,,IND->USA_2023
IND,USA,1521,Vegetable waxes and beeswax,2023,export,,,,IND->USA_2023
IND,USA,1601,Sausages,2023,export,,,,IND->USA_2023
IND,USA,1603,Animal Extracts,2023,export,,,,IND->USA_2023
IND,USA,1604,Processed Fish,2023,export,,,,IND->USA_2023
IND,USA,1605,Processed Crustaceans,2023,export,,,,IND->USA_2023
IND,USA,1701,Raw Sugar,2023,export,,,,IND->USA_2023
IND,USA,1702,Other Sugars,2023,export,,,,IND->USA_2023
IND,USA,1703,Molasses,2023,export,,,,IND->USA_2023
IND,USA,1704,Confectionery Sugar,2023,export,,,,IND->USA_2023
IND,USA,1801,Cocoa Beans,2023,export,,,,IND->USA_2023
IND,USA,1802,Cocoa Shells,2023,export,,,,IND->USA_2023
IND,USA,1804,Cocoa Butter,2023,export,,,,IND->USA_2023
IND,USA,1805,Cocoa Powder,2023,export,,,,IND->USA_2023
IND,USA,1806,Chocolate,2023,export,,,,IND->USA_2023
IND,USA,1901,Malt Extract,2023,export,,,,IND->USA_2023
IND,USA,1902,Pasta,2023,export,,,,IND->USA_2023
IND,USA,1903,Tapioca,2023,export,,,,IND->USA_2023
IND,USA,1904,Prepared Cereals,2023,export,,,,IND->USA_2023
IND,USA,1905,Baked Goods,2023,export,,,,IND->USA_2023
IND,USA,2001,Pickled Foods,2023,export,,,,IND->USA_2023
IND,USA,2002,Processed Tomatoes,2023,export,,,,IND->USA_2023
IND,USA,2003,Processed Mushrooms,2023,export,,,,IND->USA_2023
IND,USA,2004,Other Frozen Vegetables,2023,export,,,,IND->USA_2023
IND,USA,2005,Other Processed Vegetables,2023,export,,,,IND->USA_2023
IND,USA,2006,Sugar Preserved Foods,2023,export,,,,IND->USA_2023
IND,USA,2007,Jams,2023,export,,,,IND->USA_2023
IND,USA,2008,Other Processed Fruits and Nuts,2023,export,,,,IND->USA_2023
IND,USA,2009,Fruit Juice,2023,export,,,,IND->USA_2023
IND,USA,2101,Coffee and Tea Extracts,2023,export,,,,IND->USA_2023
IND,USA,2102,Yeast,2023,export,,,,IND->USA_2023
IND,USA,2103,Sauces and Seasonings,2023,export,,,,IND->USA_2023
IND,USA,2104,Soups and Broths,2023,export,,,,IND->USA_2023
IND,USA,2105,Ice Cream,2023,export,,,,IND->USA_2023
IND,USA,2106,Other Edible Preparations,2023,export,,,,IND->USA_2023
IND,USA,2201,Water,2023,export,,,,IND->USA_2023
IND,USA,2202,Flavored Water,2023,export,,,,IND->USA_2023
IND,USA,2203,Beer,2023,export,,,,IND->USA_2023
IND,USA,2204,Wine,2023,export,,,,IND->USA_2023
IND,USA,2205,Vermouth,2023,export,,,,IND->USA_2023
IND,USA,2206,Other Fermented Beverages,2023,export,,,,IND->USA_2023
IND,USA,2207,Alcohol > 80% ABV,2023,export,,,,IND->USA_2023
IND,USA,2208,Hard Liquor,2023,export,,,,IND->USA_2023
IND,USA,2209,Vinegar,2023,export,,,,IND->USA_2023
IND,USA,2301,Animal Meal and Pellets,2023,export,,,,IND->USA_2023
IND,USA,2302,Bran,2023,export,,,,IND->USA_2023
IND,USA,2303,Starch Residue,2023,export,,,,IND->USA_2023
IND,USA,2304,Soybean Meal,2023,export,,,,IND->USA_2023
IND,USA,2306,Other Vegetable Residues,2023,export,,,,IND->USA_2023
IND,USA,2308,Other Vegetable Residues and Waste,2023,export,,,,IND->USA_2023
IND,USA,2309,Animal Food,2023,export,,,,IND->USA_2023
IND,USA,2401,Raw Tobacco,2023,export,,,,IND->USA_2023
IND,USA,2402,Rolled Tobacco,2023,export,,,,IND->USA_2023
IND,USA,2403,Processed Tobacco,2023,export,,,,IND->USA_2023
IND,USA,2501,Salt,2023,export,,,,IND->USA_2023
IND,USA,2502,Iron Pyrites,2023,export,,,,IND->USA_2023
IND,USA,2503,Sulphur,2023,export,,,,IND->USA_2023
IND,USA,2504,Graphite,2023,export,,,,IND->USA_2023
IND,USA,2505,Sand,2023,export,,,,IND->USA_2023
IND,USA,2506,Quartz,2023,export,,,,IND->USA_2023
IND,USA,2507,Kaolin,2023,export,,,,IND->USA_2023
IND,USA,2508,Clays,2023,export,,,,IND->USA_2023
IND,USA,2509,Chalk,2023,export,,,,IND->USA_2023
IND,USA,2511,Barium Sulphate,2023,export,,,,IND->USA_2023
IND,USA,2512,Siliceous Fossil Meals,2023,export,,,,IND->USA_2023
IND,USA,2513,Pumice,2023,export,,,,IND->USA_2023
IND,USA,2514,Slate,2023,export,,,,IND->USA_2023
IND,USA,2515,"Marble, Travertine and Alabaster",2023,export,,,,IND->USA_2023
IND,USA,2516,Granite,2023,export,,,,IND->USA_2023
IND,USA,2517,Gravel and Crushed Stone,2023,export,,,,IND->USA_2023
IND,USA,2518,Dolomite,2023,export,,,,IND->USA_2023
IND,USA,2519,Magnesium Carbonate,2023,export,,,,IND->USA_2023
IND,USA,2520,Gypsum,2023,export,,,,IND->USA_2023
IND,USA,2521,Limestone,2023,export,,,,IND->USA_2023
IND,USA,2522,Quicklime,2023,export,,,,IND->USA_2023
IND,USA,2523,Cement,2023,export,,,,IND->USA_2023
IND,USA,2525,Mica,2023,export,,,,IND->USA_2023
IND,USA,2526,Soapstone,2023,export,,,,IND->USA_2023
IND,USA,2528,Borax,2023,export,,,,IND->USA_2023
IND,USA,2529,Feldspar,2023,export,,,,IND->USA_2023
IND,USA,2530,Other Mineral,2023,export,,,,IND->USA_2023
IND,USA,2601,Iron Ore,2023,export,,,,IND->USA_2023
IND,USA,2602,Manganese Ore,2023,export,,,,IND->USA_2023
IND,USA,2606,Aluminium Ore,2023,export,,,,IND->USA_2023
IND,USA,2612,Uranium and Thorium Ore,2023,export,,,,IND->USA_2023
IND,USA,2613,Molybdenum Ore,2023,export,,,,IND->USA_2023
IND,USA,2614,Titanium Ore,2023,export,,,,IND->USA_2023
IND,USA,2615,"Niobium, Tantalum, Vanadium and Zirconium Ore",2023,export,,,,IND->USA_2023
IND,USA,2617,Other Ores,2023,export,,,,IND->USA_2023
IND,USA,2619,Slag Dross,2023,export,,,,IND->USA_2023
IND,USA,2620,"Non-Iron and Steel Slag, Ash and Residues",2023,export,,,,IND->USA_2023
IND,USA,2621,Other Slag and Ash,2023,export,,,,IND->USA_2023
IND,USA,2702,Lignite,2023,export,,,,IND->USA_2023
IND,USA,2704,Coke,2023,export,,,,IND->USA_2023
IND,USA,2706,Tar,2023,export,,,,IND->USA_2023
IND,USA,2707,Coal Tar Oil,2023,export,,,,IND->USA_2023
IND,USA,2708,Pitch Coke,2023,export,,,,IND->USA_2023
IND,USA,2709,Crude Petroleum,2023,export,,,,IND->USA_2023
IND,USA,2710,Refined Petroleum,2023,export,,,,IND->USA_2023
IND,USA,2712,Petroleum Jelly,2023,export,,,,IND->USA_2023
IND,USA,2713,Petroleum Coke,2023,export,,,,IND->USA_2023
IND,USA,2714,Bitumen and asphalt,2023,export,,,,IND->USA_2023
IND,USA,2715,Asphalt Mixtures,2023,export,,,,IND->USA_2023
IND,USA,2801,Halogens,2023,export,,,,IND->USA_2023
IND,USA,2802,Sulfur,2023,export,,,,IND->USA_2023
IND,USA,2803,Carbon,2023,export,,,,IND->USA_2023
IND,USA,2804,Hydrogen,2023,export,,,,IND->USA_2023
IND,USA,2805,"Alkali, alkaline-earth, rare-earth metals, scandium, yttrium, and mercury",2023,export,,,,IND->USA_2023
IND,USA,2806,Hydrochloric Acid,2023,export,,,,IND->USA_2023
IND,USA,2807,Sulfuric Acid,2023,export,,,,IND->USA_2023
IND,USA,2808,Nitric Acids,2023,export,,,,IND->USA_2023
IND,USA,2809,Phosphoric Acid,2023,export,,,,IND->USA_2023
IND,USA,2810,Boron,2023,export,,,,IND->USA_2023
IND,USA,2811,Other Inorganic Acids,2023,export,,,,IND->USA_2023
IND,USA,2812,Halides,2023,export,,,,IND->USA_2023
IND,USA,2813,Nonmetal Sulfides,2023,export,,,,IND->USA_2023
IND,USA,2814,Ammonia,2023,export,,,,IND->USA_2023
IND,USA,2815,Sodium or Potassium Peroxides,2023,export,,,,IND->USA_2023
IND,USA,2816,Magnesium Hydroxide and Peroxide,2023,export,,,,IND->USA_2023
IND,USA,2817,Zinc Oxide and Peroxide,2023,export,,,,IND->USA_2023
IND,USA,2818,Aluminium Oxide,2023,export,,,,IND->USA_2023
IND,USA,2819,Chromium Oxides and Hydroxides,2023,export,,,,IND->USA_2023
IND,USA,2820,Manganese Oxides,2023,export,,,,IND->USA_2023
IND,USA,2821,Iron Oxides and Hydroxides,2023,export,,,,IND->USA_2023
IND,USA,2823,Titanium Oxides,2023,export,,,,IND->USA_2023
IND,USA,2824,Lead Oxides,2023,export,,,,IND->USA_2023
IND,USA,2825,Inorganic Salts,2023,export,,,,IND->USA_2023
IND,USA,2826,Fluorides,2023,export,,,,IND->USA_2023
IND,USA,2827,Chlorides,2023,export,,,,IND->USA_2023
IND,USA,2828,Hypochlorites,2023,export,,,,IND->USA_2023
IND,USA,2829,Chlorates and Perchlorates,2023,export,,,,IND->USA_2023
IND,USA,2830,Sulfides,2023,export,,,,IND->USA_2023
IND,USA,2831,Dithionites and Sulfoxylates,2023,export,,,,IND->USA_2023
IND,USA,2832,Sulfites,2023,export,,,,IND->USA_2023
IND,USA,2833,Sulfates,2023,export,,,,IND->USA_2023
IND,USA,2834,Nitrites and Nitrates,2023,export,,,,IND->USA_2023
IND,USA,2835,Phosphinates (hypophosphites) and phosphonates (phosphites),2023,export,,,,IND->USA_2023
IND,USA,2836,Carbonates,2023,export,,,,IND->USA_2023
IND,USA,2837,Cyanides,2023,export,,,,IND->USA_2023
IND,USA,2839,Silicates,2023,export,,,,IND->USA_2023
IND,USA,2840,Borates,2023,export,,,,IND->USA_2023
IND,USA,2841,Oxometallic or Peroxometallic Acid Salts,2023,export,,,,IND->USA_2023
IND,USA,2842,Other Inorganic Acids Salts,2023,export,,,,IND->USA_2023
IND,USA,2843,Precious Metal Compounds,2023,export,,,,IND->USA_2023
IND,USA,2844,Radioactive Chemicals,2023,export,,,,IND->USA_2023
IND,USA,2845,Other Isotopes,2023,export,,,,IND->USA_2023
IND,USA,2846,Rare-Earth Metal Compounds,2023,export,,,,IND->USA_2023
IND,USA,2847,Hydrogen peroxide,2023,export,,,,IND->USA_2023
IND,USA,2849,Carbides,2023,export,,,,IND->USA_2023
IND,USA,2850,Hydrides and other anions,2023,export,,,,IND->USA_2023
IND,USA,2851,Inorganic Compounds,2023,export,,,,IND->USA_2023
IND,USA,2901,Acyclic Hydrocarbons,2023,export,,,,IND->USA_2023
IND,USA,2902,Cyclic Hydrocarbons,2023,export,,,,IND->USA_2023
IND,USA,2903,Halogenated Hydrocarbons,2023,export,,,,IND->USA_2023
IND,USA,2904,"Sulfonated, Nitrated or Nitrosated Hydrocarbons",2023,export,,,,IND->USA_2023
IND,USA,2905,"Acyclic alcohol derivatives (halogenated, sulphonated, nitrated)",2023,export,,,,IND->USA_2023
IND,USA,2906,Cyclic Alcohols,2023,export,,,,IND->USA_2023
IND,USA,2907,Phenols,2023,export,,,,IND->USA_2023
IND,USA,2908,Phenol Derivatives,2023,export,,,,IND->USA_2023
IND,USA,2909,Ethers,2023,export,,,,IND->USA_2023
IND,USA,2910,Epoxides,2023,export,,,,IND->USA_2023
IND,USA,2911,Acetals and Hemiacetals,2023,export,,,,IND->USA_2023
IND,USA,2912,"Aldehydes, cyclic polymers, and paraformaldehyde",2023,export,,,,IND->USA_2023
IND,USA,2913,Halogenated aldehyde derivatives (heading 2912),2023,export,,,,IND->USA_2023
IND,USA,2914,Ketones and Quinones,2023,export,,,,IND->USA_2023
IND,USA,2915,Saturated Acyclic Monocarboxylic Acids,2023,export,,,,IND->USA_2023
IND,USA,2916,Unsaturated Acyclic Monocarboxylic Acids,2023,export,,,,IND->USA_2023
IND,USA,2917,Polycarboxylic Acids,2023,export,,,,IND->USA_2023
IND,USA,2918,Carboxylic Acids,2023,export,,,,IND->USA_2023
IND,USA,2919,Phosphoric Esters and Salts,2023,export,,,,IND->USA_2023
IND,USA,2920,Other Esters,2023,export,,,,IND->USA_2023
IND,USA,2921,Amine Compounds,2023,export,,,,IND->USA_2023
IND,USA,2922,Oxygen Amino Compounds,2023,export,,,,IND->USA_2023
IND,USA,2923,Quaternary Ammonium Salts and Hydroxides,2023,export,,,,IND->USA_2023
IND,USA,2924,Carboxyamide Compounds,2023,export,,,,IND->USA_2023
IND,USA,2925,Carboxyimide Compounds,2023,export,,,,IND->USA_2023
IND,USA,2926,Nitrile Compounds,2023,export,,,,IND->USA_2023
IND,USA,2927,"Diazo, Azo or Aoxy Compounds",2023,export,,,,IND->USA_2023
IND,USA,2928,Hydrazine or Hydroxylamine Derivatives,2023,export,,,,IND->USA_2023
IND,USA,2929,Other Nitrogen Compounds,2023,export,,,,IND->USA_2023
IND,USA,2930,Organo-Sulfur Compounds,2023,export,,,,IND->USA_2023
IND,USA,2931,Other Organo-Inorganic Compounds,2023,export,,,,IND->USA_2023
IND,USA,2932,Oxygen Heterocyclic Compounds,2023,export,,,,IND->USA_2023
IND,USA,2933,Nitrogen Heterocyclic Compounds,2023,export,,,,IND->USA_2023
IND,USA,2934,Nucleic Acids,2023,export,,,,IND->USA_2023
IND,USA,2935,Sulfonamides,2023,export,,,,IND->USA_2023
IND,USA,2936,Vitamins,2023,export,,,,IND->USA_2023
IND,USA,2937,Hormones,2023,export,,,,IND->USA_2023
IND,USA,2938,Glycosides,2023,export,,,,IND->USA_2023
IND,USA,2939,Vegetable Alkaloids,2023,export,,,,IND->USA_2023
IND,USA,2940,Chemically Pure Sugars,2023,export,,,,IND->USA_2023
IND,USA,2941,Antibiotics,2023,export,,,,IND->USA_2023
IND,USA,2942,Other Organic Compounds,2023,export,,,,IND->USA_2023
IND,USA,3001,Glands and Other Organs,2023,export,,,,IND->USA_2023
IND,USA,3002,"Vaccines, blood, antisera, toxins and cultures",2023,export,,,,IND->USA_2023
IND,USA,3003,Unpackaged Medicaments,2023,export,,,,IND->USA_2023
IND,USA,3004,Packaged Medicaments,2023,export,,,,IND->USA_2023
IND,USA,3005,Bandages,2023,export,,,,IND->USA_2023
IND,USA,3006,Special Pharmaceuticals,2023,export,,,,IND->USA_2023
IND,USA,3101,Animal or Vegetable Fertilizers,2023,export,,,,IND->USA_2023
IND,USA,3102,Nitrogenous Fertilizers,2023,export,,,,IND->USA_2023
IND,USA,3104,Potassic Fertilizers,2023,export,,,,IND->USA_2023
IND,USA,3105,Mixed Mineral or Chemical Fertilizers,2023,export,,,,IND->USA_2023
IND,USA,3201,Vegetable Tanning Extracts,2023,export,,,,IND->USA_2023
IND,USA,3202,Synthetic Tanning Extracts,2023,export,,,,IND->USA_2023
IND,USA,3203,Vegetable or Animal Dyes,2023,export,,,,IND->USA_2023
IND,USA,3204,Synthetic Coloring Matter,2023,export,,,,IND->USA_2023
IND,USA,3205,Lake Pigments,2023,export,,,,IND->USA_2023
IND,USA,3206,Other Coloring Matter,2023,export,,,,IND->USA_2023
IND,USA,3207,Prepared Pigments,2023,export,,,,IND->USA_2023
IND,USA,3208,Nonaqueous Paints,2023,export,,,,IND->USA_2023
IND,USA,3209,Aqueous Paints,2023,export,,,,IND->USA_2023
IND,USA,3210,Other Paints,2023,export,,,,IND->USA_2023
IND,USA,3211,Prepared Paint Driers,2023,export,,,,IND->USA_2023
IND,USA,3212,Nonaqueous Pigments,2023,export,,,,IND->USA_2023
IND,USA,3213,Artistry Paints,2023,export,,,,IND->USA_2023
IND,USA,3214,Glaziers Putty,2023,export,,,,IND->USA_2023
IND,USA,3215,Ink,2023,export,,,,IND->USA_2023
IND,USA,3301,Essential Oils,2023,export,,,,IND->USA_2023
IND,USA,3302,Scented Mixtures,2023,export,,,,IND->USA_2023
IND,USA,3303,Perfumes,2023,export,,,,IND->USA_2023
IND,USA,3304,Beauty Products,2023,export,,,,IND->USA_2023
IND,USA,3305,Hair Products,2023,export,,,,IND->USA_2023
IND,USA,3306,Dental Products,2023,export,,,,IND->USA_2023
IND,USA,3307,Shaving Products,2023,export,,,,IND->USA_2023
IND,USA,3401,Soap,2023,export,,,,IND->USA_2023
IND,USA,3402,Cleaning Products,2023,export,,,,IND->USA_2023
IND,USA,3403,Lubricating Products,2023,export,,,,IND->USA_2023
IND,USA,3404,Waxes,2023,export,,,,IND->USA_2023
IND,USA,3405,Polishes and Creams,2023,export,,,,IND->USA_2023
IND,USA,3406,Candles,2023,export,,,,IND->USA_2023
IND,USA,3407,Pastes and Waxes,2023,export,,,,IND->USA_2023
IND,USA,3501,Casein,2023,export,,,,IND->USA_2023
IND,USA,3502,Water Soluble Proteins,2023,export,,,,IND->USA_2023
IND,USA,3503,Gelatin,2023,export,,,,IND->USA_2023
IND,USA,3504,Peptones,2023,export,,,,IND->USA_2023
IND,USA,3505,Dextrins,2023,export,,,,IND->USA_2023
IND,USA,3506,Glues,2023,export,,,,IND->USA_2023
IND,USA,3507,Enzymes,2023,export,,,,IND->USA_2023
IND,USA,3603,Detonating Fuses,2023,export,,,,IND->USA_2023
IND,USA,3604,Fireworks,2023,export,,,,IND->USA_2023
IND,USA,3605,Matches,2023,export,,,,IND->USA_2023
IND,USA,3606,Pyrophoric Alloys,2023,export,,,,IND->USA_2023
IND,USA,3701,Photographic Plates,2023,export,,,,IND->USA_2023
IND,USA,3702,Photographic Film,2023,export,,,,IND->USA_2023
IND,USA,3703,Photographic Paper,2023,export,,,,IND->USA_2023
IND,USA,3706,"Motion-picture film, exposed and developed",2023,export,,,,IND->USA_2023
IND,USA,3707,Photographic Chemicals,2023,export,,,,IND->USA_2023
IND,USA,3801,Artificial Graphite,2023,export,,,,IND->USA_2023
IND,USA,3802,Activated Carbon,2023,export,,,,IND->USA_2023
IND,USA,3804,Wood Pulp Lyes,2023,export,,,,IND->USA_2023
IND,USA,3805,Turpentine,2023,export,,,,IND->USA_2023
IND,USA,3806,Rosin,2023,export,,,,IND->USA_2023
IND,USA,3807,"Wood Tar, Oils and Pitch",2023,export,,,,IND->USA_2023
IND,USA,3808,Pesticides,2023,export,,,,IND->USA_2023
IND,USA,3809,Dyeing Finishing Agents,2023,export,,,,IND->USA_2023
IND,USA,3810,Metal Pickling Preparations,2023,export,,,,IND->USA_2023
IND,USA,3811,Antiknock,2023,export,,,,IND->USA_2023
IND,USA,3812,Prepared Rubber Accelerators,2023,export,,,,IND->USA_2023
IND,USA,3813,Fire Extinguishers Preparations,2023,export,,,,IND->USA_2023
IND,USA,3814,Organic Composite Solvents,2023,export,,,,IND->USA_2023
IND,USA,3815,Reaction and Catalytic Products,2023,export,,,,IND->USA_2023
IND,USA,3816,Refractory Cements,2023,export,,,,IND->USA_2023
IND,USA,3818,Disc Chemicals for Electronics,2023,export,,,,IND->USA_2023
IND,USA,3819,Hydraulic Brake Fluid,2023,export,,,,IND->USA_2023
IND,USA,3821,Micro-Organism Culture Preparations,2023,export,,,,IND->USA_2023
IND,USA,3823,"Industrial Fatty Acids, Oils and Alcohols",2023,export,,,,IND->USA_2023
IND,USA,3901,Ethylene Polymers,2023,export,,,,IND->USA_2023
IND,USA,3902,Propylene Polymers,2023,export,,,,IND->USA_2023
IND,USA,3903,Styrene Polymers,2023,export,,,,IND->USA_2023
IND,USA,3904,Vinyl Chloride Polymers,2023,export,,,,IND->USA_2023
IND,USA,3905,Other Vinyl Polymers,2023,export,,,,IND->USA_2023
IND,USA,3906,Acrylic Polymers,2023,export,,,,IND->USA_2023
IND,USA,3907,Polyacetals,2023,export,,,,IND->USA_2023
IND,USA,3908,Polyamides,2023,export,,,,IND->USA_2023
IND,USA,3909,Amino-resins,2023,export,,,,IND->USA_2023
IND,USA,3910,Silicone,2023,export,,,,IND->USA_2023
IND,USA,3911,Petroleum Resins,2023,export,,,,IND->USA_2023
IND,USA,3912,Cellulose,2023,export,,,,IND->USA_2023
IND,USA,3913,Natural Polymers,2023,export,,,,IND->USA_2023
IND,USA,3914,Polymer Ion-Exchangers,2023,export,,,,IND->USA_2023
IND,USA,3915,Scrap Plastic,2023,export,,,,IND->USA_2023
IND,USA,3916,Monofilament,2023,export,,,,IND->USA_2023
IND,USA,3917,Plastic Pipes,2023,export,,,,IND->USA_2023
IND,USA,3918,Plastic Floor Coverings,2023,export,,,,IND->USA_2023
IND,USA,3919,Self-adhesive Plastics,2023,export,,,,IND->USA_2023
IND,USA,3920,Raw Plastic Sheeting,2023,export,,,,IND->USA_2023
IND,USA,3921,Other Plastic Sheetings,2023,export,,,,IND->USA_2023
IND,USA,3922,Plastic Wash Basins,2023,export,,,,IND->USA_2023
IND,USA,3923,Plastic Lids,2023,export,,,,IND->USA_2023
IND,USA,3924,Plastic Housewares,2023,export,,,,IND->USA_2023
IND,USA,3925,Plastic Building Materials,2023,export,,,,IND->USA_2023
IND,USA,3926,Other Plastic Products,2023,export,,,,IND->USA_2023
IND,USA,4001,Rubber,2023,export,,,,IND->USA_2023
IND,USA,4002,Synthetic Rubber,2023,export,,,,IND->USA_2023
IND,USA,4003,Reclaimed Rubber,2023,export,,,,IND->USA_2023
IND,USA,4004,Scrap Rubber,2023,export,,,,IND->USA_2023
IND,USA,4005,Compounded Unvulcanised Rubber,2023,export,,,,IND->USA_2023
IND,USA,4006,Unvulcanised Rubber Products,2023,export,,,,IND->USA_2023
IND,USA,4007,Rubber Thread,2023,export,,,,IND->USA_2023
IND,USA,4008,Rubber Sheets,2023,export,,,,IND->USA_2023
IND,USA,4009,Rubber Pipes,2023,export,,,,IND->USA_2023
IND,USA,4010,Rubber Belting,2023,export,,,,IND->USA_2023
IND,USA,4011,Rubber Tires,2023,export,,,,IND->USA_2023
IND,USA,4012,Used Rubber Tires,2023,export,,,,IND->USA_2023
IND,USA,4013,Rubber Inner Tubes,2023,export,,,,IND->USA_2023
IND,USA,4014,Pharmaceutical Rubber Products,2023,export,,,,IND->USA_2023
IND,USA,4015,Rubber Apparel,2023,export,,,,IND->USA_2023
IND,USA,4016,Other Rubber Products,2023,export,,,,IND->USA_2023
IND,USA,4017,Hard Rubber,2023,export,,,,IND->USA_2023
IND,USA,4101,Equine and Bovine Hides,2023,export,,,,IND->USA_2023
IND,USA,4104,Tanned Equine and Bovine Hides,2023,export,,,,IND->USA_2023
IND,USA,4105,Tanned Sheep Hides,2023,export,,,,IND->USA_2023
IND,USA,4106,Tanned Goat Hides,2023,export,,,,IND->USA_2023
IND,USA,4107,Leather of Other Animals,2023,export,,,,IND->USA_2023
IND,USA,4110,Leather Waste,2023,export,,,,IND->USA_2023
IND,USA,4111,Leather Sheets,2023,export,,,,IND->USA_2023
IND,USA,4201,Saddlery,2023,export,,,,IND->USA_2023
IND,USA,4202,Trunks and Cases,2023,export,,,,IND->USA_2023
IND,USA,4203,Leather Apparel,2023,export,,,,IND->USA_2023
IND,USA,4205,Other Leather Articles,2023,export,,,,IND->USA_2023
IND,USA,4206,Articles of Gut,2023,export,,,,IND->USA_2023
IND,USA,4301,Raw Furskins,2023,export,,,,IND->USA_2023
IND,USA,4302,Tanned Furskins,2023,export,,,,IND->USA_2023
IND,USA,4303,Furskin Apparel,2023,export,,,,IND->USA_2023
IND,USA,4304,Artificial Fur,2023,export,,,,IND->USA_2023
IND,USA,4401,Fuel Wood,2023,export,,,,IND->USA_2023
IND,USA,4402,Wood Charcoal,2023,export,,,,IND->USA_2023
IND,USA,4403,Rough Wood,2023,export,,,,IND->USA_2023
IND,USA,4404,Wood Stakes,2023,export,,,,IND->USA_2023
IND,USA,4405,Wood Wool,2023,export,,,,IND->USA_2023
IND,USA,4407,Sawn Wood,2023,export,,,,IND->USA_2023
IND,USA,4408,Veneer Sheets,2023,export,,,,IND->USA_2023
IND,USA,4409,Shaped Wood,2023,export,,,,IND->USA_2023
IND,USA,4410,Particle Board,2023,export,,,,IND->USA_2023
IND,USA,4411,Wood Fiberboard,2023,export,,,,IND->USA_2023
IND,USA,4412,Plywood,2023,export,,,,IND->USA_2023
IND,USA,4413,Densified Wood,2023,export,,,,IND->USA_2023
IND,USA,4414,Wood Frames,2023,export,,,,IND->USA_2023
IND,USA,4415,Wood Crates,2023,export,,,,IND->USA_2023
IND,USA,4416,Wood Barrels,2023,export,,,,IND->USA_2023
IND,USA,4417,Wooden Tool Handles,2023,export,,,,IND->USA_2023
IND,USA,4418,Wood Carpentry,2023,export,,,,IND->USA_2023
IND,USA,4419,Wood Kitchenware,2023,export,,,,IND->USA_2023
IND,USA,4420,Wood Ornaments,2023,export,,,,IND->USA_2023
IND,USA,4421,Other Wood Articles,2023,export,,,,IND->USA_2023
IND,USA,4501,Raw Cork,2023,export,,,,IND->USA_2023
IND,USA,4502,Debacked Cork,2023,export,,,,IND->USA_2023
IND,USA,4503,Natural Cork Articles,2023,export,,,,IND->USA_2023
IND,USA,4504,Agglomerated Cork,2023,export,,,,IND->USA_2023
IND,USA,4601,Plaiting Products,2023,export,,,,IND->USA_2023
IND,USA,4602,Basketwork,2023,export,,,,IND->USA_2023
IND,USA,4706,Recovered Paper Pulp,2023,export,,,,IND->USA_2023
IND,USA,4707,Recovered Paper,2023,export,,,,IND->USA_2023
IND,USA,4801,Newsprint,2023,export,,,,IND->USA_2023
IND,USA,4802,Uncoated Paper,2023,export,,,,IND->USA_2023
IND,USA,4803,Tissue,2023,export,,,,IND->USA_2023
IND,USA,4804,Kraft Paper,2023,export,,,,IND->USA_2023
IND,USA,4805,Other Uncoated Paper,2023,export,,,,IND->USA_2023
IND,USA,4806,Vegetable Parchment,2023,export,,,,IND->USA_2023
IND,USA,4807,Composite Paper,2023,export,,,,IND->USA_2023
IND,USA,4808,Corrugated Paper,2023,export,,,,IND->USA_2023
IND,USA,4809,Carbon Paper,2023,export,,,,IND->USA_2023
IND,USA,4810,Kaolin Coated Paper,2023,export,,,,IND->USA_2023
IND,USA,4811,Cellulose Fibers Paper,2023,export,,,,IND->USA_2023
IND,USA,4812,Paper Pulp Filter Blocks,2023,export,,,,IND->USA_2023
IND,USA,4813,Cigarette Paper,2023,export,,,,IND->USA_2023
IND,USA,4814,Wallpaper,2023,export,,,,IND->USA_2023
IND,USA,4816,Other Carbon Paper,2023,export,,,,IND->USA_2023
IND,USA,4817,Letter Stock,2023,export,,,,IND->USA_2023
IND,USA,4818,Toilet Paper,2023,export,,,,IND->USA_2023
IND,USA,4819,Paper Containers,2023,export,,,,IND->USA_2023
IND,USA,4820,Paper Notebooks,2023,export,,,,IND->USA_2023
IND,USA,4821,Paper Labels,2023,export,,,,IND->USA_2023
IND,USA,4822,Paper Spools,2023,export,,,,IND->USA_2023
IND,USA,4823,Shaped Paper,2023,export,,,,IND->USA_2023
IND,USA,4901,Brochures,2023,export,,,,IND->USA_2023
IND,USA,4902,Newspapers,2023,export,,,,IND->USA_2023
IND,USA,4903,Children's Picture Books,2023,export,,,,IND->USA_2023
IND,USA,4904,Sheet Music,2023,export,,,,IND->USA_2023
IND,USA,4905,Maps,2023,export,,,,IND->USA_2023
IND,USA,4906,Architectural Plans,2023,export,,,,IND->USA_2023
IND,USA,4907,Documents of title (bonds etc) and unused stamps,2023,export,,,,IND->USA_2023
IND,USA,4908,Decals,2023,export,,,,IND->USA_2023
IND,USA,4909,Postcards,2023,export,,,,IND->USA_2023
IND,USA,4910,Calendars,2023,export,,,,IND->USA_2023
IND,USA,4911,Other Printed Material,2023,export,,,,IND->USA_2023
IND,USA,5001,Silk-worm Cocoons,2023,export,,,,IND->USA_2023
IND,USA,5002,Raw Silk,2023,export,,,,IND->USA_2023
IND,USA,5003,Silk Waste,2023,export,,,,IND->USA_2023
IND,USA,5004,Non-Retail Silk Yarn,2023,export,,,,IND->USA_2023
IND,USA,5005,Silk Waste Yarn,2023,export,,,,IND->USA_2023
IND,USA,5006,Retail Silk Yarn,2023,export,,,,IND->USA_2023
IND,USA,5007,Silk Fabrics,2023,export,,,,IND->USA_2023
IND,USA,5103,Wool or Animal Hair Waste,2023,export,,,,IND->USA_2023
IND,USA,5105,Prepared Wool or Animal Hair,2023,export,,,,IND->USA_2023
IND,USA,5106,Non-Retail Carded Wool Yarn,2023,export,,,,IND->USA_2023
IND,USA,5107,Non-Retail Combed Wool Yarn,2023,export,,,,IND->USA_2023
IND,USA,5109,Retail Wool or Animal Hair Yarn,2023,export,,,,IND->USA_2023
IND,USA,5111,Carded Wool or Animal Hair Fabric,2023,export,,,,IND->USA_2023
IND,USA,5112,Combed Wool or Animal Hair Fabric,2023,export,,,,IND->USA_2023
IND,USA,5113,Horsehair Fabric,2023,export,,,,IND->USA_2023
IND,USA,5201,Raw Cotton,2023,export,,,,IND->USA_2023
IND,USA,5202,Cotton Waste,2023,export,,,,IND->USA_2023
IND,USA,5203,Prepared Cotton,2023,export,,,,IND->USA_2023
IND,USA,5204,Cotton Sewing Thread,2023,export,,,,IND->USA_2023
IND,USA,5205,Non-Retail Pure Cotton Yarn,2023,export,,,,IND->USA_2023
IND,USA,5206,Non-Retail Mixed Cotton Yarn,2023,export,,,,IND->USA_2023
IND,USA,5207,Retail Cotton Yarn,2023,export,,,,IND->USA_2023
IND,USA,5208,Light Pure Woven Cotton,2023,export,,,,IND->USA_2023
IND,USA,5209,Heavy Pure Woven Cotton,2023,export,,,,IND->USA_2023
IND,USA,5210,Light Mixed Woven Cotton,2023,export,,,,IND->USA_2023
IND,USA,5211,Heavy Mixed Woven Cotton,2023,export,,,,IND->USA_2023
IND,USA,5212,Other Cotton Fabrics,2023,export,,,,IND->USA_2023
IND,USA,5301,Flax Fibers,2023,export,,,,IND->USA_2023
IND,USA,5302,Hemp Fibers,2023,export,,,,IND->USA_2023
IND,USA,5303,Jute and Other Textile Fibers,2023,export,,,,IND->USA_2023
IND,USA,5305,Coconut and Other Vegetable Fibers,2023,export,,,,IND->USA_2023
IND,USA,5306,Flax Yarn,2023,export,,,,IND->USA_2023
IND,USA,5307,Jute Yarn,2023,export,,,,IND->USA_2023
IND,USA,5308,Other Vegetable Fibers Yarn,2023,export,,,,IND->USA_2023
IND,USA,5309,Flax Woven Fabric,2023,export,,,,IND->USA_2023
IND,USA,5310,Jute Woven Fabric,2023,export,,,,IND->USA_2023
IND,USA,5311,Other Vegetable Fibers Fabric,2023,export,,,,IND->USA_2023
IND,USA,5401,Artificial Filament Sewing Thread,2023,export,,,,IND->USA_2023
IND,USA,5402,Non-Retail Synthetic Filament Yarn,2023,export,,,,IND->USA_2023
IND,USA,5403,Non-Retail Artificial Filament Yarn,2023,export,,,,IND->USA_2023
IND,USA,5404,Synthetic Monofilament,2023,export,,,,IND->USA_2023
IND,USA,5405,Artificial Monofilament,2023,export,,,,IND->USA_2023
IND,USA,5406,Retail Artificial Filament Yarn,2023,export,,,,IND->USA_2023
IND,USA,5407,Synthetic Filament Yarn Woven Fabric,2023,export,,,,IND->USA_2023
IND,USA,5408,Artificial Filament Yarn Woven Fabric,2023,export,,,,IND->USA_2023
IND,USA,5501,Synthetic Filament Tow,2023,export,,,,IND->USA_2023
IND,USA,5503,Unprocessed Synthetic Staple Fibers,2023,export,,,,IND->USA_2023
IND,USA,5504,Unprocessed Artificial Staple Fibers,2023,export,,,,IND->USA_2023
IND,USA,5505,Artificial Fibers Waste,2023,export,,,,IND->USA_2023
IND,USA,5506,Processed Synthetic Staple Fibers,2023,export,,,,IND->USA_2023
IND,USA,5507,Processed Artificial Staple Fibers,2023,export,,,,IND->USA_2023
IND,USA,5508,Non-Retail Artificial Staple Fibers Sewing Thread,2023,export,,,,IND->USA_2023
IND,USA,5509,Non-Retail Synthetic Staple Fibers Yarn,2023,export,,,,IND->USA_2023
IND,USA,5510,Non-Retail Artificial Staple Fibers Yarn,2023,export,,,,IND->USA_2023
IND,USA,5511,Retail Artificial Staple Fibers Yarn,2023,export,,,,IND->USA_2023
IND,USA,5512,Synthetic Fabrics,2023,export,,,,IND->USA_2023
IND,USA,5513,Light Synthetic Cotton Fabrics,2023,export,,,,IND->USA_2023
IND,USA,5514,Heavy Synthetic Cotton Fabrics,2023,export,,,,IND->USA_2023
IND,USA,5515,Other Synthetic Fabrics,2023,export,,,,IND->USA_2023
IND,USA,5516,Woven Fabric of Synthetic Staple Fibers,2023,export,,,,IND->USA_2023
IND,USA,5601,Wadding,2023,export,,,,IND->USA_2023
IND,USA,5602,Felt,2023,export,,,,IND->USA_2023
IND,USA,5603,Non-woven Textiles,2023,export,,,,IND->USA_2023
IND,USA,5604,Rubber Textiles,2023,export,,,,IND->USA_2023
IND,USA,5605,Metallic Yarn,2023,export,,,,IND->USA_2023
IND,USA,5606,Gimp Yarn,2023,export,,,,IND->USA_2023
IND,USA,5607,Twine and Rope,2023,export,,,,IND->USA_2023
IND,USA,5608,"Twine, cordage or rope; knotted netting, made up fishing nets and other made up nets, of textile materials",2023,export,,,,IND->USA_2023
IND,USA,5609,Other Articles of Twine and Rope,2023,export,,,,IND->USA_2023
IND,USA,5701,Knotted Carpets,2023,export,,,,IND->USA_2023
IND,USA,5702,Hand-Woven Rugs,2023,export,,,,IND->USA_2023
IND,USA,5703,Tufted Carpets,2023,export,,,,IND->USA_2023
IND,USA,5704,Felt Carpets,2023,export,,,,IND->USA_2023
IND,USA,5705,Other Carpets,2023,export,,,,IND->USA_2023
IND,USA,5801,Woven Fabrics,2023,export,,,,IND->USA_2023
IND,USA,5802,Terry Fabric,2023,export,,,,IND->USA_2023
IND,USA,5803,Gauze,2023,export,,,,IND->USA_2023
IND,USA,5804,Tulles and Net Fabric,2023,export,,,,IND->USA_2023
IND,USA,5805,Hand-Woven Tapestries,2023,export,,,,IND->USA_2023
IND,USA,5806,Narrow Woven Fabric,2023,export,,,,IND->USA_2023
IND,USA,5807,Labels,2023,export,,,,IND->USA_2023
IND,USA,5808,Ornamental Trimmings,2023,export,,,,IND->USA_2023
IND,USA,5809,Metallic Fabric,2023,export,,,,IND->USA_2023
IND,USA,5810,Embroidery,2023,export,,,,IND->USA_2023
IND,USA,5811,Quilted Textiles,2023,export,,,,IND->USA_2023
IND,USA,5901,Gum Coated Textile Fabric,2023,export,,,,IND->USA_2023
IND,USA,5902,Polyamide Fabric,2023,export,,,,IND->USA_2023
IND,USA,5903,Plastic Coated Textile Fabric,2023,export,,,,IND->USA_2023
IND,USA,5905,Textile Wall Coverings,2023,export,,,,IND->USA_2023
IND,USA,5906,Rubber Textile Fabric,2023,export,,,,IND->USA_2023
IND,USA,5907,Coated Textile Fabric,2023,export,,,,IND->USA_2023
IND,USA,5908,Textile Wicks,2023,export,,,,IND->USA_2023
IND,USA,5909,Hose Piping Textiles,2023,export,,,,IND->USA_2023
IND,USA,5910,Conveyor Belt Textiles,2023,export,,,,IND->USA_2023
IND,USA,5911,Textiles for technical uses,2023,export,,,,IND->USA_2023
IND,USA,6001,Pile Fabric,2023,export,,,,IND->USA_2023
IND,USA,6002,Light Rubberized Knitted Fabric,2023,export,,,,IND->USA_2023
IND,USA,6101,Knit Men's Coats,2023,export,,,,IND->USA_2023
IND,USA,6102,Knit Women's Coats,2023,export,,,,IND->USA_2023
IND,USA,6103,Knit Men's Suits,2023,export,,,,IND->USA_2023
IND,USA,6104,Knit Women's Suits,2023,export,,,,IND->USA_2023
IND,USA,6105,Knit Men's Shirts,2023,export,,,,IND->USA_2023
IND,USA,6106,Knit Women's Shirts,2023,export,,,,IND->USA_2023
IND,USA,6107,Knit Men's Undergarments,2023,export,,,,IND->USA_2023
IND,USA,6108,Knit Women's Undergarments,2023,export,,,,IND->USA_2023
IND,USA,6109,Knit T-shirts,2023,export,,,,IND->USA_2023
IND,USA,6110,Knit Sweaters,2023,export,,,,IND->USA_2023
IND,USA,6111,Knit Babies' Garments,2023,export,,,,IND->USA_2023
IND,USA,6112,Knit Active Wear,2023,export,,,,IND->USA_2023
IND,USA,6113,Garments of Impregnated Fabric,2023,export,,,,IND->USA_2023
IND,USA,6114,Other Knit Garments,2023,export,,,,IND->USA_2023
IND,USA,6115,Knit Socks and Hosiery,2023,export,,,,IND->USA_2023
IND,USA,6116,Knit Gloves,2023,export,,,,IND->USA_2023
IND,USA,6117,Other Knit Clothing Accessories,2023,export,,,,IND->USA_2023
IND,USA,6201,Non-Knit Men's Coats,2023,export,,,,IND->USA_2023
IND,USA,6202,Non-Knit Women's Coats,2023,export,,,,IND->USA_2023
IND,USA,6203,Non-Knit Men's Suits,2023,export,,,,IND->USA_2023
IND,USA,6204,Non-Knit Women's Suits,2023,export,,,,IND->USA_2023
IND,USA,6205,Non-Knit Men's Shirts,2023,export,,,,IND->USA_2023
IND,USA,6206,Non-Knit Women's Shirts,2023,export,,,,IND->USA_2023
IND,USA,6207,Non-Knit Men's Undergarments,2023,export,,,,IND->USA_2023
IND,USA,6208,Non-Knit Women's Undergarments,2023,export,,,,IND->USA_2023
IND,USA,6209,Non-Knit Babies' Garments,2023,export,,,,IND->USA_2023
IND,USA,6210,Felt or Coated Fabric Garments,2023,export,,,,IND->USA_2023
IND,USA,6211,Non-Knit Active Wear,2023,export,,,,IND->USA_2023
IND,USA,6212,Other Women's Undergarments,2023,export,,,,IND->USA_2023
IND,USA,6213,Handkerchiefs,2023,export,,,,IND->USA_2023
IND,USA,6214,Scarves,2023,export,,,,IND->USA_2023
IND,USA,6215,Neck Ties,2023,export,,,,IND->USA_2023
IND,USA,6216,Non-Knit Gloves,2023,export,,,,IND->USA_2023
IND,USA,6217,Other Non-Knit Clothing Accessories,2023,export,,,,IND->USA_2023
IND,USA,6301,Blankets,2023,export,,,,IND->USA_2023
IND,USA,6302,House Linens,2023,export,,,,IND->USA_2023
IND,USA,6303,Window Dressings,2023,export,,,,IND->USA_2023
IND,USA,6304,Bedspreads,2023,export,,,,IND->USA_2023
IND,USA,6305,Packing Bags,2023,export,,,,IND->USA_2023
IND,USA,6306,"Awnings, Tents, and Sails",2023,export,,,,IND->USA_2023
IND,USA,6307,Other Cloth Articles,2023,export,,,,IND->USA_2023
IND,USA,6308,Packaged Sewing Sets,2023,export,,,,IND->USA_2023
IND,USA,6309,Used Clothing,2023,export,,,,IND->USA_2023
IND,USA,6310,Textile Scraps,2023,export,,,,IND->USA_2023
IND,USA,6401,Waterproof Footwear,2023,export,,,,IND->USA_2023
IND,USA,6402,Rubber Footwear,2023,export,,,,IND->USA_2023
IND,USA,6403,Leather Footwear,2023,export,,,,IND->USA_2023
IND,USA,6404,Textile Footwear,2023,export,,,,IND->USA_2023
IND,USA,6405,Other Footwear,2023,export,,,,IND->USA_2023
IND,USA,6406,Footwear Parts,2023,export,,,,IND->USA_2023
IND,USA,6501,Hat Forms,2023,export,,,,IND->USA_2023
IND,USA,6502,Hat Shapes,2023,export,,,,IND->USA_2023
IND,USA,6504,Hats,2023,export,,,,IND->USA_2023
IND,USA,6505,Knitted Hats,2023,export,,,,IND->USA_2023
IND,USA,6506,Other Headwear,2023,export,,,,IND->USA_2023
IND,USA,6507,Headbands and Linings,2023,export,,,,IND->USA_2023
IND,USA,6601,Umbrellas,2023,export,,,,IND->USA_2023
IND,USA,6602,Walking Sticks,2023,export,,,,IND->USA_2023
IND,USA,6603,Umbrella and Walking Stick Accessories,2023,export,,,,IND->USA_2023
IND,USA,6701,Bird Skins and Feathers,2023,export,,,,IND->USA_2023
IND,USA,6702,Artificial Vegetation,2023,export,,,,IND->USA_2023
IND,USA,6703,Processed Hair,2023,export,,,,IND->USA_2023
IND,USA,6704,Fake Hair,2023,export,,,,IND->USA_2023
IND,USA,6801,Curbstones,2023,export,,,,IND->USA_2023
IND,USA,6802,Building Stone,2023,export,,,,IND->USA_2023
IND,USA,6803,Worked Slate,2023,export,,,,IND->USA_2023
IND,USA,6804,Milling Stones,2023,export,,,,IND->USA_2023
IND,USA,6805,Abrasive Powder,2023,export,,,,IND->USA_2023
IND,USA,6806,Rock Wool,2023,export,,,,IND->USA_2023
IND,USA,6807,Asphalt,2023,export,,,,IND->USA_2023
IND,USA,6808,Vegetable Fiber,2023,export,,,,IND->USA_2023
IND,USA,6809,Plaster Articles,2023,export,,,,IND->USA_2023
IND,USA,6810,Cement Articles,2023,export,,,,IND->USA_2023
IND,USA,6811,Asbestos Cement Articles,2023,export,,,,IND->USA_2023
IND,USA,6812,Asbestos Fibres,2023,export,,,,IND->USA_2023
IND,USA,6813,Friction Material,2023,export,,,,IND->USA_2023
IND,USA,6814,Processed Mica,2023,export,,,,IND->USA_2023
IND,USA,6815,Other Stone Articles,2023,export,,,,IND->USA_2023
IND,USA,6901,Bricks,2023,export,,,,IND->USA_2023
IND,USA,6902,Refractory Bricks,2023,export,,,,IND->USA_2023
IND,USA,6903,Refractory Ceramics,2023,export,,,,IND->USA_2023
IND,USA,6904,Ceramic Bricks,2023,export,,,,IND->USA_2023
IND,USA,6905,Roofing Tiles,2023,export,,,,IND->USA_2023
IND,USA,6907,Unglazed Ceramics,2023,export,,,,IND->USA_2023
IND,USA,6909,Laboratory Ceramic Ware,2023,export,,,,IND->USA_2023
IND,USA,6910,Bathroom Ceramics,2023,export,,,,IND->USA_2023
IND,USA,6911,Porcelain Tableware,2023,export,,,,IND->USA_2023
IND,USA,6912,Ceramic Tableware,2023,export,,,,IND->USA_2023
IND,USA,6913,Ornamental Ceramics,2023,export,,,,IND->USA_2023
IND,USA,6914,Other Ceramic Articles,2023,export,,,,IND->USA_2023
IND,USA,7001,Glass Scraps,2023,export,,,,IND->USA_2023
IND,USA,7002,Glass Balls,2023,export,,,,IND->USA_2023
IND,USA,7003,Cast or Rolled Glass,2023,export,,,,IND->USA_2023
IND,USA,7004,Blown Glass,2023,export,,,,IND->USA_2023
IND,USA,7005,Float Glass,2023,export,,,,IND->USA_2023
IND,USA,7006,Glass with Edge Workings,2023,export,,,,IND->USA_2023
IND,USA,7007,Safety Glass,2023,export,,,,IND->USA_2023
IND,USA,7008,Insulating Glass,2023,export,,,,IND->USA_2023
IND,USA,7009,Glass Mirrors,2023,export,,,,IND->USA_2023
IND,USA,7010,Glass Bottles,2023,export,,,,IND->USA_2023
IND,USA,7011,Glass Bulbs,2023,export,,,,IND->USA_2023
IND,USA,7013,Interior Decorative Glassware,2023,export,,,,IND->USA_2023
IND,USA,7014,Signaling Glassware,2023,export,,,,IND->USA_2023
IND,USA,7015,Eyewear and Clock Glass,2023,export,,,,IND->USA_2023
IND,USA,7016,Glass Bricks,2023,export,,,,IND->USA_2023
IND,USA,7017,Laboratory Glassware,2023,export,,,,IND->USA_2023
IND,USA,7018,Glass Beads,2023,export,,,,IND->USA_2023
IND,USA,7019,Glass Fibers,2023,export,,,,IND->USA_2023
IND,USA,7020,Other Glass Articles,2023,export,,,,IND->USA_2023
IND,USA,7101,Pearls,2023,export,,,,IND->USA_2023
IND,USA,7102,Diamonds,2023,export,,,,IND->USA_2023
IND,USA,7103,Precious Stones,2023,export,,,,IND->USA_2023
IND,USA,7104,Synthetic Reconstructed Jewellery Stones,2023,export,,,,IND->USA_2023
IND,USA,7105,Precious Stone Dust,2023,export,,,,IND->USA_2023
IND,USA,7106,Silver,2023,export,,,,IND->USA_2023
IND,USA,7107,Silver Clad Metals,2023,export,,,,IND->USA_2023
IND,USA,7108,Gold,2023,export,,,,IND->USA_2023
IND,USA,7109,Gold Clad Metals,2023,export,,,,IND->USA_2023
IND,USA,7110,Platinum,2023,export,,,,IND->USA_2023
IND,USA,7111,Platinum Clad Metals,2023,export,,,,IND->USA_2023
IND,USA,7112,Precious Metal Scraps,2023,export,,,,IND->USA_2023
IND,USA,7113,Jewellery,2023,export,,,,IND->USA_2023
IND,USA,7114,Metal-Clad Products,2023,export,,,,IND->USA_2023
IND,USA,7115,Other Precious Metal Products,2023,export,,,,IND->USA_2023
IND,USA,7116,Pearl Products,2023,export,,,,IND->USA_2023
IND,USA,7117,Imitation Jewellery,2023,export,,,,IND->USA_2023
IND,USA,7118,Coin,2023,export,,,,IND->USA_2023
IND,USA,7201,Pig Iron,2023,export,,,,IND->USA_2023
IND,USA,7202,Ferroalloys,2023,export,,,,IND->USA_2023
IND,USA,7203,Iron Reductions,2023,export,,,,IND->USA_2023
IND,USA,7204,Scrap Iron,2023,export,,,,IND->USA_2023
IND,USA,7205,Iron Powder,2023,export,,,,IND->USA_2023
IND,USA,7206,Iron Ingots,2023,export,,,,IND->USA_2023
IND,USA,7207,Semi-Finished Iron,2023,export,,,,IND->USA_2023
IND,USA,7208,Hot-Rolled Iron,2023,export,,,,IND->USA_2023
IND,USA,7209,Cold-Rolled Iron,2023,export,,,,IND->USA_2023
IND,USA,7210,Coated Flat-Rolled Iron,2023,export,,,,IND->USA_2023
IND,USA,7211,Large Flat-Rolled Iron,2023,export,,,,IND->USA_2023
IND,USA,7212,Large Coated Flat-Rolled Iron,2023,export,,,,IND->USA_2023
IND,USA,7213,Hot-Rolled Iron Bars,2023,export,,,,IND->USA_2023
IND,USA,7214,Raw Iron Bars,2023,export,,,,IND->USA_2023
IND,USA,7215,Other Iron Bars,2023,export,,,,IND->USA_2023
IND,USA,7216,Iron Blocks,2023,export,,,,IND->USA_2023
IND,USA,7217,Iron Wire,2023,export,,,,IND->USA_2023
IND,USA,7218,Stainless Steel Ingots,2023,export,,,,IND->USA_2023
IND,USA,7219,Large Flat-Rolled Stainless Steel,2023,export,,,,IND->USA_2023
IND,USA,7220,Flat-Rolled Stainless Steel,2023,export,,,,IND->USA_2023
IND,USA,7221,Hot-Rolled Stainless Steel Bars,2023,export,,,,IND->USA_2023
IND,USA,7222,Other Stainless Steel Bars,2023,export,,,,IND->USA_2023
IND,USA,7223,Stainless Steel Wire,2023,export,,,,IND->USA_2023
IND,USA,7224,Steel Ingots,2023,export,,,,IND->USA_2023
IND,USA,7225,Flat Flat-Rolled Steel,2023,export,,,,IND->USA_2023
IND,USA,7226,Flat-Rolled Iron,2023,export,,,,IND->USA_2023
IND,USA,7227,Steel Bars,2023,export,,,,IND->USA_2023
IND,USA,7228,Other Steel Bars,2023,export,,,,IND->USA_2023
IND,USA,7229,Steel Wire,2023,export,,,,IND->USA_2023
IND,USA,7301,Iron Sheet Piling,2023,export,,,,IND->USA_2023
IND,USA,7302,Iron Railway Products,2023,export,,,,IND->USA_2023
IND,USA,7303,Cast Iron Pipes,2023,export,,,,IND->USA_2023
IND,USA,7304,Iron Pipes,2023,export,,,,IND->USA_2023
IND,USA,7305,Other Large Iron Pipes,2023,export,,,,IND->USA_2023
IND,USA,7306,Other Small Iron Pipes,2023,export,,,,IND->USA_2023
IND,USA,7307,Iron Pipe Fittings,2023,export,,,,IND->USA_2023
IND,USA,7308,Iron Structures,2023,export,,,,IND->USA_2023
IND,USA,7309,Large Iron Containers,2023,export,,,,IND->USA_2023
IND,USA,7310,Small Iron Containers,2023,export,,,,IND->USA_2023
IND,USA,7311,Iron Gas Containers,2023,export,,,,IND->USA_2023
IND,USA,7312,Stranded Iron Wire,2023,export,,,,IND->USA_2023
IND,USA,7313,Barbed Wire,2023,export,,,,IND->USA_2023
IND,USA,7314,Iron Cloth,2023,export,,,,IND->USA_2023
IND,USA,7315,Iron Chains,2023,export,,,,IND->USA_2023
IND,USA,7316,Iron Anchors,2023,export,,,,IND->USA_2023
IND,USA,7317,Iron Nails,2023,export,,,,IND->USA_2023
IND,USA,7318,Iron Fasteners,2023,export,,,,IND->USA_2023
IND,USA,7319,Iron Sewing Needles,2023,export,,,,IND->USA_2023
IND,USA,7320,Iron Springs,2023,export,,,,IND->USA_2023
IND,USA,7321,Iron Stovetops,2023,export,,,,IND->USA_2023
IND,USA,7322,Iron Radiators,2023,export,,,,IND->USA_2023
IND,USA,7323,Iron Housewares,2023,export,,,,IND->USA_2023
IND,USA,7324,Iron Toiletry,2023,export,,,,IND->USA_2023
IND,USA,7325,Other Cast Iron Products,2023,export,,,,IND->USA_2023
IND,USA,7326,Other Iron Products,2023,export,,,,IND->USA_2023
IND,USA,7401,Precipitated Copper,2023,export,,,,IND->USA_2023
IND,USA,7402,Raw Copper,2023,export,,,,IND->USA_2023
IND,USA,7403,Refined Copper,2023,export,,,,IND->USA_2023
IND,USA,7404,Scrap Copper,2023,export,,,,IND->USA_2023
IND,USA,7405,Copper Alloys,2023,export,,,,IND->USA_2023
IND,USA,7406,Copper Powder,2023,export,,,,IND->USA_2023
IND,USA,7407,Copper Bars,2023,export,,,,IND->USA_2023
IND,USA,7408,Copper Wire,2023,export,,,,IND->USA_2023
IND,USA,7409,Copper Plating,2023,export,,,,IND->USA_2023
IND,USA,7410,Copper Foil,2023,export,,,,IND->USA_2023
IND,USA,7411,Copper Pipes,2023,export,,,,IND->USA_2023
IND,USA,7412,Copper Pipe Fittings,2023,export,,,,IND->USA_2023
IND,USA,7413,Stranded Copper Wire,2023,export,,,,IND->USA_2023
IND,USA,7415,Copper Fasteners,2023,export,,,,IND->USA_2023
IND,USA,7416,Copper Springs,2023,export,,,,IND->USA_2023
IND,USA,7418,Copper Housewares,2023,export,,,,IND->USA_2023
IND,USA,7419,Other Copper Products,2023,export,,,,IND->USA_2023
IND,USA,7501,Nickel Mattes,2023,export,,,,IND->USA_2023
IND,USA,7502,Raw Nickel,2023,export,,,,IND->USA_2023
IND,USA,7503,Scrap Nickel,2023,export,,,,IND->USA_2023
IND,USA,7504,Nickel Powder,2023,export,,,,IND->USA_2023
IND,USA,7505,Nickel Bars,2023,export,,,,IND->USA_2023
IND,USA,7506,Nickel Sheets,2023,export,,,,IND->USA_2023
IND,USA,7507,Nickel Pipes,2023,export,,,,IND->USA_2023
IND,USA,7508,Other Nickel Products,2023,export,,,,IND->USA_2023
IND,USA,7601,Raw Aluminium,2023,export,,,,IND->USA_2023
IND,USA,7602,Scrap Aluminium,2023,export,,,,IND->USA_2023
IND,USA,7603,Aluminium Powder,2023,export,,,,IND->USA_2023
IND,USA,7604,Aluminium Bars,2023,export,,,,IND->USA_2023
IND,USA,7605,Aluminium Wire,2023,export,,,,IND->USA_2023
IND,USA,7606,Aluminium Plating,2023,export,,,,IND->USA_2023
IND,USA,7607,Aluminium Foil,2023,export,,,,IND->USA_2023
IND,USA,7608,Aluminium Pipes,2023,export,,,,IND->USA_2023
IND,USA,7609,Aluminium Pipe Fittings,2023,export,,,,IND->USA_2023
IND,USA,7610,Aluminium Structures,2023,export,,,,IND->USA_2023
IND,USA,7611,Large Aluminium Containers,2023,export,,,,IND->USA_2023
IND,USA,7612,Aluminium Cans,2023,export,,,,IND->USA_2023
IND,USA,7613,Aluminium Gas Containers,2023,export,,,,IND->USA_2023
IND,USA,7614,Stranded Aluminium Wire,2023,export,,,,IND->USA_2023
IND,USA,7615,Aluminium Housewares,2023,export,,,,IND->USA_2023
IND,USA,7616,Other Aluminium Products,2023,export,,,,IND->USA_2023
IND,USA,7801,Raw Lead,2023,export,,,,IND->USA_2023
IND,USA,7804,Lead Sheets,2023,export,,,,IND->USA_2023
IND,USA,7806,Other Lead Products,2023,export,,,,IND->USA_2023
IND,USA,7901,Raw Zinc,2023,export,,,,IND->USA_2023
IND,USA,7902,Scrap Waste,2023,export,,,,IND->USA_2023
IND,USA,7903,Zinc Powder,2023,export,,,,IND->USA_2023
IND,USA,7904,Zinc Bars,2023,export,,,,IND->USA_2023
IND,USA,7905,Zinc Sheets,2023,export,,,,IND->USA_2023
IND,USA,7907,Other Zinc Products,2023,export,,,,IND->USA_2023
IND,USA,8001,Raw Tin,2023,export,,,,IND->USA_2023
IND,USA,8002,Scrap Tin,2023,export,,,,IND->USA_2023
IND,USA,8003,Tin Bars,2023,export,,,,IND->USA_2023
IND,USA,8007,Other Tin Products,2023,export,,,,IND->USA_2023
IND,USA,8101,Tungsten,2023,export,,,,IND->USA_2023
IND,USA,8102,Molybdenum,2023,export,,,,IND->USA_2023
IND,USA,8103,Tantalum,2023,export,,,,IND->USA_2023
IND,USA,8104,Magnesium,2023,export,,,,IND->USA_2023
IND,USA,8105,Cobalt,2023,export,,,,IND->USA_2023
IND,USA,8106,Bismuth,2023,export,,,,IND->USA_2023
IND,USA,8108,Titanium,2023,export,,,,IND->USA_2023
IND,USA,8109,Zirconium,2023,export,,,,IND->USA_2023
IND,USA,8110,Antimony,2023,export,,,,IND->USA_2023
IND,USA,8111,Manganese,2023,export,,,,IND->USA_2023
IND,USA,8112,Other Metals,2023,export,,,,IND->USA_2023
IND,USA,8113,Cermets,2023,export,,,,IND->USA_2023
IND,USA,8201,Garden Tools,2023,export,,,,IND->USA_2023
IND,USA,8202,Hand Saws,2023,export,,,,IND->USA_2023
IND,USA,8203,Hand Tools,2023,export,,,,IND->USA_2023
IND,USA,8204,Wrenches,2023,export,,,,IND->USA_2023
IND,USA,8205,Other Hand Tools,2023,export,,,,IND->USA_2023
IND,USA,8206,Tool Sets,2023,export,,,,IND->USA_2023
IND,USA,8207,Interchangeable Tool Parts,2023,export,,,,IND->USA_2023
IND,USA,8208,Cutting Blades,2023,export,,,,IND->USA_2023
IND,USA,8209,Tool Plates,2023,export,,,,IND->USA_2023
IND,USA,8210,Cooking Hand Tools,2023,export,,,,IND->USA_2023
IND,USA,8211,Knives,2023,export,,,,IND->USA_2023
IND,USA,8212,Razor Blades,2023,export,,,,IND->USA_2023
IND,USA,8213,Scissors,2023,export,,,,IND->USA_2023
IND,USA,8214,Other Cutlery,2023,export,,,,IND->USA_2023
IND,USA,8215,Cutlery Sets,2023,export,,,,IND->USA_2023
IND,USA,8301,Padlocks,2023,export,,,,IND->USA_2023
IND,USA,8302,Metal Mountings,2023,export,,,,IND->USA_2023
IND,USA,8303,Safes,2023,export,,,,IND->USA_2023
IND,USA,8304,Filing Cabinets,2023,export,,,,IND->USA_2023
IND,USA,8305,Metal Office Supplies,2023,export,,,,IND->USA_2023
IND,USA,8306,Bells and Other Metal Ornaments,2023,export,,,,IND->USA_2023
IND,USA,8307,Flexible Metal Tubing,2023,export,,,,IND->USA_2023
IND,USA,8308,Other Metal Fasteners,2023,export,,,,IND->USA_2023
IND,USA,8309,Metal Stoppers,2023,export,,,,IND->USA_2023
IND,USA,8310,Metal Signs,2023,export,,,,IND->USA_2023
IND,USA,8311,Coated Metal Soldering Products,2023,export,,,,IND->USA_2023
IND,USA,8401,Nuclear Reactors,2023,export,,,,IND->USA_2023
IND,USA,8402,Steam Boilers,2023,export,,,,IND->USA_2023
IND,USA,8403,Central Heating Boilers,2023,export,,,,IND->USA_2023
IND,USA,8404,Boiler Plants,2023,export,,,,IND->USA_2023
IND,USA,8405,Water and Gas Generators,2023,export,,,,IND->USA_2023
IND,USA,8406,Steam Turbines,2023,export,,,,IND->USA_2023
IND,USA,8407,Spark-Ignition Engines,2023,export,,,,IND->USA_2023
IND,USA,8408,Combustion Engines,2023,export,,,,IND->USA_2023
IND,USA,8409,Engine Parts,2023,export,,,,IND->USA_2023
IND,USA,8410,Hydraulic Turbines,2023,export,,,,IND->USA_2023
IND,USA,8411,Gas Turbines,2023,export,,,,IND->USA_2023
IND,USA,8412,Other Engines,2023,export,,,,IND->USA_2023
IND,USA,8413,Liquid Pumps,2023,export,,,,IND->USA_2023
IND,USA,8414,Air Pumps,2023,export,,,,IND->USA_2023
IND,USA,8415,Air Conditioners,2023,export,,,,IND->USA_2023
IND,USA,8416,Liquid Fuel Furnaces,2023,export,,,,IND->USA_2023
IND,USA,8417,Industrial Furnaces,2023,export,,,,IND->USA_2023
IND,USA,8418,Refrigerators,2023,export,,,,IND->USA_2023
IND,USA,8419,Other Heating Machinery,2023,export,,,,IND->USA_2023
IND,USA,8420,Rolling Machines,2023,export,,,,IND->USA_2023
IND,USA,8421,Centrifuges,2023,export,,,,IND->USA_2023
IND,USA,8422,Washing and Bottling Machines,2023,export,,,,IND->USA_2023
IND,USA,8423,Scales,2023,export,,,,IND->USA_2023
IND,USA,8424,Liquid Dispersing Machines,2023,export,,,,IND->USA_2023
IND,USA,8425,Pulley Systems,2023,export,,,,IND->USA_2023
IND,USA,8426,Cranes,2023,export,,,,IND->USA_2023
IND,USA,8427,Fork-Lifts,2023,export,,,,IND->USA_2023
IND,USA,8428,Lifting Machinery,2023,export,,,,IND->USA_2023
IND,USA,8429,Large Construction Vehicles,2023,export,,,,IND->USA_2023
IND,USA,8430,Other Construction Vehicles,2023,export,,,,IND->USA_2023
IND,USA,8431,Excavation Machinery,2023,export,,,,IND->USA_2023
IND,USA,8432,Soil Preparation Machinery,2023,export,,,,IND->USA_2023
IND,USA,8433,Harvesting Machinery,2023,export,,,,IND->USA_2023
IND,USA,8434,Dairy Machinery,2023,export,,,,IND->USA_2023
IND,USA,8435,Fruit Pressing Machinery,2023,export,,,,IND->USA_2023
IND,USA,8436,Other Agricultural Machinery,2023,export,,,,IND->USA_2023
IND,USA,8437,Mill Machinery,2023,export,,,,IND->USA_2023
IND,USA,8438,Industrial Food Preperation Machinery,2023,export,,,,IND->USA_2023
IND,USA,8439,Papermaking Machines,2023,export,,,,IND->USA_2023
IND,USA,8440,Book-binding Machines,2023,export,,,,IND->USA_2023
IND,USA,8441,Other Paper Machinery,2023,export,,,,IND->USA_2023
IND,USA,8442,Print Production Machinery,2023,export,,,,IND->USA_2023
IND,USA,8443,Industrial Printers,2023,export,,,,IND->USA_2023
IND,USA,8445,Textile Fiber Machinery,2023,export,,,,IND->USA_2023
IND,USA,8446,Looms,2023,export,,,,IND->USA_2023
IND,USA,8447,Knitting Machines,2023,export,,,,IND->USA_2023
IND,USA,8448,Knitting Machine Accessories,2023,export,,,,IND->USA_2023
IND,USA,8449,Felt Machinery,2023,export,,,,IND->USA_2023
IND,USA,8450,Household Washing Machines,2023,export,,,,IND->USA_2023
IND,USA,8451,Textile Processing Machines,2023,export,,,,IND->USA_2023
IND,USA,8452,Sewing Machines,2023,export,,,,IND->USA_2023
IND,USA,8453,Leather Machinery,2023,export,,,,IND->USA_2023
IND,USA,8454,Casting Machines,2023,export,,,,IND->USA_2023
IND,USA,8455,Metal-Rolling Mills,2023,export,,,,IND->USA_2023
IND,USA,8456,Non-Mechanical Removal Machinery,2023,export,,,,IND->USA_2023
IND,USA,8457,Metalworking Transfer Machines,2023,export,,,,IND->USA_2023
IND,USA,8458,Metal Lathes,2023,export,,,,IND->USA_2023
IND,USA,8459,Drilling Machines,2023,export,,,,IND->USA_2023
IND,USA,8460,Metal Finishing Machines,2023,export,,,,IND->USA_2023
IND,USA,8461,Metalworking Machines,2023,export,,,,IND->USA_2023
IND,USA,8462,Forging Machines,2023,export,,,,IND->USA_2023
IND,USA,8463,Other Non-Metal Removal Machinery,2023,export,,,,IND->USA_2023
IND,USA,8464,Stone Working Machines,2023,export,,,,IND->USA_2023
IND,USA,8465,Woodworking machines,2023,export,,,,IND->USA_2023
IND,USA,8466,Metalworking Machine Parts,2023,export,,,,IND->USA_2023
IND,USA,8467,Motor-working Tools,2023,export,,,,IND->USA_2023
IND,USA,8468,Soldering and Welding Machinery,2023,export,,,,IND->USA_2023
IND,USA,8470,Calculators,2023,export,,,,IND->USA_2023
IND,USA,8471,Computers,2023,export,,,,IND->USA_2023
IND,USA,8472,Other Office Machines,2023,export,,,,IND->USA_2023
IND,USA,8473,Office Machine Parts,2023,export,,,,IND->USA_2023
IND,USA,8474,Stone Processing Machines,2023,export,,,,IND->USA_2023
IND,USA,8475,Glass Working Machines,2023,export,,,,IND->USA_2023
IND,USA,8476,Vending Machines,2023,export,,,,IND->USA_2023
IND,USA,8477,Rubberworking Machinery,2023,export,,,,IND->USA_2023
IND,USA,8478,Tobacco Processing Machines,2023,export,,,,IND->USA_2023
IND,USA,8479,Machinery Having Individual Functions,2023,export,,,,IND->USA_2023
IND,USA,8480,Metal Molds,2023,export,,,,IND->USA_2023
IND,USA,8481,Valves,2023,export,,,,IND->USA_2023
IND,USA,8482,Ball Bearings,2023,export,,,,IND->USA_2023
IND,USA,8483,Transmissions,2023,export,,,,IND->USA_2023
IND,USA,8484,Gaskets,2023,export,,,,IND->USA_2023
IND,USA,8485,Boat Propellers,2023,export,,,,IND->USA_2023
IND,USA,8501,Electric Motors,2023,export,,,,IND->USA_2023
IND,USA,8502,Electric Generating Sets,2023,export,,,,IND->USA_2023
IND,USA,8503,Electric Motor Parts,2023,export,,,,IND->USA_2023
IND,USA,8504,Electrical Transformers,2023,export,,,,IND->USA_2023
IND,USA,8505,Electromagnets,2023,export,,,,IND->USA_2023
IND,USA,8506,Batteries,2023,export,,,,IND->USA_2023
IND,USA,8507,Electric Batteries,2023,export,,,,IND->USA_2023
IND,USA,8508,Vacuum Cleaners,2023,export,,,,IND->USA_2023
IND,USA,8509,Other Domestic Electric Housewares,2023,export,,,,IND->USA_2023
IND,USA,8510,Hair Trimmers,2023,export,,,,IND->USA_2023
IND,USA,8511,Electrical Ignitions,2023,export,,,,IND->USA_2023
IND,USA,8512,Electrical Lighting and Signalling Equipment,2023,export,,,,IND->USA_2023
IND,USA,8513,Portable Lighting,2023,export,,,,IND->USA_2023
IND,USA,8514,Electric Furnaces,2023,export,,,,IND->USA_2023
IND,USA,8515,Electric Soldering Equipment,2023,export,,,,IND->USA_2023
IND,USA,8516,Electric Heaters,2023,export,,,,IND->USA_2023
IND,USA,8517,Telephones,2023,export,,,,IND->USA_2023
IND,USA,8518,Microphones and Headphones,2023,export,,,,IND->USA_2023
IND,USA,8519,Sound Recording Equipment,2023,export,,,,IND->USA_2023
IND,USA,8521,Video Recording Equipment,2023,export,,,,IND->USA_2023
IND,USA,8522,Audio and Video Recording Accessories,2023,export,,,,IND->USA_2023
IND,USA,8523,Blank Audio Media,2023,export,,,,IND->USA_2023
IND,USA,8525,Broadcasting Equipment,2023,export,,,,IND->USA_2023
IND,USA,8526,Navigation Equipment,2023,export,,,,IND->USA_2023
IND,USA,8527,Radio Receivers,2023,export,,,,IND->USA_2023
IND,USA,8528,Video Displays,2023,export,,,,IND->USA_2023
IND,USA,8529,Broadcasting Accessories,2023,export,,,,IND->USA_2023
IND,USA,8530,Traffic Signals,2023,export,,,,IND->USA_2023
IND,USA,8531,Audio Alarms,2023,export,,,,IND->USA_2023
IND,USA,8532,Electrical Capacitors,2023,export,,,,IND->USA_2023
IND,USA,8533,Electrical Resistors,2023,export,,,,IND->USA_2023
IND,USA,8534,Printed Circuit Boards,2023,export,,,,IND->USA_2023
IND,USA,8535,High-voltage Protection Equipment,2023,export,,,,IND->USA_2023
IND,USA,8536,Low-voltage Protection Equipment,2023,export,,,,IND->USA_2023
IND,USA,8537,Electrical Control Boards,2023,export,,,,IND->USA_2023
IND,USA,8538,Electrical Power Accessories,2023,export,,,,IND->USA_2023
IND,USA,8539,Electric Filament,2023,export,,,,IND->USA_2023
IND,USA,8540,Cathode Tubes,2023,export,,,,IND->USA_2023
IND,USA,8541,Semiconductor Devices,2023,export,,,,IND->USA_2023
IND,USA,8542,Integrated Circuits,2023,export,,,,IND->USA_2023
IND,USA,8543,Other Electrical Machinery,2023,export,,,,IND->USA_2023
IND,USA,8544,Insulated Wire,2023,export,,,,IND->USA_2023
IND,USA,8545,Carbon-based Electronics,2023,export,,,,IND->USA_2023
IND,USA,8546,Electrical Insulators,2023,export,,,,IND->USA_2023
IND,USA,8547,Metal Insulating Fittings,2023,export,,,,IND->USA_2023
IND,USA,8548,Electrical Parts,2023,export,,,,IND->USA_2023
IND,USA,8602,Other Locomotives,2023,export,,,,IND->USA_2023
IND,USA,8603,Self-Propelled Rail Transport,2023,export,,,,IND->USA_2023
IND,USA,8604,Railway Maintenance Vehicles,2023,export,,,,IND->USA_2023
IND,USA,8606,Railway Freight Cars,2023,export,,,,IND->USA_2023
IND,USA,8607,Locomotive Parts,2023,export,,,,IND->USA_2023
IND,USA,8608,Railway Track Fixtures,2023,export,,,,IND->USA_2023
IND,USA,8609,Railway Cargo Containers,2023,export,,,,IND->USA_2023
IND,USA,8701,Tractors,2023,export,,,,IND->USA_2023
IND,USA,8702,Buses,2023,export,,,,IND->USA_2023
IND,USA,8703,Cars,2023,export,,,,IND->USA_2023
IND,USA,8704,Delivery Trucks,2023,export,,,,IND->USA_2023
IND,USA,8705,Special purpose motor vehicles,2023,export,,,,IND->USA_2023
IND,USA,8706,Motor vehicle (8701 to 8705) chassis fitted with engine,2023,export,,,,IND->USA_2023
IND,USA,8707,Vehicle Bodies (including cabs) for the motor vehicles (8701 to 8705),2023,export,,,,IND->USA_2023
IND,USA,8708,Motor Vehicles; parts & accessories,2023,export,,,,IND->USA_2023
IND,USA,8709,Work Trucks,2023,export,,,,IND->USA_2023
IND,USA,8710,Tanks and Armored vehicles,2023,export,,,,IND->USA_2023
IND,USA,8711,Motorcycles and cycles,2023,export,,,,IND->USA_2023
IND,USA,8712,"Bicycles, delivery tricycles, other cycles",2023,export,,,,IND->USA_2023
IND,USA,8713,Wheelchairs,2023,export,,,,IND->USA_2023
IND,USA,8714,Bi-Wheel Vehicle Parts,2023,export,,,,IND->USA_2023
IND,USA,8715,Baby Carriages,2023,export,,,,IND->USA_2023
IND,USA,8716,"Trailers and semi-trailers, not mechanically propelled vehicles",2023,export,,,,IND->USA_2023
IND,USA,8801,Non-powered Aircraft,2023,export,,,,IND->USA_2023
IND,USA,8802,"Planes, Helicopters, and/or Spacecraft",2023,export,,,,IND->USA_2023
IND,USA,8803,"Aircraft parts (gliders, balloons, and powered aircraft)",2023,export,,,,IND->USA_2023
IND,USA,8804,Parachutes,2023,export,,,,IND->USA_2023
IND,USA,8805,Aircraft Launch Gear,2023,export,,,,IND->USA_2023
IND,USA,8901,Passenger and Cargo Ships,2023,export,,,,IND->USA_2023
IND,USA,8902,Fishing Ships,2023,export,,,,IND->USA_2023
IND,USA,8906,Other Sea Vessels,2023,export,,,,IND->USA_2023
IND,USA,8907,Other Floating Structures,2023,export,,,,IND->USA_2023
IND,USA,9001,Optical Fibers and optical fibre bundles,2023,export,,,,IND->USA_2023
IND,USA,9002,Mirrors and Lenses,2023,export,,,,IND->USA_2023
IND,USA,9003,Eyewear Frames,2023,export,,,,IND->USA_2023
IND,USA,9004,Eyewear,2023,export,,,,IND->USA_2023
IND,USA,9005,Binoculars and Telescopes,2023,export,,,,IND->USA_2023
IND,USA,9006,Cameras,2023,export,,,,IND->USA_2023
IND,USA,9007,Video Cameras,2023,export,,,,IND->USA_2023
IND,USA,9008,Image Projectors,2023,export,,,,IND->USA_2023
IND,USA,9009,Photocopiers,2023,export,,,,IND->USA_2023
IND,USA,9010,Photo Lab Equipment,2023,export,,,,IND->USA_2023
IND,USA,9011,Microscopes,2023,export,,,,IND->USA_2023
IND,USA,9012,Non-optical Microscopes,2023,export,,,,IND->USA_2023
IND,USA,9013,LCDs,2023,export,,,,IND->USA_2023
IND,USA,9014,Compasses,2023,export,,,,IND->USA_2023
IND,USA,9015,Surveying Equipment,2023,export,,,,IND->USA_2023
IND,USA,9016,Balances,2023,export,,,,IND->USA_2023
IND,USA,9017,Drafting Tools,2023,export,,,,IND->USA_2023
IND,USA,9018,Medical Instruments,2023,export,,,,IND->USA_2023
IND,USA,9019,Therapeutic Appliances,2023,export,,,,IND->USA_2023
IND,USA,9020,Breathing Appliances,2023,export,,,,IND->USA_2023
IND,USA,9021,Orthopedic Appliances,2023,export,,,,IND->USA_2023
IND,USA,9022,X-Ray Equipment,2023,export,,,,IND->USA_2023
IND,USA,9023,Instructional Models,2023,export,,,,IND->USA_2023
IND,USA,9024,Tensile Testing Machines,2023,export,,,,IND->USA_2023
IND,USA,9025,Hydrometers,2023,export,,,,IND->USA_2023
IND,USA,9026,Gas and Liquid Flow Measuring Instruments,2023,export,,,,IND->USA_2023
IND,USA,9027,Chemical Analysis Instruments,2023,export,,,,IND->USA_2023
IND,USA,9028,Utility Meters,2023,export,,,,IND->USA_2023
IND,USA,9029,Revolution Counters,2023,export,,,,IND->USA_2023
IND,USA,9030,Oscilloscopes,2023,export,,,,IND->USA_2023
IND,USA,9031,Other Measuring Instruments,2023,export,,,,IND->USA_2023
IND,USA,9032,Thermostats,2023,export,,,,IND->USA_2023
IND,USA,9033,Opto-Electric Instrument Parts,2023,export,,,,IND->USA_2023
IND,USA,9101,Precious Metal Watches,2023,export,,,,IND->USA_2023
IND,USA,9102,Base Metal Watches,2023,export,,,,IND->USA_2023
IND,USA,9103,Clocks with Watch Movements,2023,export,,,,IND->USA_2023
IND,USA,9104,Dashboard Clocks,2023,export,,,,IND->USA_2023
IND,USA,9105,Other Clocks,2023,export,,,,IND->USA_2023
IND,USA,9106,Time Recording Instruments,2023,export,,,,IND->USA_2023
IND,USA,9107,Time Switches,2023,export,,,,IND->USA_2023
IND,USA,9108,Watch Movements,2023,export,,,,IND->USA_2023
IND,USA,9109,Clock Movements,2023,export,,,,IND->USA_2023
IND,USA,9111,Watch Cases and Parts,2023,export,,,,IND->USA_2023
IND,USA,9112,Clock Cases and Parts,2023,export,,,,IND->USA_2023
IND,USA,9113,Watch Straps,2023,export,,,,IND->USA_2023
IND,USA,9114,Other Clocks and Watches,2023,export,,,,IND->USA_2023
IND,USA,9201,Pianos,2023,export,,,,IND->USA_2023
IND,USA,9202,String Instruments,2023,export,,,,IND->USA_2023
IND,USA,9205,Wind Instruments,2023,export,,,,IND->USA_2023
IND,USA,9206,Percussion,2023,export,,,,IND->USA_2023
IND,USA,9207,Electric Musical Instruments,2023,export,,,,IND->USA_2023
IND,USA,9208,Other Musical Instruments,2023,export,,,,IND->USA_2023
IND,USA,9209,Musical Instrument Parts,2023,export,,,,IND->USA_2023
IND,USA,9302,Handguns,2023,export,,,,IND->USA_2023
IND,USA,9303,Other Firearms,2023,export,,,,IND->USA_2023
IND,USA,9304,"Spring, Air, and Gas Guns",2023,export,,,,IND->USA_2023
IND,USA,9305,Weapons Parts and Accessories,2023,export,,,,IND->USA_2023
IND,USA,9306,Explosive Ammunition,2023,export,,,,IND->USA_2023
IND,USA,9307,Bladed Weapons and Accessories,2023,export,,,,IND->USA_2023
IND,USA,9401,Seats,2023,export,,,,IND->USA_2023
IND,USA,9402,Medical Furniture,2023,export,,,,IND->USA_2023
IND,USA,9403,Other Furniture,2023,export,,,,IND->USA_2023
IND,USA,9404,Mattresses,2023,export,,,,IND->USA_2023
IND,USA,9405,Light Fixtures,2023,export,,,,IND->USA_2023
IND,USA,9406,Prefabricated Buildings,2023,export,,,,IND->USA_2023
IND,USA,9503,Other toys,2023,export,,,,IND->USA_2023
IND,USA,9504,Video and Card Games,2023,export,,,,IND->USA_2023
IND,USA,9505,Party Decorations,2023,export,,,,IND->USA_2023
IND,USA,9506,Sports Equipment,2023,export,,,,IND->USA_2023
IND,USA,9507,Fishing and Hunting Equipment,2023,export,,,,IND->USA_2023
IND,USA,9508,Fairground Amusements,2023,export,,,,IND->USA_2023
IND,USA,9601,Worked Ivory and Bone,2023,export,,,,IND->USA_2023
IND,USA,9602,Vegetable and Mineral Carvings,2023,export,,,,IND->USA_2023
IND,USA,9603,Brooms,2023,export,,,,IND->USA_2023
IND,USA,9604,Hand Sifters,2023,export,,,,IND->USA_2023
IND,USA,9605,Travel Kits,2023,export,,,,IND->USA_2023
IND,USA,9606,Buttons,2023,export,,,,IND->USA_2023
IND,USA,9607,Zippers,2023,export,,,,IND->USA_2023
IND,USA,9608,Pens,2023,export,,,,IND->USA_2023
IND,USA,9609,Pencils and Crayons,2023,export,,,,IND->USA_2023
IND,USA,9610,Chalkboards,2023,export,,,,IND->USA_2023
IND,USA,9611,Rubber Stamps,2023,export,,,,IND->USA_2023
IND,USA,9612,Ink Ribbons,2023,export,,,,IND->USA_2023
IND,USA,9613,Lighters,2023,export,,,,IND->USA_2023
IND,USA,9614,Smoking Pipes,2023,export,,,,IND->USA_2023
IND,USA,9615,Combs,2023,export,,,,IND->USA_2023
IND,USA,9616,Scent Sprays,2023,export,,,,IND->USA_2023
IND,USA,9617,Vacuum Flask,2023,export,,,,IND->USA_2023
IND,USA,9618,Mannequins,2023,export,,,,IND->USA_2023
IND,USA,9701,Paintings,2023,export,,,,IND->USA_2023
IND,USA,9702,Prints,2023,export,,,,IND->USA_2023
IND,USA,9703,Sculptures,2023,export,,,,IND->USA_2023
IND,USA,9704,Revenue Stamps,2023,export,,,,IND->USA_2023
IND,USA,9705,Collector's Items,2023,export,,,,IND->USA_2023
IND,USA,9706,Antiques,2023,export,,,,IND->USA_2023
PHL,CHN,106,Other Animals,2023,export,,,,PHL->CHN_2023
PHL,CHN,209,Animal Fat,2023,export,,,,PHL->CHN_2023
PHL,CHN,301,Live Fish,2023,export,,,,PHL->CHN_2023
PHL,CHN,302,Non-fillet Fresh Fish,2023,export,,,,PHL->CHN_2023
PHL,CHN,303,Non-fillet Frozen Fish,2023,export,,,,PHL->CHN_2023
PHL,CHN,304,Fish Fillets,2023,export,,,,PHL->CHN_2023
PHL,CHN,305,Dried/Salted/Smoked/Brined Fish,2023,export,,,,PHL->CHN_2023
PHL,CHN,306,Crustaceans,2023,export,,,,PHL->CHN_2023
PHL,CHN,307,Molluscs,2023,export,,,,PHL->CHN_2023
PHL,CHN,405,Butter,2023,export,,,,PHL->CHN_2023
PHL,CHN,406,Cheese,2023,export,,,,PHL->CHN_2023
PHL,CHN,508,Coral and Shells,2023,export,,,,PHL->CHN_2023
PHL,CHN,511,Other Inedible Animal Products,2023,export,,,,PHL->CHN_2023
PHL,CHN,603,Cut Flowers,2023,export,,,,PHL->CHN_2023
PHL,CHN,709,Other Vegetables,2023,export,,,,PHL->CHN_2023
PHL,CHN,712,Dried Vegetables,2023,export,,,,PHL->CHN_2023
PHL,CHN,801,"Coconuts, Brazil Nuts, and Cashews",2023,export,,,,PHL->CHN_2023
PHL,CHN,803,Bananas,2023,export,,,,PHL->CHN_2023
PHL,CHN,804,Tropical Fruits,2023,export,,,,PHL->CHN_2023
PHL,CHN,807,Melons,2023,export,,,,PHL->CHN_2023
PHL,CHN,810,Other Fruits,2023,export,,,,PHL->CHN_2023
PHL,CHN,811,Frozen Fruits and Nuts,2023,export,,,,PHL->CHN_2023
PHL,CHN,813,Dried Fruits,2023,export,,,,PHL->CHN_2023
PHL,CHN,901,Coffee,2023,export,,,,PHL->CHN_2023
PHL,CHN,902,Tea,2023,export,,,,PHL->CHN_2023
PHL,CHN,1005,Corn,2023,export,,,,PHL->CHN_2023
PHL,CHN,1006,Rice,2023,export,,,,PHL->CHN_2023
PHL,CHN,1106,Legume Flours,2023,export,,,,PHL->CHN_2023
PHL,CHN,1203,Copra,2023,export,,,,PHL->CHN_2023
PHL,CHN,1301,Insect Resins,2023,export,,,,PHL->CHN_2023
PHL,CHN,1302,Vegetable Saps,2023,export,,,,PHL->CHN_2023
PHL,CHN,1401,Vegetable Plaiting Materials,2023,export,,,,PHL->CHN_2023
PHL,CHN,1404,Other Vegetable Products,2023,export,,,,PHL->CHN_2023
PHL,CHN,1511,Palm Oil,2023,export,,,,PHL->CHN_2023
PHL,CHN,1513,Coconut Oil,2023,export,,,,PHL->CHN_2023
PHL,CHN,1515,Other Pure Vegetable Oils,2023,export,,,,PHL->CHN_2023
PHL,CHN,1516,Other Vegetable Oils,2023,export,,,,PHL->CHN_2023
PHL,CHN,1517,Margarine,2023,export,,,,PHL->CHN_2023
PHL,CHN,1518,Inedible Fats and Oils,2023,export,,,,PHL->CHN_2023
PHL,CHN,1519,Stearic Acid,2023,export,,,,PHL->CHN_2023
PHL,CHN,1520,Glycerol,2023,export,,,,PHL->CHN_2023
PHL,CHN,1604,Processed Fish,2023,export,,,,PHL->CHN_2023
PHL,CHN,1605,Processed Crustaceans,2023,export,,,,PHL->CHN_2023
PHL,CHN,1702,Other Sugars,2023,export,,,,PHL->CHN_2023
PHL,CHN,1704,Confectionery Sugar,2023,export,,,,PHL->CHN_2023
PHL,CHN,1803,Cocoa Paste,2023,export,,,,PHL->CHN_2023
PHL,CHN,1804,Cocoa Butter,2023,export,,,,PHL->CHN_2023
PHL,CHN,1805,Cocoa Powder,2023,export,,,,PHL->CHN_2023
PHL,CHN,1806,Chocolate,2023,export,,,,PHL->CHN_2023
PHL,CHN,1902,Pasta,2023,export,,,,PHL->CHN_2023
PHL,CHN,1904,Prepared Cereals,2023,export,,,,PHL->CHN_2023
PHL,CHN,1905,Baked Goods,2023,export,,,,PHL->CHN_2023
PHL,CHN,2002,Processed Tomatoes,2023,export,,,,PHL->CHN_2023
PHL,CHN,2005,Other Processed Vegetables,2023,export,,,,PHL->CHN_2023
PHL,CHN,2006,Sugar Preserved Foods,2023,export,,,,PHL->CHN_2023
PHL,CHN,2007,Jams,2023,export,,,,PHL->CHN_2023
PHL,CHN,2008,Other Processed Fruits and Nuts,2023,export,,,,PHL->CHN_2023
PHL,CHN,2009,Fruit Juice,2023,export,,,,PHL->CHN_2023
PHL,CHN,2101,Coffee and Tea Extracts,2023,export,,,,PHL->CHN_2023
PHL,CHN,2103,Sauces and Seasonings,2023,export,,,,PHL->CHN_2023
PHL,CHN,2105,Ice Cream,2023,export,,,,PHL->CHN_2023
PHL,CHN,2106,Other Edible Preparations,2023,export,,,,PHL->CHN_2023
PHL,CHN,2201,Water,2023,export,,,,PHL->CHN_2023
PHL,CHN,2202,Flavored Water,2023,export,,,,PHL->CHN_2023
PHL,CHN,2203,Beer,2023,export,,,,PHL->CHN_2023
PHL,CHN,2208,Hard Liquor,2023,export,,,,PHL->CHN_2023
PHL,CHN,2209,Vinegar,2023,export,,,,PHL->CHN_2023
PHL,CHN,2306,Other Vegetable Residues,2023,export,,,,PHL->CHN_2023
PHL,CHN,2402,Rolled Tobacco,2023,export,,,,PHL->CHN_2023
PHL,CHN,2501,Salt,2023,export,,,,PHL->CHN_2023
PHL,CHN,2502,Iron Pyrites,2023,export,,,,PHL->CHN_2023
PHL,CHN,2503,Sulphur,2023,export,,,,PHL->CHN_2023
PHL,CHN,2505,Sand,2023,export,,,,PHL->CHN_2023
PHL,CHN,2506,Quartz,2023,export,,,,PHL->CHN_2023
PHL,CHN,2508,Clays,2023,export,,,,PHL->CHN_2023
PHL,CHN,2515,"Marble, Travertine and Alabaster",2023,export,,,,PHL->CHN_2023
PHL,CHN,2523,Cement,2023,export,,,,PHL->CHN_2023
PHL,CHN,2525,Mica,2023,export,,,,PHL->CHN_2023
PHL,CHN,2530,Other Mineral,2023,export,,,,PHL->CHN_2023
PHL,CHN,2601,Iron Ore,2023,export,,,,PHL->CHN_2023
PHL,CHN,2603,Copper Ore,2023,export,,,,PHL->CHN_2023
PHL,CHN,2604,Nickel Ore,2023,export,,,,PHL->CHN_2023
PHL,CHN,2608,Zinc Ore,2023,export,,,,PHL->CHN_2023
PHL,CHN,2610,Chromium Ore,2023,export,,,,PHL->CHN_2023
PHL,CHN,2616,Precious Metal Ore,2023,export,,,,PHL->CHN_2023
PHL,CHN,2701,Coal Briquettes,2023,export,,,,PHL->CHN_2023
PHL,CHN,2702,Lignite,2023,export,,,,PHL->CHN_2023
PHL,CHN,2707,Coal Tar Oil,2023,export,,,,PHL->CHN_2023
PHL,CHN,2710,Refined Petroleum,2023,export,,,,PHL->CHN_2023
PHL,CHN,2711,Petroleum Gas,2023,export,,,,PHL->CHN_2023
PHL,CHN,2712,Petroleum Jelly,2023,export,,,,PHL->CHN_2023
PHL,CHN,2803,Carbon,2023,export,,,,PHL->CHN_2023
PHL,CHN,2804,Hydrogen,2023,export,,,,PHL->CHN_2023
PHL,CHN,2811,Other Inorganic Acids,2023,export,,,,PHL->CHN_2023
PHL,CHN,2817,Zinc Oxide and Peroxide,2023,export,,,,PHL->CHN_2023
PHL,CHN,2820,Manganese Oxides,2023,export,,,,PHL->CHN_2023
PHL,CHN,2825,Inorganic Salts,2023,export,,,,PHL->CHN_2023
PHL,CHN,2827,Chlorides,2023,export,,,,PHL->CHN_2023
PHL,CHN,2830,Sulfides,2023,export,,,,PHL->CHN_2023
PHL,CHN,2833,Sulfates,2023,export,,,,PHL->CHN_2023
PHL,CHN,2835,Phosphinates (hypophosphites) and phosphonates (phosphites),2023,export,,,,PHL->CHN_2023
PHL,CHN,2836,Carbonates,2023,export,,,,PHL->CHN_2023
PHL,CHN,2841,Oxometallic or Peroxometallic Acid Salts,2023,export,,,,PHL->CHN_2023
PHL,CHN,2842,Other Inorganic Acids Salts,2023,export,,,,PHL->CHN_2023
PHL,CHN,2901,Acyclic Hydrocarbons,2023,export,,,,PHL->CHN_2023
PHL,CHN,2902,Cyclic Hydrocarbons,2023,export,,,,PHL->CHN_2023
PHL,CHN,2905,"Acyclic alcohol derivatives (halogenated, sulphonated, nitrated)",2023,export,,,,PHL->CHN_2023
PHL,CHN,2909,Ethers,2023,export,,,,PHL->CHN_2023
PHL,CHN,2912,"Aldehydes, cyclic polymers, and paraformaldehyde",2023,export,,,,PHL->CHN_2023
PHL,CHN,2915,Saturated Acyclic Monocarboxylic Acids,2023,export,,,,PHL->CHN_2023
PHL,CHN,2916,Unsaturated Acyclic Monocarboxylic Acids,2023,export,,,,PHL->CHN_2023
PHL,CHN,2918,Carboxylic Acids,2023,export,,,,PHL->CHN_2023
PHL,CHN,2921,Amine Compounds,2023,export,,,,PHL->CHN_2023
PHL,CHN,2923,Quaternary Ammonium Salts and Hydroxides,2023,export,,,,PHL->CHN_2023
PHL,CHN,2930,Organo-Sulfur Compounds,2023,export,,,,PHL->CHN_2023
PHL,CHN,2932,Oxygen Heterocyclic Compounds,2023,export,,,,PHL->CHN_2023
PHL,CHN,2934,Nucleic Acids,2023,export,,,,PHL->CHN_2023
PHL,CHN,2936,Vitamins,2023,export,,,,PHL->CHN_2023
PHL,CHN,2938,Glycosides,2023,export,,,,PHL->CHN_2023
PHL,CHN,2942,Other Organic Compounds,2023,export,,,,PHL->CHN_2023
PHL,CHN,3002,"Vaccines, blood, antisera, toxins and cultures",2023,export,,,,PHL->CHN_2023
PHL,CHN,3004,Packaged Medicaments,2023,export,,,,PHL->CHN_2023
PHL,CHN,3005,Bandages,2023,export,,,,PHL->CHN_2023
PHL,CHN,3104,Potassic Fertilizers,2023,export,,,,PHL->CHN_2023
PHL,CHN,3204,Synthetic Coloring Matter,2023,export,,,,PHL->CHN_2023
PHL,CHN,3206,Other Coloring Matter,2023,export,,,,PHL->CHN_2023
PHL,CHN,3207,Prepared Pigments,2023,export,,,,PHL->CHN_2023
PHL,CHN,3208,Nonaqueous Paints,2023,export,,,,PHL->CHN_2023
PHL,CHN,3214,Glaziers Putty,2023,export,,,,PHL->CHN_2023
PHL,CHN,3215,Ink,2023,export,,,,PHL->CHN_2023
PHL,CHN,3301,Essential Oils,2023,export,,,,PHL->CHN_2023
PHL,CHN,3302,Scented Mixtures,2023,export,,,,PHL->CHN_2023
PHL,CHN,3303,Perfumes,2023,export,,,,PHL->CHN_2023
PHL,CHN,3304,Beauty Products,2023,export,,,,PHL->CHN_2023
PHL,CHN,3305,Hair Products,2023,export,,,,PHL->CHN_2023
PHL,CHN,3306,Dental Products,2023,export,,,,PHL->CHN_2023
PHL,CHN,3307,Shaving Products,2023,export,,,,PHL->CHN_2023
PHL,CHN,3401,Soap,2023,export,,,,PHL->CHN_2023
PHL,CHN,3402,Cleaning Products,2023,export,,,,PHL->CHN_2023
PHL,CHN,3403,Lubricating Products,2023,export,,,,PHL->CHN_2023
PHL,CHN,3502,Water Soluble Proteins,2023,export,,,,PHL->CHN_2023
PHL,CHN,3504,Peptones,2023,export,,,,PHL->CHN_2023
PHL,CHN,3505,Dextrins,2023,export,,,,PHL->CHN_2023
PHL,CHN,3506,Glues,2023,export,,,,PHL->CHN_2023
PHL,CHN,3701,Photographic Plates,2023,export,,,,PHL->CHN_2023
PHL,CHN,3702,Photographic Film,2023,export,,,,PHL->CHN_2023
PHL,CHN,3706,"Motion-picture film, exposed and developed",2023,export,,,,PHL->CHN_2023
PHL,CHN,3802,Activated Carbon,2023,export,,,,PHL->CHN_2023
PHL,CHN,3808,Pesticides,2023,export,,,,PHL->CHN_2023
PHL,CHN,3810,Metal Pickling Preparations,2023,export,,,,PHL->CHN_2023
PHL,CHN,3811,Antiknock,2023,export,,,,PHL->CHN_2023
PHL,CHN,3812,Prepared Rubber Accelerators,2023,export,,,,PHL->CHN_2023
PHL,CHN,3814,Organic Composite Solvents,2023,export,,,,PHL->CHN_2023
PHL,CHN,3815,Reaction and Catalytic Products,2023,export,,,,PHL->CHN_2023
PHL,CHN,3818,Disc Chemicals for Electronics,2023,export,,,,PHL->CHN_2023
PHL,CHN,3819,Hydraulic Brake Fluid,2023,export,,,,PHL->CHN_2023
PHL,CHN,3822,Laboratory Reagents,2023,export,,,,PHL->CHN_2023
PHL,CHN,3823,"Industrial Fatty Acids, Oils and Alcohols",2023,export,,,,PHL->CHN_2023
PHL,CHN,3901,Ethylene Polymers,2023,export,,,,PHL->CHN_2023
PHL,CHN,3902,Propylene Polymers,2023,export,,,,PHL->CHN_2023
PHL,CHN,3903,Styrene Polymers,2023,export,,,,PHL->CHN_2023
PHL,CHN,3904,Vinyl Chloride Polymers,2023,export,,,,PHL->CHN_2023
PHL,CHN,3906,Acrylic Polymers,2023,export,,,,PHL->CHN_2023
PHL,CHN,3907,Polyacetals,2023,export,,,,PHL->CHN_2023
PHL,CHN,3908,Polyamides,2023,export,,,,PHL->CHN_2023
PHL,CHN,3909,Amino-resins,2023,export,,,,PHL->CHN_2023
PHL,CHN,3910,Silicone,2023,export,,,,PHL->CHN_2023
PHL,CHN,3911,Petroleum Resins,2023,export,,,,PHL->CHN_2023
PHL,CHN,3915,Scrap Plastic,2023,export,,,,PHL->CHN_2023
PHL,CHN,3916,Monofilament,2023,export,,,,PHL->CHN_2023
PHL,CHN,3917,Plastic Pipes,2023,export,,,,PHL->CHN_2023
PHL,CHN,3918,Plastic Floor Coverings,2023,export,,,,PHL->CHN_2023
PHL,CHN,3919,Self-adhesive Plastics,2023,export,,,,PHL->CHN_2023
PHL,CHN,3920,Raw Plastic Sheeting,2023,export,,,,PHL->CHN_2023
PHL,CHN,3921,Other Plastic Sheetings,2023,export,,,,PHL->CHN_2023
PHL,CHN,3922,Plastic Wash Basins,2023,export,,,,PHL->CHN_2023
PHL,CHN,3923,Plastic Lids,2023,export,,,,PHL->CHN_2023
PHL,CHN,3924,Plastic Housewares,2023,export,,,,PHL->CHN_2023
PHL,CHN,3925,Plastic Building Materials,2023,export,,,,PHL->CHN_2023
PHL,CHN,3926,Other Plastic Products,2023,export,,,,PHL->CHN_2023
PHL,CHN,4001,Rubber,2023,export,,,,PHL->CHN_2023
PHL,CHN,4002,Synthetic Rubber,2023,export,,,,PHL->CHN_2023
PHL,CHN,4005,Compounded Unvulcanised Rubber,2023,export,,,,PHL->CHN_2023
PHL,CHN,4008,Rubber Sheets,2023,export,,,,PHL->CHN_2023
PHL,CHN,4009,Rubber Pipes,2023,export,,,,PHL->CHN_2023
PHL,CHN,4010,Rubber Belting,2023,export,,,,PHL->CHN_2023
PHL,CHN,4011,Rubber Tires,2023,export,,,,PHL->CHN_2023
PHL,CHN,4012,Used Rubber Tires,2023,export,,,,PHL->CHN_2023
PHL,CHN,4015,Rubber Apparel,2023,export,,,,PHL->CHN_2023
PHL,CHN,4016,Other Rubber Products,2023,export,,,,PHL->CHN_2023
PHL,CHN,4017,Hard Rubber,2023,export,,,,PHL->CHN_2023
PHL,CHN,4104,Tanned Equine and Bovine Hides,2023,export,,,,PHL->CHN_2023
PHL,CHN,4105,Tanned Sheep Hides,2023,export,,,,PHL->CHN_2023
PHL,CHN,4106,Tanned Goat Hides,2023,export,,,,PHL->CHN_2023
PHL,CHN,4109,Patent Leather,2023,export,,,,PHL->CHN_2023
PHL,CHN,4202,Trunks and Cases,2023,export,,,,PHL->CHN_2023
PHL,CHN,4203,Leather Apparel,2023,export,,,,PHL->CHN_2023
PHL,CHN,4205,Other Leather Articles,2023,export,,,,PHL->CHN_2023
PHL,CHN,4303,Furskin Apparel,2023,export,,,,PHL->CHN_2023
PHL,CHN,4304,Artificial Fur,2023,export,,,,PHL->CHN_2023
PHL,CHN,4401,Fuel Wood,2023,export,,,,PHL->CHN_2023
PHL,CHN,4402,Wood Charcoal,2023,export,,,,PHL->CHN_2023
PHL,CHN,4407,Sawn Wood,2023,export,,,,PHL->CHN_2023
PHL,CHN,4408,Veneer Sheets,2023,export,,,,PHL->CHN_2023
PHL,CHN,4409,Shaped Wood,2023,export,,,,PHL->CHN_2023
PHL,CHN,4410,Particle Board,2023,export,,,,PHL->CHN_2023
PHL,CHN,4411,Wood Fiberboard,2023,export,,,,PHL->CHN_2023
PHL,CHN,4412,Plywood,2023,export,,,,PHL->CHN_2023
PHL,CHN,4414,Wood Frames,2023,export,,,,PHL->CHN_2023
PHL,CHN,4415,Wood Crates,2023,export,,,,PHL->CHN_2023
PHL,CHN,4416,Wood Barrels,2023,export,,,,PHL->CHN_2023
PHL,CHN,4418,Wood Carpentry,2023,export,,,,PHL->CHN_2023
PHL,CHN,4419,Wood Kitchenware,2023,export,,,,PHL->CHN_2023
PHL,CHN,4420,Wood Ornaments,2023,export,,,,PHL->CHN_2023
PHL,CHN,4421,Other Wood Articles,2023,export,,,,PHL->CHN_2023
PHL,CHN,4501,Raw Cork,2023,export,,,,PHL->CHN_2023
PHL,CHN,4504,Agglomerated Cork,2023,export,,,,PHL->CHN_2023
PHL,CHN,4601,Plaiting Products,2023,export,,,,PHL->CHN_2023
PHL,CHN,4602,Basketwork,2023,export,,,,PHL->CHN_2023
PHL,CHN,4706,Recovered Paper Pulp,2023,export,,,,PHL->CHN_2023
PHL,CHN,4802,Uncoated Paper,2023,export,,,,PHL->CHN_2023
PHL,CHN,4805,Other Uncoated Paper,2023,export,,,,PHL->CHN_2023
PHL,CHN,4808,Corrugated Paper,2023,export,,,,PHL->CHN_2023
PHL,CHN,4810,Kaolin Coated Paper,2023,export,,,,PHL->CHN_2023
PHL,CHN,4811,Cellulose Fibers Paper,2023,export,,,,PHL->CHN_2023
PHL,CHN,4813,Cigarette Paper,2023,export,,,,PHL->CHN_2023
PHL,CHN,4814,Wallpaper,2023,export,,,,PHL->CHN_2023
PHL,CHN,4816,Other Carbon Paper,2023,export,,,,PHL->CHN_2023
PHL,CHN,4817,Letter Stock,2023,export,,,,PHL->CHN_2023
PHL,CHN,4818,Toilet Paper,2023,export,,,,PHL->CHN_2023
PHL,CHN,4819,Paper Containers,2023,export,,,,PHL->CHN_2023
PHL,CHN,4820,Paper Notebooks,2023,export,,,,PHL->CHN_2023
PHL,CHN,4821,Paper Labels,2023,export,,,,PHL->CHN_2023
PHL,CHN,4822,Paper Spools,2023,export,,,,PHL->CHN_2023
PHL,CHN,4823,Shaped Paper,2023,export,,,,PHL->CHN_2023
PHL,CHN,4901,Brochures,2023,export,,,,PHL->CHN_2023
PHL,CHN,4902,Newspapers,2023,export,,,,PHL->CHN_2023
PHL,CHN,4903,Children's Picture Books,2023,export,,,,PHL->CHN_2023
PHL,CHN,4907,Documents of title (bonds etc) and unused stamps,2023,export,,,,PHL->CHN_2023
PHL,CHN,4908,Decals,2023,export,,,,PHL->CHN_2023
PHL,CHN,4909,Postcards,2023,export,,,,PHL->CHN_2023
PHL,CHN,4910,Calendars,2023,export,,,,PHL->CHN_2023
PHL,CHN,4911,Other Printed Material,2023,export,,,,PHL->CHN_2023
PHL,CHN,5109,Retail Wool or Animal Hair Yarn,2023,export,,,,PHL->CHN_2023
PHL,CHN,5204,Cotton Sewing Thread,2023,export,,,,PHL->CHN_2023
PHL,CHN,5206,Non-Retail Mixed Cotton Yarn,2023,export,,,,PHL->CHN_2023
PHL,CHN,5208,Light Pure Woven Cotton,2023,export,,,,PHL->CHN_2023
PHL,CHN,5210,Light Mixed Woven Cotton,2023,export,,,,PHL->CHN_2023
PHL,CHN,5303,Jute and Other Textile Fibers,2023,export,,,,PHL->CHN_2023
PHL,CHN,5305,Coconut and Other Vegetable Fibers,2023,export,,,,PHL->CHN_2023
PHL,CHN,5307,Jute Yarn,2023,export,,,,PHL->CHN_2023
PHL,CHN,5308,Other Vegetable Fibers Yarn,2023,export,,,,PHL->CHN_2023
PHL,CHN,5309,Flax Woven Fabric,2023,export,,,,PHL->CHN_2023
PHL,CHN,5310,Jute Woven Fabric,2023,export,,,,PHL->CHN_2023
PHL,CHN,5311,Other Vegetable Fibers Fabric,2023,export,,,,PHL->CHN_2023
PHL,CHN,5401,Artificial Filament Sewing Thread,2023,export,,,,PHL->CHN_2023
PHL,CHN,5402,Non-Retail Synthetic Filament Yarn,2023,export,,,,PHL->CHN_2023
PHL,CHN,5403,Non-Retail Artificial Filament Yarn,2023,export,,,,PHL->CHN_2023
PHL,CHN,5404,Synthetic Monofilament,2023,export,,,,PHL->CHN_2023
PHL,CHN,5406,Retail Artificial Filament Yarn,2023,export,,,,PHL->CHN_2023
PHL,CHN,5407,Synthetic Filament Yarn Woven Fabric,2023,export,,,,PHL->CHN_2023
PHL,CHN,5502,Artificial Filament Tow,2023,export,,,,PHL->CHN_2023
PHL,CHN,5509,Non-Retail Synthetic Staple Fibers Yarn,2023,export,,,,PHL->CHN_2023
PHL,CHN,5512,Synthetic Fabrics,2023,export,,,,PHL->CHN_2023
PHL,CHN,5516,Woven Fabric of Synthetic Staple Fibers,2023,export,,,,PHL->CHN_2023
PHL,CHN,5601,Wadding,2023,export,,,,PHL->CHN_2023
PHL,CHN,5602,Felt,2023,export,,,,PHL->CHN_2023
PHL,CHN,5603,Non-woven Textiles,2023,export,,,,PHL->CHN_2023
PHL,CHN,5604,Rubber Textiles,2023,export,,,,PHL->CHN_2023
PHL,CHN,5607,Twine and Rope,2023,export,,,,PHL->CHN_2023
PHL,CHN,5608,"Twine, cordage or rope; knotted netting, made up fishing nets and other made up nets, of textile materials",2023,export,,,,PHL->CHN_2023
PHL,CHN,5609,Other Articles of Twine and Rope,2023,export,,,,PHL->CHN_2023
PHL,CHN,5804,Tulles and Net Fabric,2023,export,,,,PHL->CHN_2023
PHL,CHN,5806,Narrow Woven Fabric,2023,export,,,,PHL->CHN_2023
PHL,CHN,5807,Labels,2023,export,,,,PHL->CHN_2023
PHL,CHN,5808,Ornamental Trimmings,2023,export,,,,PHL->CHN_2023
PHL,CHN,5810,Embroidery,2023,export,,,,PHL->CHN_2023
PHL,CHN,5902,Polyamide Fabric,2023,export,,,,PHL->CHN_2023
PHL,CHN,5903,Plastic Coated Textile Fabric,2023,export,,,,PHL->CHN_2023
PHL,CHN,5905,Textile Wall Coverings,2023,export,,,,PHL->CHN_2023
PHL,CHN,5906,Rubber Textile Fabric,2023,export,,,,PHL->CHN_2023
PHL,CHN,5907,Coated Textile Fabric,2023,export,,,,PHL->CHN_2023
PHL,CHN,5909,Hose Piping Textiles,2023,export,,,,PHL->CHN_2023
PHL,CHN,5910,Conveyor Belt Textiles,2023,export,,,,PHL->CHN_2023
PHL,CHN,5911,Textiles for technical uses,2023,export,,,,PHL->CHN_2023
PHL,CHN,6002,Light Rubberized Knitted Fabric,2023,export,,,,PHL->CHN_2023
PHL,CHN,6101,Knit Men's Coats,2023,export,,,,PHL->CHN_2023
PHL,CHN,6102,Knit Women's Coats,2023,export,,,,PHL->CHN_2023
PHL,CHN,6103,Knit Men's Suits,2023,export,,,,PHL->CHN_2023
PHL,CHN,6104,Knit Women's Suits,2023,export,,,,PHL->CHN_2023
PHL,CHN,6105,Knit Men's Shirts,2023,export,,,,PHL->CHN_2023
PHL,CHN,6106,Knit Women's Shirts,2023,export,,,,PHL->CHN_2023
PHL,CHN,6107,Knit Men's Undergarments,2023,export,,,,PHL->CHN_2023
PHL,CHN,6108,Knit Women's Undergarments,2023,export,,,,PHL->CHN_2023
PHL,CHN,6109,Knit T-shirts,2023,export,,,,PHL->CHN_2023
PHL,CHN,6110,Knit Sweaters,2023,export,,,,PHL->CHN_2023
PHL,CHN,6111,Knit Babies' Garments,2023,export,,,,PHL->CHN_2023
PHL,CHN,6112,Knit Active Wear,2023,export,,,,PHL->CHN_2023
PHL,CHN,6113,Garments of Impregnated Fabric,2023,export,,,,PHL->CHN_2023
PHL,CHN,6114,Other Knit Garments,2023,export,,,,PHL->CHN_2023
PHL,CHN,6115,Knit Socks and Hosiery,2023,export,,,,PHL->CHN_2023
PHL,CHN,6116,Knit Gloves,2023,export,,,,PHL->CHN_2023
PHL,CHN,6117,Other Knit Clothing Accessories,2023,export,,,,PHL->CHN_2023
PHL,CHN,6201,Non-Knit Men's Coats,2023,export,,,,PHL->CHN_2023
PHL,CHN,6202,Non-Knit Women's Coats,2023,export,,,,PHL->CHN_2023
PHL,CHN,6203,Non-Knit Men's Suits,2023,export,,,,PHL->CHN_2023
PHL,CHN,6204,Non-Knit Women's Suits,2023,export,,,,PHL->CHN_2023
PHL,CHN,6205,Non-Knit Men's Shirts,2023,export,,,,PHL->CHN_2023
PHL,CHN,6206,Non-Knit Women's Shirts,2023,export,,,,PHL->CHN_2023
PHL,CHN,6207,Non-Knit Men's Undergarments,2023,export,,,,PHL->CHN_2023
PHL,CHN,6208,Non-Knit Women's Undergarments,2023,export,,,,PHL->CHN_2023
PHL,CHN,6209,Non-Knit Babies' Garments,2023,export,,,,PHL->CHN_2023
PHL,CHN,6210,Felt or Coated Fabric Garments,2023,export,,,,PHL->CHN_2023
PHL,CHN,6211,Non-Knit Active Wear,2023,export,,,,PHL->CHN_2023
PHL,CHN,6212,Other Women's Undergarments,2023,export,,,,PHL->CHN_2023
PHL,CHN,6213,Handkerchiefs,2023,export,,,,PHL->CHN_2023
PHL,CHN,6214,Scarves,2023,export,,,,PHL->CHN_2023
PHL,CHN,6216,Non-Knit Gloves,2023,export,,,,PHL->CHN_2023
PHL,CHN,6217,Other Non-Knit Clothing Accessories,2023,export,,,,PHL->CHN_2023
PHL,CHN,6301,Blankets,2023,export,,,,PHL->CHN_2023
PHL,CHN,6302,House Linens,2023,export,,,,PHL->CHN_2023
PHL,CHN,6303,Window Dressings,2023,export,,,,PHL->CHN_2023
PHL,CHN,6304,Bedspreads,2023,export,,,,PHL->CHN_2023
PHL,CHN,6305,Packing Bags,2023,export,,,,PHL->CHN_2023
PHL,CHN,6306,"Awnings, Tents, and Sails",2023,export,,,,PHL->CHN_2023
PHL,CHN,6307,Other Cloth Articles,2023,export,,,,PHL->CHN_2023
PHL,CHN,6402,Rubber Footwear,2023,export,,,,PHL->CHN_2023
PHL,CHN,6403,Leather Footwear,2023,export,,,,PHL->CHN_2023
PHL,CHN,6404,Textile Footwear,2023,export,,,,PHL->CHN_2023
PHL,CHN,6405,Other Footwear,2023,export,,,,PHL->CHN_2023
PHL,CHN,6406,Footwear Parts,2023,export,,,,PHL->CHN_2023
PHL,CHN,6502,Hat Shapes,2023,export,,,,PHL->CHN_2023
PHL,CHN,6504,Hats,2023,export,,,,PHL->CHN_2023
PHL,CHN,6505,Knitted Hats,2023,export,,,,PHL->CHN_2023
PHL,CHN,6506,Other Headwear,2023,export,,,,PHL->CHN_2023
PHL,CHN,6602,Walking Sticks,2023,export,,,,PHL->CHN_2023
PHL,CHN,6702,Artificial Vegetation,2023,export,,,,PHL->CHN_2023
PHL,CHN,6703,Processed Hair,2023,export,,,,PHL->CHN_2023
PHL,CHN,6704,Fake Hair,2023,export,,,,PHL->CHN_2023
PHL,CHN,6802,Building Stone,2023,export,,,,PHL->CHN_2023
PHL,CHN,6804,Milling Stones,2023,export,,,,PHL->CHN_2023
PHL,CHN,6805,Abrasive Powder,2023,export,,,,PHL->CHN_2023
PHL,CHN,6809,Plaster Articles,2023,export,,,,PHL->CHN_2023
PHL,CHN,6810,Cement Articles,2023,export,,,,PHL->CHN_2023
PHL,CHN,6811,Asbestos Cement Articles,2023,export,,,,PHL->CHN_2023
PHL,CHN,6813,Friction Material,2023,export,,,,PHL->CHN_2023
PHL,CHN,6815,Other Stone Articles,2023,export,,,,PHL->CHN_2023
PHL,CHN,6903,Refractory Ceramics,2023,export,,,,PHL->CHN_2023
PHL,CHN,6907,Unglazed Ceramics,2023,export,,,,PHL->CHN_2023
PHL,CHN,6909,Laboratory Ceramic Ware,2023,export,,,,PHL->CHN_2023
PHL,CHN,6910,Bathroom Ceramics,2023,export,,,,PHL->CHN_2023
PHL,CHN,6911,Porcelain Tableware,2023,export,,,,PHL->CHN_2023
PHL,CHN,6912,Ceramic Tableware,2023,export,,,,PHL->CHN_2023
PHL,CHN,6913,Ornamental Ceramics,2023,export,,,,PHL->CHN_2023
PHL,CHN,6914,Other Ceramic Articles,2023,export,,,,PHL->CHN_2023
PHL,CHN,7001,Glass Scraps,2023,export,,,,PHL->CHN_2023
PHL,CHN,7002,Glass Balls,2023,export,,,,PHL->CHN_2023
PHL,CHN,7003,Cast or Rolled Glass,2023,export,,,,PHL->CHN_2023
PHL,CHN,7004,Blown Glass,2023,export,,,,PHL->CHN_2023
PHL,CHN,7005,Float Glass,2023,export,,,,PHL->CHN_2023
PHL,CHN,7006,Glass with Edge Workings,2023,export,,,,PHL->CHN_2023
PHL,CHN,7007,Safety Glass,2023,export,,,,PHL->CHN_2023
PHL,CHN,7009,Glass Mirrors,2023,export,,,,PHL->CHN_2023
PHL,CHN,7010,Glass Bottles,2023,export,,,,PHL->CHN_2023
PHL,CHN,7013,Interior Decorative Glassware,2023,export,,,,PHL->CHN_2023
PHL,CHN,7014,Signaling Glassware,2023,export,,,,PHL->CHN_2023
PHL,CHN,7015,Eyewear and Clock Glass,2023,export,,,,PHL->CHN_2023
PHL,CHN,7016,Glass Bricks,2023,export,,,,PHL->CHN_2023
PHL,CHN,7017,Laboratory Glassware,2023,export,,,,PHL->CHN_2023
PHL,CHN,7018,Glass Beads,2023,export,,,,PHL->CHN_2023
PHL,CHN,7019,Glass Fibers,2023,export,,,,PHL->CHN_2023
PHL,CHN,7020,Other Glass Articles,2023,export,,,,PHL->CHN_2023
PHL,CHN,7101,Pearls,2023,export,,,,PHL->CHN_2023
PHL,CHN,7103,Precious Stones,2023,export,,,,PHL->CHN_2023
PHL,CHN,7104,Synthetic Reconstructed Jewellery Stones,2023,export,,,,PHL->CHN_2023
PHL,CHN,7106,Silver,2023,export,,,,PHL->CHN_2023
PHL,CHN,7107,Silver Clad Metals,2023,export,,,,PHL->CHN_2023
PHL,CHN,7108,Gold,2023,export,,,,PHL->CHN_2023
PHL,CHN,7112,Precious Metal Scraps,2023,export,,,,PHL->CHN_2023
PHL,CHN,7113,Jewellery,2023,export,,,,PHL->CHN_2023
PHL,CHN,7115,Other Precious Metal Products,2023,export,,,,PHL->CHN_2023
PHL,CHN,7116,Pearl Products,2023,export,,,,PHL->CHN_2023
PHL,CHN,7117,Imitation Jewellery,2023,export,,,,PHL->CHN_2023
PHL,CHN,7201,Pig Iron,2023,export,,,,PHL->CHN_2023
PHL,CHN,7202,Ferroalloys,2023,export,,,,PHL->CHN_2023
PHL,CHN,7203,Iron Reductions,2023,export,,,,PHL->CHN_2023
PHL,CHN,7204,Scrap Iron,2023,export,,,,PHL->CHN_2023
PHL,CHN,7205,Iron Powder,2023,export,,,,PHL->CHN_2023
PHL,CHN,7208,Hot-Rolled Iron,2023,export,,,,PHL->CHN_2023
PHL,CHN,7209,Cold-Rolled Iron,2023,export,,,,PHL->CHN_2023
PHL,CHN,7210,Coated Flat-Rolled Iron,2023,export,,,,PHL->CHN_2023
PHL,CHN,7212,Large Coated Flat-Rolled Iron,2023,export,,,,PHL->CHN_2023
PHL,CHN,7213,Hot-Rolled Iron Bars,2023,export,,,,PHL->CHN_2023
PHL,CHN,7214,Raw Iron Bars,2023,export,,,,PHL->CHN_2023
PHL,CHN,7216,Iron Blocks,2023,export,,,,PHL->CHN_2023
PHL,CHN,7217,Iron Wire,2023,export,,,,PHL->CHN_2023
PHL,CHN,7218,Stainless Steel Ingots,2023,export,,,,PHL->CHN_2023
PHL,CHN,7219,Large Flat-Rolled Stainless Steel,2023,export,,,,PHL->CHN_2023
PHL,CHN,7220,Flat-Rolled Stainless Steel,2023,export,,,,PHL->CHN_2023
PHL,CHN,7223,Stainless Steel Wire,2023,export,,,,PHL->CHN_2023
PHL,CHN,7225,Flat Flat-Rolled Steel,2023,export,,,,PHL->CHN_2023
PHL,CHN,7226,Flat-Rolled Iron,2023,export,,,,PHL->CHN_2023
PHL,CHN,7227,Steel Bars,2023,export,,,,PHL->CHN_2023
PHL,CHN,7228,Other Steel Bars,2023,export,,,,PHL->CHN_2023
PHL,CHN,7301,Iron Sheet Piling,2023,export,,,,PHL->CHN_2023
PHL,CHN,7302,Iron Railway Products,2023,export,,,,PHL->CHN_2023
PHL,CHN,7303,Cast Iron Pipes,2023,export,,,,PHL->CHN_2023
PHL,CHN,7304,Iron Pipes,2023,export,,,,PHL->CHN_2023
PHL,CHN,7306,Other Small Iron Pipes,2023,export,,,,PHL->CHN_2023
PHL,CHN,7307,Iron Pipe Fittings,2023,export,,,,PHL->CHN_2023
PHL,CHN,7308,Iron Structures,2023,export,,,,PHL->CHN_2023
PHL,CHN,7309,Large Iron Containers,2023,export,,,,PHL->CHN_2023
PHL,CHN,7310,Small Iron Containers,2023,export,,,,PHL->CHN_2023
PHL,CHN,7311,Iron Gas Containers,2023,export,,,,PHL->CHN_2023
PHL,CHN,7312,Stranded Iron Wire,2023,export,,,,PHL->CHN_2023
PHL,CHN,7314,Iron Cloth,2023,export,,,,PHL->CHN_2023
PHL,CHN,7315,Iron Chains,2023,export,,,,PHL->CHN_2023
PHL,CHN,7318,Iron Fasteners,2023,export,,,,PHL->CHN_2023
PHL,CHN,7319,Iron Sewing Needles,2023,export,,,,PHL->CHN_2023
PHL,CHN,7320,Iron Springs,2023,export,,,,PHL->CHN_2023
PHL,CHN,7322,Iron Radiators,2023,export,,,,PHL->CHN_2023
PHL,CHN,7323,Iron Housewares,2023,export,,,,PHL->CHN_2023
PHL,CHN,7324,Iron Toiletry,2023,export,,,,PHL->CHN_2023
PHL,CHN,7325,Other Cast Iron Products,2023,export,,,,PHL->CHN_2023
PHL,CHN,7326,Other Iron Products,2023,export,,,,PHL->CHN_2023
PHL,CHN,7402,Raw Copper,2023,export,,,,PHL->CHN_2023
PHL,CHN,7403,Refined Copper,2023,export,,,,PHL->CHN_2023
PHL,CHN,7404,Scrap Copper,2023,export,,,,PHL->CHN_2023
PHL,CHN,7408,Copper Wire,2023,export,,,,PHL->CHN_2023
PHL,CHN,7409,Copper Plating,2023,export,,,,PHL->CHN_2023
PHL,CHN,7410,Copper Foil,2023,export,,,,PHL->CHN_2023
PHL,CHN,7411,Copper Pipes,2023,export,,,,PHL->CHN_2023
PHL,CHN,7412,Copper Pipe Fittings,2023,export,,,,PHL->CHN_2023
PHL,CHN,7413,Stranded Copper Wire,2023,export,,,,PHL->CHN_2023
PHL,CHN,7415,Copper Fasteners,2023,export,,,,PHL->CHN_2023
PHL,CHN,7416,Copper Springs,2023,export,,,,PHL->CHN_2023
PHL,CHN,7418,Copper Housewares,2023,export,,,,PHL->CHN_2023
PHL,CHN,7419,Other Copper Products,2023,export,,,,PHL->CHN_2023
PHL,CHN,7501,Nickel Mattes,2023,export,,,,PHL->CHN_2023
PHL,CHN,7505,Nickel Bars,2023,export,,,,PHL->CHN_2023
PHL,CHN,7601,Raw Aluminium,2023,export,,,,PHL->CHN_2023
PHL,CHN,7602,Scrap Aluminium,2023,export,,,,PHL->CHN_2023
PHL,CHN,7603,Aluminium Powder,2023,export,,,,PHL->CHN_2023
PHL,CHN,7604,Aluminium Bars,2023,export,,,,PHL->CHN_2023
PHL,CHN,7605,Aluminium Wire,2023,export,,,,PHL->CHN_2023
PHL,CHN,7606,Aluminium Plating,2023,export,,,,PHL->CHN_2023
PHL,CHN,7607,Aluminium Foil,2023,export,,,,PHL->CHN_2023
PHL,CHN,7609,Aluminium Pipe Fittings,2023,export,,,,PHL->CHN_2023
PHL,CHN,7610,Aluminium Structures,2023,export,,,,PHL->CHN_2023
PHL,CHN,7611,Large Aluminium Containers,2023,export,,,,PHL->CHN_2023
PHL,CHN,7612,Aluminium Cans,2023,export,,,,PHL->CHN_2023
PHL,CHN,7614,Stranded Aluminium Wire,2023,export,,,,PHL->CHN_2023
PHL,CHN,7615,Aluminium Housewares,2023,export,,,,PHL->CHN_2023
PHL,CHN,7616,Other Aluminium Products,2023,export,,,,PHL->CHN_2023
PHL,CHN,7801,Raw Lead,2023,export,,,,PHL->CHN_2023
PHL,CHN,7802,Scrap Lead,2023,export,,,,PHL->CHN_2023
PHL,CHN,7806,Other Lead Products,2023,export,,,,PHL->CHN_2023
PHL,CHN,7901,Raw Zinc,2023,export,,,,PHL->CHN_2023
PHL,CHN,7903,Zinc Powder,2023,export,,,,PHL->CHN_2023
PHL,CHN,7905,Zinc Sheets,2023,export,,,,PHL->CHN_2023
PHL,CHN,7907,Other Zinc Products,2023,export,,,,PHL->CHN_2023
PHL,CHN,8001,Raw Tin,2023,export,,,,PHL->CHN_2023
PHL,CHN,8003,Tin Bars,2023,export,,,,PHL->CHN_2023
PHL,CHN,8007,Other Tin Products,2023,export,,,,PHL->CHN_2023
PHL,CHN,8101,Tungsten,2023,export,,,,PHL->CHN_2023
PHL,CHN,8105,Cobalt,2023,export,,,,PHL->CHN_2023
PHL,CHN,8108,Titanium,2023,export,,,,PHL->CHN_2023
PHL,CHN,8112,Other Metals,2023,export,,,,PHL->CHN_2023
PHL,CHN,8113,Cermets,2023,export,,,,PHL->CHN_2023
PHL,CHN,8201,Garden Tools,2023,export,,,,PHL->CHN_2023
PHL,CHN,8202,Hand Saws,2023,export,,,,PHL->CHN_2023
PHL,CHN,8203,Hand Tools,2023,export,,,,PHL->CHN_2023
PHL,CHN,8204,Wrenches,2023,export,,,,PHL->CHN_2023
PHL,CHN,8205,Other Hand Tools,2023,export,,,,PHL->CHN_2023
PHL,CHN,8206,Tool Sets,2023,export,,,,PHL->CHN_2023
PHL,CHN,8207,Interchangeable Tool Parts,2023,export,,,,PHL->CHN_2023
PHL,CHN,8208,Cutting Blades,2023,export,,,,PHL->CHN_2023
PHL,CHN,8211,Knives,2023,export,,,,PHL->CHN_2023
PHL,CHN,8213,Scissors,2023,export,,,,PHL->CHN_2023
PHL,CHN,8215,Cutlery Sets,2023,export,,,,PHL->CHN_2023
PHL,CHN,8301,Padlocks,2023,export,,,,PHL->CHN_2023
PHL,CHN,8302,Metal Mountings,2023,export,,,,PHL->CHN_2023
PHL,CHN,8306,Bells and Other Metal Ornaments,2023,export,,,,PHL->CHN_2023
PHL,CHN,8307,Flexible Metal Tubing,2023,export,,,,PHL->CHN_2023
PHL,CHN,8308,Other Metal Fasteners,2023,export,,,,PHL->CHN_2023
PHL,CHN,8309,Metal Stoppers,2023,export,,,,PHL->CHN_2023
PHL,CHN,8310,Metal Signs,2023,export,,,,PHL->CHN_2023
PHL,CHN,8311,Coated Metal Soldering Products,2023,export,,,,PHL->CHN_2023
PHL,CHN,8402,Steam Boilers,2023,export,,,,PHL->CHN_2023
PHL,CHN,8407,Spark-Ignition Engines,2023,export,,,,PHL->CHN_2023
PHL,CHN,8408,Combustion Engines,2023,export,,,,PHL->CHN_2023
PHL,CHN,8409,Engine Parts,2023,export,,,,PHL->CHN_2023
PHL,CHN,8411,Gas Turbines,2023,export,,,,PHL->CHN_2023
PHL,CHN,8412,Other Engines,2023,export,,,,PHL->CHN_2023
PHL,CHN,8413,Liquid Pumps,2023,export,,,,PHL->CHN_2023
PHL,CHN,8414,Air Pumps,2023,export,,,,PHL->CHN_2023
PHL,CHN,8415,Air Conditioners,2023,export,,,,PHL->CHN_2023
PHL,CHN,8417,Industrial Furnaces,2023,export,,,,PHL->CHN_2023
PHL,CHN,8418,Refrigerators,2023,export,,,,PHL->CHN_2023
PHL,CHN,8419,Other Heating Machinery,2023,export,,,,PHL->CHN_2023
PHL,CHN,8421,Centrifuges,2023,export,,,,PHL->CHN_2023
PHL,CHN,8422,Washing and Bottling Machines,2023,export,,,,PHL->CHN_2023
PHL,CHN,8423,Scales,2023,export,,,,PHL->CHN_2023
PHL,CHN,8424,Liquid Dispersing Machines,2023,export,,,,PHL->CHN_2023
PHL,CHN,8425,Pulley Systems,2023,export,,,,PHL->CHN_2023
PHL,CHN,8428,Lifting Machinery,2023,export,,,,PHL->CHN_2023
PHL,CHN,8430,Other Construction Vehicles,2023,export,,,,PHL->CHN_2023
PHL,CHN,8431,Excavation Machinery,2023,export,,,,PHL->CHN_2023
PHL,CHN,8433,Harvesting Machinery,2023,export,,,,PHL->CHN_2023
PHL,CHN,8436,Other Agricultural Machinery,2023,export,,,,PHL->CHN_2023
PHL,CHN,8438,Industrial Food Preperation Machinery,2023,export,,,,PHL->CHN_2023
PHL,CHN,8439,Papermaking Machines,2023,export,,,,PHL->CHN_2023
PHL,CHN,8441,Other Paper Machinery,2023,export,,,,PHL->CHN_2023
PHL,CHN,8443,Industrial Printers,2023,export,,,,PHL->CHN_2023
PHL,CHN,8446,Looms,2023,export,,,,PHL->CHN_2023
PHL,CHN,8448,Knitting Machine Accessories,2023,export,,,,PHL->CHN_2023
PHL,CHN,8450,Household Washing Machines,2023,export,,,,PHL->CHN_2023
PHL,CHN,8451,Textile Processing Machines,2023,export,,,,PHL->CHN_2023
PHL,CHN,8452,Sewing Machines,2023,export,,,,PHL->CHN_2023
PHL,CHN,8453,Leather Machinery,2023,export,,,,PHL->CHN_2023
PHL,CHN,8455,Metal-Rolling Mills,2023,export,,,,PHL->CHN_2023
PHL,CHN,8456,Non-Mechanical Removal Machinery,2023,export,,,,PHL->CHN_2023
PHL,CHN,8458,Metal Lathes,2023,export,,,,PHL->CHN_2023
PHL,CHN,8460,Metal Finishing Machines,2023,export,,,,PHL->CHN_2023
PHL,CHN,8462,Forging Machines,2023,export,,,,PHL->CHN_2023
PHL,CHN,8466,Metalworking Machine Parts,2023,export,,,,PHL->CHN_2023
PHL,CHN,8467,Motor-working Tools,2023,export,,,,PHL->CHN_2023
PHL,CHN,8468,Soldering and Welding Machinery,2023,export,,,,PHL->CHN_2023
PHL,CHN,8470,Calculators,2023,export,,,,PHL->CHN_2023
PHL,CHN,8471,Computers,2023,export,,,,PHL->CHN_2023
PHL,CHN,8472,Other Office Machines,2023,export,,,,PHL->CHN_2023
PHL,CHN,8473,Office Machine Parts,2023,export,,,,PHL->CHN_2023
PHL,CHN,8474,Stone Processing Machines,2023,export,,,,PHL->CHN_2023
PHL,CHN,8476,Vending Machines,2023,export,,,,PHL->CHN_2023
PHL,CHN,8477,Rubberworking Machinery,2023,export,,,,PHL->CHN_2023
PHL,CHN,8478,Tobacco Processing Machines,2023,export,,,,PHL->CHN_2023
PHL,CHN,8479,Machinery Having Individual Functions,2023,export,,,,PHL->CHN_2023
PHL,CHN,8480,Metal Molds,2023,export,,,,PHL->CHN_2023
PHL,CHN,8481,Valves,2023,export,,,,PHL->CHN_2023
PHL,CHN,8482,Ball Bearings,2023,export,,,,PHL->CHN_2023
PHL,CHN,8483,Transmissions,2023,export,,,,PHL->CHN_2023
PHL,CHN,8484,Gaskets,2023,export,,,,PHL->CHN_2023
PHL,CHN,8485,Boat Propellers,2023,export,,,,PHL->CHN_2023
PHL,CHN,8501,Electric Motors,2023,export,,,,PHL->CHN_2023
PHL,CHN,8502,Electric Generating Sets,2023,export,,,,PHL->CHN_2023
PHL,CHN,8503,Electric Motor Parts,2023,export,,,,PHL->CHN_2023
PHL,CHN,8504,Electrical Transformers,2023,export,,,,PHL->CHN_2023
PHL,CHN,8505,Electromagnets,2023,export,,,,PHL->CHN_2023
PHL,CHN,8506,Batteries,2023,export,,,,PHL->CHN_2023
PHL,CHN,8507,Electric Batteries,2023,export,,,,PHL->CHN_2023
PHL,CHN,8508,Vacuum Cleaners,2023,export,,,,PHL->CHN_2023
PHL,CHN,8509,Other Domestic Electric Housewares,2023,export,,,,PHL->CHN_2023
PHL,CHN,8510,Hair Trimmers,2023,export,,,,PHL->CHN_2023
PHL,CHN,8511,Electrical Ignitions,2023,export,,,,PHL->CHN_2023
PHL,CHN,8512,Electrical Lighting and Signalling Equipment,2023,export,,,,PHL->CHN_2023
PHL,CHN,8513,Portable Lighting,2023,export,,,,PHL->CHN_2023
PHL,CHN,8514,Electric Furnaces,2023,export,,,,PHL->CHN_2023
PHL,CHN,8515,Electric Soldering Equipment,2023,export,,,,PHL->CHN_2023
PHL,CHN,8516,Electric Heaters,2023,export,,,,PHL->CHN_2023
PHL,CHN,8517,Telephones,2023,export,,,,PHL->CHN_2023
PHL,CHN,8518,Microphones and Headphones,2023,export,,,,PHL->CHN_2023
PHL,CHN,8519,Sound Recording Equipment,2023,export,,,,PHL->CHN_2023
PHL,CHN,8521,Video Recording Equipment,2023,export,,,,PHL->CHN_2023
PHL,CHN,8522,Audio and Video Recording Accessories,2023,export,,,,PHL->CHN_2023
PHL,CHN,8523,Blank Audio Media,2023,export,,,,PHL->CHN_2023
PHL,CHN,8525,Broadcasting Equipment,2023,export,,,,PHL->CHN_2023
PHL,CHN,8526,Navigation Equipment,2023,export,,,,PHL->CHN_2023
PHL,CHN,8527,Radio Receivers,2023,export,,,,PHL->CHN_2023
PHL,CHN,8528,Video Displays,2023,export,,,,PHL->CHN_2023
PHL,CHN,8529,Broadcasting Accessories,2023,export,,,,PHL->CHN_2023
PHL,CHN,8530,Traffic Signals,2023,export,,,,PHL->CHN_2023
PHL,CHN,8531,Audio Alarms,2023,export,,,,PHL->CHN_2023
PHL,CHN,8532,Electrical Capacitors,2023,export,,,,PHL->CHN_2023
PHL,CHN,8533,Electrical Resistors,2023,export,,,,PHL->CHN_2023
PHL,CHN,8534,Printed Circuit Boards,2023,export,,,,PHL->CHN_2023
PHL,CHN,8535,High-voltage Protection Equipment,2023,export,,,,PHL->CHN_2023
PHL,CHN,8536,Low-voltage Protection Equipment,2023,export,,,,PHL->CHN_2023
PHL,CHN,8537,Electrical Control Boards,2023,export,,,,PHL->CHN_2023
PHL,CHN,8538,Electrical Power Accessories,2023,export,,,,PHL->CHN_2023
PHL,CHN,8539,Electric Filament,2023,export,,,,PHL->CHN_2023
PHL,CHN,8540,Cathode Tubes,2023,export,,,,PHL->CHN_2023
PHL,CHN,8541,Semiconductor Devices,2023,export,,,,PHL->CHN_2023
PHL,CHN,8542,Integrated Circuits,2023,export,,,,PHL->CHN_2023
PHL,CHN,8543,Other Electrical Machinery,2023,export,,,,PHL->CHN_2023
PHL,CHN,8544,Insulated Wire,2023,export,,,,PHL->CHN_2023
PHL,CHN,8545,Carbon-based Electronics,2023,export,,,,PHL->CHN_2023
PHL,CHN,8546,Electrical Insulators,2023,export,,,,PHL->CHN_2023
PHL,CHN,8547,Metal Insulating Fittings,2023,export,,,,PHL->CHN_2023
PHL,CHN,8548,Electrical Parts,2023,export,,,,PHL->CHN_2023
PHL,CHN,8607,Locomotive Parts,2023,export,,,,PHL->CHN_2023
PHL,CHN,8609,Railway Cargo Containers,2023,export,,,,PHL->CHN_2023
PHL,CHN,8702,Buses,2023,export,,,,PHL->CHN_2023
PHL,CHN,8703,Cars,2023,export,,,,PHL->CHN_2023
PHL,CHN,8708,Motor Vehicles; parts & accessories,2023,export,,,,PHL->CHN_2023
PHL,CHN,8711,Motorcycles and cycles,2023,export,,,,PHL->CHN_2023
PHL,CHN,8714,Bi-Wheel Vehicle Parts,2023,export,,,,PHL->CHN_2023
PHL,CHN,8715,Baby Carriages,2023,export,,,,PHL->CHN_2023
PHL,CHN,8716,"Trailers and semi-trailers, not mechanically propelled vehicles",2023,export,,,,PHL->CHN_2023
PHL,CHN,8802,"Planes, Helicopters, and/or Spacecraft",2023,export,,,,PHL->CHN_2023
PHL,CHN,8803,"Aircraft parts (gliders, balloons, and powered aircraft)",2023,export,,,,PHL->CHN_2023
PHL,CHN,8905,Special Purpose Ships,2023,export,,,,PHL->CHN_2023
PHL,CHN,9001,Optical Fibers and optical fibre bundles,2023,export,,,,PHL->CHN_2023
PHL,CHN,9002,Mirrors and Lenses,2023,export,,,,PHL->CHN_2023
PHL,CHN,9003,Eyewear Frames,2023,export,,,,PHL->CHN_2023
PHL,CHN,9004,Eyewear,2023,export,,,,PHL->CHN_2023
PHL,CHN,9005,Binoculars and Telescopes,2023,export,,,,PHL->CHN_2023
PHL,CHN,9006,Cameras,2023,export,,,,PHL->CHN_2023
PHL,CHN,9007,Video Cameras,2023,export,,,,PHL->CHN_2023
PHL,CHN,9008,Image Projectors,2023,export,,,,PHL->CHN_2023
PHL,CHN,9009,Photocopiers,2023,export,,,,PHL->CHN_2023
PHL,CHN,9010,Photo Lab Equipment,2023,export,,,,PHL->CHN_2023
PHL,CHN,9011,Microscopes,2023,export,,,,PHL->CHN_2023
PHL,CHN,9012,Non-optical Microscopes,2023,export,,,,PHL->CHN_2023
PHL,CHN,9013,LCDs,2023,export,,,,PHL->CHN_2023
PHL,CHN,9014,Compasses,2023,export,,,,PHL->CHN_2023
PHL,CHN,9015,Surveying Equipment,2023,export,,,,PHL->CHN_2023
PHL,CHN,9016,Balances,2023,export,,,,PHL->CHN_2023
PHL,CHN,9017,Drafting Tools,2023,export,,,,PHL->CHN_2023
PHL,CHN,9018,Medical Instruments,2023,export,,,,PHL->CHN_2023
PHL,CHN,9019,Therapeutic Appliances,2023,export,,,,PHL->CHN_2023
PHL,CHN,9020,Breathing Appliances,2023,export,,,,PHL->CHN_2023
PHL,CHN,9021,Orthopedic Appliances,2023,export,,,,PHL->CHN_2023
PHL,CHN,9022,X-Ray Equipment,2023,export,,,,PHL->CHN_2023
PHL,CHN,9023,Instructional Models,2023,export,,,,PHL->CHN_2023
PHL,CHN,9024,Tensile Testing Machines,2023,export,,,,PHL->CHN_2023
PHL,CHN,9025,Hydrometers,2023,export,,,,PHL->CHN_2023
PHL,CHN,9026,Gas and Liquid Flow Measuring Instruments,2023,export,,,,PHL->CHN_2023
PHL,CHN,9027,Chemical Analysis Instruments,2023,export,,,,PHL->CHN_2023
PHL,CHN,9028,Utility Meters,2023,export,,,,PHL->CHN_2023
PHL,CHN,9029,Revolution Counters,2023,export,,,,PHL->CHN_2023
PHL,CHN,9030,Oscilloscopes,2023,export,,,,PHL->CHN_2023
PHL,CHN,9031,Other Measuring Instruments,2023,export,,,,PHL->CHN_2023
PHL,CHN,9032,Thermostats,2023,export,,,,PHL->CHN_2023
PHL,CHN,9033,Opto-Electric Instrument Parts,2023,export,,,,PHL->CHN_2023
PHL,CHN,9101,Precious Metal Watches,2023,export,,,,PHL->CHN_2023
PHL,CHN,9102,Base Metal Watches,2023,export,,,,PHL->CHN_2023
PHL,CHN,9104,Dashboard Clocks,2023,export,,,,PHL->CHN_2023
PHL,CHN,9105,Other Clocks,2023,export,,,,PHL->CHN_2023
PHL,CHN,9106,Time Recording Instruments,2023,export,,,,PHL->CHN_2023
PHL,CHN,9108,Watch Movements,2023,export,,,,PHL->CHN_2023
PHL,CHN,9111,Watch Cases and Parts,2023,export,,,,PHL->CHN_2023
PHL,CHN,9113,Watch Straps,2023,export,,,,PHL->CHN_2023
PHL,CHN,9114,Other Clocks and Watches,2023,export,,,,PHL->CHN_2023
PHL,CHN,9201,Pianos,2023,export,,,,PHL->CHN_2023
PHL,CHN,9207,Electric Musical Instruments,2023,export,,,,PHL->CHN_2023
PHL,CHN,9208,Other Musical Instruments,2023,export,,,,PHL->CHN_2023
PHL,CHN,9209,Musical Instrument Parts,2023,export,,,,PHL->CHN_2023
PHL,CHN,9401,Seats,2023,export,,,,PHL->CHN_2023
PHL,CHN,9402,Medical Furniture,2023,export,,,,PHL->CHN_2023
PHL,CHN,9403,Other Furniture,2023,export,,,,PHL->CHN_2023
PHL,CHN,9404,Mattresses,2023,export,,,,PHL->CHN_2023
PHL,CHN,9405,Light Fixtures,2023,export,,,,PHL->CHN_2023
PHL,CHN,9406,Prefabricated Buildings,2023,export,,,,PHL->CHN_2023
PHL,CHN,9503,Other toys,2023,export,,,,PHL->CHN_2023
PHL,CHN,9504,Video and Card Games,2023,export,,,,PHL->CHN_2023
PHL,CHN,9505,Party Decorations,2023,export,,,,PHL->CHN_2023
PHL,CHN,9506,Sports Equipment,2023,export,,,,PHL->CHN_2023
PHL,CHN,9507,Fishing and Hunting Equipment,2023,export,,,,PHL->CHN_2023
PHL,CHN,9508,Fairground Amusements,2023,export,,,,PHL->CHN_2023
PHL,CHN,9601,Worked Ivory and Bone,2023,export,,,,PHL->CHN_2023
PHL,CHN,9602,Vegetable and Mineral Carvings,2023,export,,,,PHL->CHN_2023
PHL,CHN,9603,Brooms,2023,export,,,,PHL->CHN_2023
PHL,CHN,9606,Buttons,2023,export,,,,PHL->CHN_2023
PHL,CHN,9607,Zippers,2023,export,,,,PHL->CHN_2023
PHL,CHN,9608,Pens,2023,export,,,,PHL->CHN_2023
PHL,CHN,9609,Pencils and Crayons,2023,export,,,,PHL->CHN_2023
PHL,CHN,9612,Ink Ribbons,2023,export,,,,PHL->CHN_2023
PHL,CHN,9613,Lighters,2023,export,,,,PHL->CHN_2023
PHL,CHN,9614,Smoking Pipes,2023,export,,,,PHL->CHN_2023
PHL,CHN,9615,Combs,2023,export,,,,PHL->CHN_2023
PHL,CHN,9616,Scent Sprays,2023,export,,,,PHL->CHN_2023
PHL,CHN,9617,Vacuum Flask,2023,export,,,,PHL->CHN_2023
PHL,CHN,9618,Mannequins,2023,export,,,,PHL->CHN_2023
PHL,CHN,9701,Paintings,2023,export,,,,PHL->CHN_2023
PHL,CHN,9702,Prints,2023,export,,,,PHL->CHN_2023
PHL,CHN,9705,Collector's Items,2023,export,,,,PHL->CHN_2023
IND,USA,3004,Packaged Medicaments,2023,export,,,,IND-USA_HS4_2023
IND,USA,7102,Diamonds,2023,export,,,,IND-USA_HS4_2023
IND,USA,8525,Broadcasting Equipment,2023,export,,,,IND-USA_HS4_2023
IND,USA,2710,Refined Petroleum,2023,export,,,,IND-USA_HS4_2023
IND,USA,7113,Jewellery,2023,export,,,,IND-USA_HS4_2023
IND,USA,8708,Motor Vehicles; parts & accessories,2023,export,,,,IND-USA_HS4_2023
IND,USA,8541,Semiconductor Devices,2023,export,,,,IND-USA_HS4_2023
IND,USA,306,Crustaceans,2023,export,,,,IND-USA_HS4_2023
IND,USA,6302,House Linens,2023,export,,,,IND-USA_HS4_2023
IND,USA,7104,Synthetic Reconstructed Jewellery Stones,2023,export,,,,IND-USA_HS4_2023
IND,USA,8483,Transmissions,2023,export,,,,IND-USA_HS4_2023
IND,USA,8504,Electrical Transformers,2023,export,,,,IND-USA_HS4_2023
IND,USA,6204,Non-Knit Women's Suits,2023,export,,,,IND-USA_HS4_2023
IND,USA,7308,Iron Structures,2023,export,,,,IND-USA_HS4_2023
IND,USA,8544,Insulated Wire,2023,export,,,,IND-USA_HS4_2023
IND,USA,9403,Other Furniture,2023,export,,,,IND-USA_HS4_2023
IND,USA,8481,Valves,2023,export,,,,IND-USA_HS4_2023
IND,USA,1605,Processed Crustaceans,2023,export,,,,IND-USA_HS4_2023
IND,USA,4011,Rubber Tires,2023,export,,,,IND-USA_HS4_2023
IND,USA,2934,Nucleic Acids,2023,export,,,,IND-USA_HS4_2023
IND,USA,2933,Nitrogen Heterocyclic Compounds,2023,export,,,,IND-USA_HS4_2023
IND,USA,4202,Trunks and Cases,2023,export,,,,IND-USA_HS4_2023
IND,USA,8409,Engine Parts,2023,export,,,,IND-USA_HS4_2023
IND,USA,6110,Knit Sweaters,2023,export,,,,IND-USA_HS4_2023
IND,USA,7307,Iron Pipe Fittings,2023,export,,,,IND-USA_HS4_2023
IND,USA,8413,Liquid Pumps,2023,export,,,,IND-USA_HS4_2023
IND,USA,6810,Cement Articles,2023,export,,,,IND-USA_HS4_2023
IND,USA,1302,Vegetable Saps,2023,export,,,,IND-USA_HS4_2023
IND,USA,5702,Hand-Woven Rugs,2023,export,,,,IND-USA_HS4_2023
IND,USA,8701,Tractors,2023,export,,,,IND-USA_HS4_2023
IND,USA,8431,Excavation Machinery,2023,export,,,,IND-USA_HS4_2023
IND,USA,6206,Non-Knit Women's Shirts,2023,export,,,,IND-USA_HS4_2023
IND,USA,6109,Knit T-shirts,2023,export,,,,IND-USA_HS4_2023
IND,USA,6403,Leather Footwear,2023,export,,,,IND-USA_HS4_2023
IND,USA,3926,Other Plastic Products,2023,export,,,,IND-USA_HS4_2023
IND,USA,6802,Building Stone,2023,export,,,,IND-USA_HS4_2023
IND,USA,1006,Rice,2023,export,,,,IND-USA_HS4_2023
IND,USA,3808,Pesticides,2023,export,,,,IND-USA_HS4_2023
IND,USA,7103,Precious Stones,2023,export,,,,IND-USA_HS4_2023
IND,USA,8412,Other Engines,2023,export,,,,IND-USA_HS4_2023
IND,USA,6205,Non-Knit Men's Shirts,2023,export,,,,IND-USA_HS4_2023
IND,USA,5703,Tufted Carpets,2023,export,,,,IND-USA_HS4_2023
IND,USA,8536,Low-voltage Protection Equipment,2023,export,,,,IND-USA_HS4_2023
IND,USA,9404,Mattresses,2023,export,,,,IND-USA_HS4_2023
IND,USA,8414,Air Pumps,2023,export,,,,IND-USA_HS4_2023
IND,USA,9018,Medical Instruments,2023,export,,,,IND-USA_HS4_2023
IND,USA,8501,Electric Motors,2023,export,,,,IND-USA_HS4_2023
IND,USA,8803,"Aircraft parts (gliders, balloons, and powered aircraft)",2023,export,,,,IND-USA_HS4_2023
IND,USA,7326,Other Iron Products,2023,export,,,,IND-USA_HS4_2023
IND,USA,3923,Plastic Lids,2023,export,,,,IND-USA_HS4_2023
IND,USA,6305,Packing Bags,2023,export,,,,IND-USA_HS4_2023
IND,USA,6211,Non-Knit Active Wear,2023,export,,,,IND-USA_HS4_2023
IND,USA,6111,Knit Babies' Garments,2023,export,,,,IND-USA_HS4_2023
IND,USA,2918,Carboxylic Acids,2023,export,,,,IND-USA_HS4_2023
IND,USA,7614,Stranded Aluminium Wire,2023,export,,,,IND-USA_HS4_2023
IND,USA,7325,Other Cast Iron Products,2023,export,,,,IND-USA_HS4_2023
IND,USA,8479,Machinery Having Individual Functions,2023,export,,,,IND-USA_HS4_2023
IND,USA,2924,Carboxyamide Compounds,2023,export,,,,IND-USA_HS4_2023
IND,USA,7323,Iron Housewares,2023,export,,,,IND-USA_HS4_2023
IND,USA,5701,Knotted Carpets,2023,export,,,,IND-USA_HS4_2023
IND,USA,6907,Unglazed Ceramics,2023,export,,,,IND-USA_HS4_2023
IND,USA,2903,Halogenated Hydrocarbons,2023,export,,,,IND-USA_HS4_2023
IND,USA,8411,Gas Turbines,2023,export,,,,IND-USA_HS4_2023
IND,USA,8421,Centrifuges,2023,export,,,,IND-USA_HS4_2023
IND,USA,6203,Non-Knit Men's Suits,2023,export,,,,IND-USA_HS4_2023
IND,USA,8429,Large Construction Vehicles,2023,export,,,,IND-USA_HS4_2023
IND,USA,8482,Ball Bearings,2023,export,,,,IND-USA_HS4_2023
IND,USA,6105,Knit Men's Shirts,2023,export,,,,IND-USA_HS4_2023
IND,USA,8427,Fork-Lifts,2023,export,,,,IND-USA_HS4_2023
IND,USA,7318,Iron Fasteners,2023,export,,,,IND-USA_HS4_2023
IND,USA,8302,Metal Mountings,2023,export,,,,IND-USA_HS4_2023
IND,USA,8538,Electrical Power Accessories,2023,export,,,,IND-USA_HS4_2023
IND,USA,2935,Sulfonamides,2023,export,,,,IND-USA_HS4_2023
IND,USA,4203,Leather Apparel,2023,export,,,,IND-USA_HS4_2023
IND,USA,5903,Plastic Coated Textile Fabric,2023,export,,,,IND-USA_HS4_2023
IND,USA,3204,Synthetic Coloring Matter,2023,export,,,,IND-USA_HS4_2023
IND,USA,6107,Knit Men's Undergarments,2023,export,,,,IND-USA_HS4_2023
IND,USA,9405,Light Fixtures,2023,export,,,,IND-USA_HS4_2023
IND,USA,1905,Baked Goods,2023,export,,,,IND-USA_HS4_2023
IND,USA,9401,Seats,2023,export,,,,IND-USA_HS4_2023
IND,USA,3301,Essential Oils,2023,export,,,,IND-USA_HS4_2023
IND,USA,3921,Other Plastic Sheetings,2023,export,,,,IND-USA_HS4_2023
IND,USA,6104,Knit Women's Suits,2023,export,,,,IND-USA_HS4_2023
IND,USA,2922,Oxygen Amino Compounds,2023,export,,,,IND-USA_HS4_2023
IND,USA,8537,Electrical Control Boards,2023,export,,,,IND-USA_HS4_2023
IND,USA,7304,Iron Pipes,2023,export,,,,IND-USA_HS4_2023
IND,USA,7306,Other Small Iron Pipes,2023,export,,,,IND-USA_HS4_2023
IND,USA,8473,Office Machine Parts,2023,export,,,,IND-USA_HS4_2023
IND,USA,6108,Knit Women's Undergarments,2023,export,,,,IND-USA_HS4_2023
IND,USA,3920,Raw Plastic Sheeting,2023,export,,,,IND-USA_HS4_2023
IND,USA,1211,Perfume Plants,2023,export,,,,IND-USA_HS4_2023
IND,USA,4016,Other Rubber Products,2023,export,,,,IND-USA_HS4_2023
IND,USA,904,Pepper,2023,export,,,,IND-USA_HS4_2023
IND,USA,409,Honey,2023,export,,,,IND-USA_HS4_2023
IND,USA,6304,Bedspreads,2023,export,,,,IND-USA_HS4_2023
IND,USA,8503,Electric Motor Parts,2023,export,,,,IND-USA_HS4_2023
IND,USA,5603,Non-woven Textiles,2023,export,,,,IND-USA_HS4_2023
IND,USA,8419,Other Heating Machinery,2023,export,,,,IND-USA_HS4_2023
IND,USA,3002,"Vaccines, blood, antisera, toxins and cultures",2023,export,,,,IND-USA_HS4_2023
IND,USA,6307,Other Cloth Articles,2023,export,,,,IND-USA_HS4_2023
IND,USA,4602,Basketwork,2023,export,,,,IND-USA_HS4_2023
IND,USA,2931,Other Organo-Inorganic Compounds,2023,export,,,,IND-USA_HS4_2023
IND,USA,1515,Other Pure Vegetable Oils,2023,export,,,,IND-USA_HS4_2023
IND,USA,7601,Raw Aluminium,2023,export,,,,IND-USA_HS4_2023
IND,USA,7010,Glass Bottles,2023,export,,,,IND-USA_HS4_2023
IND,USA,2106,Other Edible Preparations,2023,export,,,,IND-USA_HS4_2023
IND,USA,7605,Aluminium Wire,2023,export,,,,IND-USA_HS4_2023
IND,USA,6301,Blankets,2023,export,,,,IND-USA_HS4_2023
IND,USA,8474,Stone Processing Machines,2023,export,,,,IND-USA_HS4_2023
IND,USA,8306,Bells and Other Metal Ornaments,2023,export,,,,IND-USA_HS4_2023
IND,USA,3823,"Industrial Fatty Acids, Oils and Alcohols",2023,export,,,,IND-USA_HS4_2023
IND,USA,7416,Copper Springs,2023,export,,,,IND-USA_HS4_2023
IND,USA,7202,Ferroalloys,2023,export,,,,IND-USA_HS4_2023
IND,USA,9022,X-Ray Equipment,2023,export,,,,IND-USA_HS4_2023
IND,USA,4009,Rubber Pipes,2023,export,,,,IND-USA_HS4_2023
IND,USA,5705,Other Carpets,2023,export,,,,IND-USA_HS4_2023
IND,USA,4901,Brochures,2023,export,,,,IND-USA_HS4_2023
IND,USA,2917,Polycarboxylic Acids,2023,export,,,,IND-USA_HS4_2023
IND,USA,2511,Barium Sulphate,2023,export,,,,IND-USA_HS4_2023
IND,USA,6106,Knit Women's Shirts,2023,export,,,,IND-USA_HS4_2023
IND,USA,2902,Cyclic Hydrocarbons,2023,export,,,,IND-USA_HS4_2023
IND,USA,9503,Other toys,2023,export,,,,IND-USA_HS4_2023
IND,USA,2921,Amine Compounds,2023,export,,,,IND-USA_HS4_2023
IND,USA,7616,Other Aluminium Products,2023,export,,,,IND-USA_HS4_2023
IND,USA,4010,Rubber Belting,2023,export,,,,IND-USA_HS4_2023
IND,USA,4819,Paper Containers,2023,export,,,,IND-USA_HS4_2023
IND,USA,4419,Wood Kitchenware,2023,export,,,,IND-USA_HS4_2023
IND,USA,4820,Paper Notebooks,2023,export,,,,IND-USA_HS4_2023
IND,USA,2915,Saturated Acyclic Monocarboxylic Acids,2023,export,,,,IND-USA_HS4_2023
IND,USA,8470,Calculators,2023,export,,,,IND-USA_HS4_2023
IND,USA,5407,Synthetic Filament Yarn Woven Fabric,2023,export,,,,IND-USA_HS4_2023
IND,USA,8408,Combustion Engines,2023,export,,,,IND-USA_HS4_2023
IND,USA,7317,Iron Nails,2023,export,,,,IND-USA_HS4_2023
IND,USA,3003,Unpackaged Medicaments,2023,export,,,,IND-USA_HS4_2023
IND,USA,2845,Other Isotopes,2023,export,,,,IND-USA_HS4_2023
IND,USA,7222,Other Stainless Steel Bars,2023,export,,,,IND-USA_HS4_2023
IND,USA,2932,Oxygen Heterocyclic Compounds,2023,export,,,,IND-USA_HS4_2023
IND,USA,7607,Aluminium Foil,2023,export,,,,IND-USA_HS4_2023
IND,USA,8428,Lifting Machinery,2023,export,,,,IND-USA_HS4_2023
IND,USA,2914,Ketones and Quinones,2023,export,,,,IND-USA_HS4_2023
IND,USA,9602,Vegetable and Mineral Carvings,2023,export,,,,IND-USA_HS4_2023
IND,USA,8472,Other Office Machines,2023,export,,,,IND-USA_HS4_2023
IND,USA,9032,Thermostats,2023,export,,,,IND-USA_HS4_2023
IND,USA,8711,Motorcycles and cycles,2023,export,,,,IND-USA_HS4_2023
IND,USA,9505,Party Decorations,2023,export,,,,IND-USA_HS4_2023
IND,USA,8207,Interchangeable Tool Parts,2023,export,,,,IND-USA_HS4_2023
IND,USA,7201,Pig Iron,2023,export,,,,IND-USA_HS4_2023
IND,USA,2916,Unsaturated Acyclic Monocarboxylic Acids,2023,export,,,,IND-USA_HS4_2023
IND,USA,8502,Electric Generating Sets,2023,export,,,,IND-USA_HS4_2023
IND,USA,5503,Unprocessed Synthetic Staple Fibers,2023,export,,,,IND-USA_HS4_2023
IND,USA,8209,Tool Plates,2023,export,,,,IND-USA_HS4_2023
IND,USA,6208,Non-Knit Women's Undergarments,2023,export,,,,IND-USA_HS4_2023
IND,USA,2101,Coffee and Tea Extracts,2023,export,,,,IND-USA_HS4_2023
IND,USA,3006,Special Pharmaceuticals,2023,export,,,,IND-USA_HS4_2023
IND,USA,8543,Other Electrical Machinery,2023,export,,,,IND-USA_HS4_2023
IND,USA,2909,Ethers,2023,export,,,,IND-USA_HS4_2023
IND,USA,8205,Other Hand Tools,2023,export,,,,IND-USA_HS4_2023
IND,USA,6201,Non-Knit Men's Coats,2023,export,,,,IND-USA_HS4_2023
IND,USA,7223,Stainless Steel Wire,2023,export,,,,IND-USA_HS4_2023
IND,USA,6002,Light Rubberized Knitted Fabric,2023,export,,,,IND-USA_HS4_2023
IND,USA,8517,Telephones,2023,export,,,,IND-USA_HS4_2023
IND,USA,910,Spices,2023,export,,,,IND-USA_HS4_2023
IND,USA,2001,Pickled Foods,2023,export,,,,IND-USA_HS4_2023
IND,USA,909,Spice Seeds,2023,export,,,,IND-USA_HS4_2023
IND,USA,8716,"Trailers and semi-trailers, not mechanically propelled vehicles",2023,export,,,,IND-USA_HS4_2023
IND,USA,3918,Plastic Floor Coverings,2023,export,,,,IND-USA_HS4_2023
IND,USA,3904,Vinyl Chloride Polymers,2023,export,,,,IND-USA_HS4_2023
IND,USA,7610,Aluminium Structures,2023,export,,,,IND-USA_HS4_2023
IND,USA,5402,Non-Retail Synthetic Filament Yarn,2023,export,,,,IND-USA_HS4_2023
IND,USA,1207,Other Oily Seeds,2023,export,,,,IND-USA_HS4_2023
IND,USA,8545,Carbon-based Electronics,2023,export,,,,IND-USA_HS4_2023
IND,USA,2926,Nitrile Compounds,2023,export,,,,IND-USA_HS4_2023
IND,USA,2905,"Acyclic alcohol derivatives (halogenated, sulphonated, nitrated)",2023,export,,,,IND-USA_HS4_2023
IND,USA,2008,Other Processed Fruits and Nuts,2023,export,,,,IND-USA_HS4_2023
IND,USA,9031,Other Measuring Instruments,2023,export,,,,IND-USA_HS4_2023
IND,USA,713,Dried Legumes,2023,export,,,,IND-USA_HS4_2023
IND,USA,2906,Cyclic Alcohols,2023,export,,,,IND-USA_HS4_2023
IND,USA,8508,Vacuum Cleaners,2023,export,,,,IND-USA_HS4_2023
IND,USA,7311,Iron Gas Containers,2023,export,,,,IND-USA_HS4_2023
IND,USA,8511,Electrical Ignitions,2023,export,,,,IND-USA_HS4_2023
IND,USA,6303,Window Dressings,2023,export,,,,IND-USA_HS4_2023
IND,USA,3919,Self-adhesive Plastics,2023,export,,,,IND-USA_HS4_2023
IND,USA,8706,Motor vehicle (8701 to 8705) chassis fitted with engine,2023,export,,,,IND-USA_HS4_2023
IND,USA,3304,Beauty Products,2023,export,,,,IND-USA_HS4_2023
IND,USA,3402,Cleaning Products,2023,export,,,,IND-USA_HS4_2023
IND,USA,2936,Vitamins,2023,export,,,,IND-USA_HS4_2023
IND,USA,4201,Saddlery,2023,export,,,,IND-USA_HS4_2023
IND,USA,3917,Plastic Pipes,2023,export,,,,IND-USA_HS4_2023
IND,USA,8477,Rubberworking Machinery,2023,export,,,,IND-USA_HS4_2023
IND,USA,8528,Video Displays,2023,export,,,,IND-USA_HS4_2023
IND,USA,902,Tea,2023,export,,,,IND-USA_HS4_2023
IND,USA,1604,Processed Fish,2023,export,,,,IND-USA_HS4_2023
IND,USA,7019,Glass Fibers,2023,export,,,,IND-USA_HS4_2023
IND,USA,4420,Wood Ornaments,2023,export,,,,IND-USA_HS4_2023
IND,USA,3815,Reaction and Catalytic Products,2023,export,,,,IND-USA_HS4_2023
IND,USA,4811,Cellulose Fibers Paper,2023,export,,,,IND-USA_HS4_2023
IND,USA,8466,Metalworking Machine Parts,2023,export,,,,IND-USA_HS4_2023
IND,USA,7224,Steel Ingots,2023,export,,,,IND-USA_HS4_2023
IND,USA,307,Molluscs,2023,export,,,,IND-USA_HS4_2023
IND,USA,7615,Aluminium Housewares,2023,export,,,,IND-USA_HS4_2023
IND,USA,8607,Locomotive Parts,2023,export,,,,IND-USA_HS4_2023
IND,USA,3305,Hair Products,2023,export,,,,IND-USA_HS4_2023
IND,USA,3203,Vegetable or Animal Dyes,2023,export,,,,IND-USA_HS4_2023
IND,USA,8546,Electrical Insulators,2023,export,,,,IND-USA_HS4_2023
IND,USA,2005,Other Processed Vegetables,2023,export,,,,IND-USA_HS4_2023
IND,USA,6103,Knit Men's Suits,2023,export,,,,IND-USA_HS4_2023
IND,USA,6402,Rubber Footwear,2023,export,,,,IND-USA_HS4_2023
IND,USA,3907,Polyacetals,2023,export,,,,IND-USA_HS4_2023
IND,USA,7009,Glass Mirrors,2023,export,,,,IND-USA_HS4_2023
IND,USA,3406,Candles,2023,export,,,,IND-USA_HS4_2023
IND,USA,9021,Orthopedic Appliances,2023,export,,,,IND-USA_HS4_2023
IND,USA,2707,Coal Tar Oil,2023,export,,,,IND-USA_HS4_2023
IND,USA,8204,Wrenches,2023,export,,,,IND-USA_HS4_2023
IND,USA,1519,Stearic Acid,2023,export,,,,IND-USA_HS4_2023
IND,USA,7604,Aluminium Bars,2023,export,,,,IND-USA_HS4_2023
IND,USA,7116,Pearl Products,2023,export,,,,IND-USA_HS4_2023
IND,USA,9026,Gas and Liquid Flow Measuring Instruments,2023,export,,,,IND-USA_HS4_2023
IND,USA,8509,Other Domestic Electric Housewares,2023,export,,,,IND-USA_HS4_2023
IND,USA,3924,Plastic Housewares,2023,export,,,,IND-USA_HS4_2023
IND,USA,7411,Copper Pipes,2023,export,,,,IND-USA_HS4_2023
IND,USA,4008,Rubber Sheets,2023,export,,,,IND-USA_HS4_2023
IND,USA,3802,Activated Carbon,2023,export,,,,IND-USA_HS4_2023
IND,USA,8432,Soil Preparation Machinery,2023,export,,,,IND-USA_HS4_2023
IND,USA,2939,Vegetable Alkaloids,2023,export,,,,IND-USA_HS4_2023
IND,USA,9506,Sports Equipment,2023,export,,,,IND-USA_HS4_2023
IND,USA,6114,Other Knit Garments,2023,export,,,,IND-USA_HS4_2023
IND,USA,2930,Organo-Sulfur Compounds,2023,export,,,,IND-USA_HS4_2023
IND,USA,7013,Interior Decorative Glassware,2023,export,,,,IND-USA_HS4_2023
IND,USA,8415,Air Conditioners,2023,export,,,,IND-USA_HS4_2023
IND,USA,9305,Weapons Parts and Accessories,2023,export,,,,IND-USA_HS4_2023
IND,USA,7219,Large Flat-Rolled Stainless Steel,2023,export,,,,IND-USA_HS4_2023
IND,USA,7305,Other Large Iron Pipes,2023,export,,,,IND-USA_HS4_2023
IND,USA,8521,Video Recording Equipment,2023,export,,,,IND-USA_HS4_2023
IND,USA,1804,Cocoa Butter,2023,export,,,,IND-USA_HS4_2023
IND,USA,7207,Semi-Finished Iron,2023,export,,,,IND-USA_HS4_2023
IND,USA,8424,Liquid Dispersing Machines,2023,export,,,,IND-USA_HS4_2023
IND,USA,2304,Soybean Meal,2023,export,,,,IND-USA_HS4_2023
IND,USA,8542,Integrated Circuits,2023,export,,,,IND-USA_HS4_2023
IND,USA,9608,Pens,2023,export,,,,IND-USA_HS4_2023
IND,USA,8407,Spark-Ignition Engines,2023,export,,,,IND-USA_HS4_2023
IND,USA,6202,Non-Knit Women's Coats,2023,export,,,,IND-USA_HS4_2023
IND,USA,3811,Antiknock,2023,export,,,,IND-USA_HS4_2023
IND,USA,2827,Chlorides,2023,export,,,,IND-USA_HS4_2023
IND,USA,3307,Shaving Products,2023,export,,,,IND-USA_HS4_2023
IND,USA,6207,Non-Knit Men's Undergarments,2023,export,,,,IND-USA_HS4_2023
IND,USA,8425,Pulley Systems,2023,export,,,,IND-USA_HS4_2023
IND,USA,6212,Other Women's Undergarments,2023,export,,,,IND-USA_HS4_2023
IND,USA,8526,Navigation Equipment,2023,export,,,,IND-USA_HS4_2023
IND,USA,6209,Non-Knit Babies' Garments,2023,export,,,,IND-USA_HS4_2023
IND,USA,2937,Hormones,2023,export,,,,IND-USA_HS4_2023
IND,USA,1209,Sowing Seeds,2023,export,,,,IND-USA_HS4_2023
IND,USA,8535,High-voltage Protection Equipment,2023,export,,,,IND-USA_HS4_2023
IND,USA,2941,Antibiotics,2023,export,,,,IND-USA_HS4_2023
IND,USA,8433,Harvesting Machinery,2023,export,,,,IND-USA_HS4_2023
IND,USA,7412,Copper Pipe Fittings,2023,export,,,,IND-USA_HS4_2023
IND,USA,5208,Light Pure Woven Cotton,2023,export,,,,IND-USA_HS4_2023
IND,USA,9001,Optical Fibers and optical fibre bundles,2023,export,,,,IND-USA_HS4_2023
IND,USA,7220,Flat-Rolled Stainless Steel,2023,export,,,,IND-USA_HS4_2023
IND,USA,5209,Heavy Pure Woven Cotton,2023,export,,,,IND-USA_HS4_2023
IND,USA,2828,Hypochlorites,2023,export,,,,IND-USA_HS4_2023
IND,USA,2942,Other Organic Compounds,2023,export,,,,IND-USA_HS4_2023
IND,USA,8531,Audio Alarms,2023,export,,,,IND-USA_HS4_2023
IND,USA,2803,Carbon,2023,export,,,,IND-USA_HS4_2023
IND,USA,5511,Retail Artificial Staple Fibers Yarn,2023,export,,,,IND-USA_HS4_2023
IND,USA,3303,Perfumes,2023,export,,,,IND-USA_HS4_2023
IND,USA,8704,Delivery Trucks,2023,export,,,,IND-USA_HS4_2023
IND,USA,3215,Ink,2023,export,,,,IND-USA_HS4_2023
IND,USA,6813,Friction Material,2023,export,,,,IND-USA_HS4_2023
IND,USA,8480,Metal Molds,2023,export,,,,IND-USA_HS4_2023
IND,USA,9027,Chemical Analysis Instruments,2023,export,,,,IND-USA_HS4_2023
IND,USA,8309,Metal Stoppers,2023,export,,,,IND-USA_HS4_2023
IND,USA,6115,Knit Socks and Hosiery,2023,export,,,,IND-USA_HS4_2023
IND,USA,9701,Paintings,2023,export,,,,IND-USA_HS4_2023
IND,USA,2923,Quaternary Ammonium Salts and Hydroxides,2023,export,,,,IND-USA_HS4_2023
IND,USA,2403,Processed Tobacco,2023,export,,,,IND-USA_HS4_2023
IND,USA,7409,Copper Plating,2023,export,,,,IND-USA_HS4_2023
IND,USA,8484,Gaskets,2023,export,,,,IND-USA_HS4_2023
IND,USA,7117,Imitation Jewellery,2023,export,,,,IND-USA_HS4_2023
IND,USA,2907,Phenols,2023,export,,,,IND-USA_HS4_2023
IND,USA,8471,Computers,2023,export,,,,IND-USA_HS4_2023
IND,USA,8703,Cars,2023,export,,,,IND-USA_HS4_2023
IND,USA,8532,Electrical Capacitors,2023,export,,,,IND-USA_HS4_2023
IND,USA,7312,Stranded Iron Wire,2023,export,,,,IND-USA_HS4_2023
IND,USA,1701,Raw Sugar,2023,export,,,,IND-USA_HS4_2023
IND,USA,9504,Video and Card Games,2023,export,,,,IND-USA_HS4_2023
IND,USA,4823,Shaped Paper,2023,export,,,,IND-USA_HS4_2023
IND,USA,2920,Other Esters,2023,export,,,,IND-USA_HS4_2023
IND,USA,8307,Flexible Metal Tubing,2023,export,,,,IND-USA_HS4_2023
IND,USA,4205,Other Leather Articles,2023,export,,,,IND-USA_HS4_2023
IND,USA,8467,Motor-working Tools,2023,export,,,,IND-USA_HS4_2023
IND,USA,3914,Polymer Ion-Exchangers,2023,export,,,,IND-USA_HS4_2023
IND,USA,2841,Oxometallic or Peroxometallic Acid Salts,2023,export,,,,IND-USA_HS4_2023
IND,USA,7302,Iron Railway Products,2023,export,,,,IND-USA_HS4_2023
IND,USA,4810,Kaolin Coated Paper,2023,export,,,,IND-USA_HS4_2023
IND,USA,8534,Printed Circuit Boards,2023,export,,,,IND-USA_HS4_2023
IND,USA,3501,Casein,2023,export,,,,IND-USA_HS4_2023
IND,USA,7018,Glass Beads,2023,export,,,,IND-USA_HS4_2023
IND,USA,304,Fish Fillets,2023,export,,,,IND-USA_HS4_2023
IND,USA,6404,Textile Footwear,2023,export,,,,IND-USA_HS4_2023
IND,USA,9028,Utility Meters,2023,export,,,,IND-USA_HS4_2023
IND,USA,9603,Brooms,2023,export,,,,IND-USA_HS4_2023
IND,USA,9609,Pencils and Crayons,2023,export,,,,IND-USA_HS4_2023
IND,USA,4813,Cigarette Paper,2023,export,,,,IND-USA_HS4_2023
IND,USA,8418,Refrigerators,2023,export,,,,IND-USA_HS4_2023
IND,USA,2925,Carboxyimide Compounds,2023,export,,,,IND-USA_HS4_2023
IND,USA,8422,Washing and Bottling Machines,2023,export,,,,IND-USA_HS4_2023
IND,USA,2912,"Aldehydes, cyclic polymers, and paraformaldehyde",2023,export,,,,IND-USA_HS4_2023
IND,USA,8529,Broadcasting Accessories,2023,export,,,,IND-USA_HS4_2023
IND,USA,2103,Sauces and Seasonings,2023,export,,,,IND-USA_HS4_2023
IND,USA,7413,Stranded Copper Wire,2023,export,,,,IND-USA_HS4_2023
IND,USA,4802,Uncoated Paper,2023,export,,,,IND-USA_HS4_2023
IND,USA,5806,Narrow Woven Fabric,2023,export,,,,IND-USA_HS4_2023
IND,USA,3812,Prepared Rubber Accelerators,2023,export,,,,IND-USA_HS4_2023
IND,USA,5509,Non-Retail Synthetic Staple Fibers Yarn,2023,export,,,,IND-USA_HS4_2023
IND,USA,1904,Prepared Cereals,2023,export,,,,IND-USA_HS4_2023
IND,USA,7907,Other Zinc Products,2023,export,,,,IND-USA_HS4_2023
IND,USA,804,Tropical Fruits,2023,export,,,,IND-USA_HS4_2023
IND,USA,8512,Electrical Lighting and Signalling Equipment,2023,export,,,,IND-USA_HS4_2023
IND,USA,8539,Electric Filament,2023,export,,,,IND-USA_HS4_2023
IND,USA,1102,Cereal Flours,2023,export,,,,IND-USA_HS4_2023
IND,USA,6903,Refractory Ceramics,2023,export,,,,IND-USA_HS4_2023
IND,USA,8485,Boat Propellers,2023,export,,,,IND-USA_HS4_2023
IND,USA,8515,Electric Soldering Equipment,2023,export,,,,IND-USA_HS4_2023
IND,USA,8215,Cutlery Sets,2023,export,,,,IND-USA_HS4_2023
IND,USA,7303,Cast Iron Pipes,2023,export,,,,IND-USA_HS4_2023
IND,USA,7110,Platinum,2023,export,,,,IND-USA_HS4_2023
IND,USA,8547,Metal Insulating Fittings,2023,export,,,,IND-USA_HS4_2023
IND,USA,604,Plant foliage,2023,export,,,,IND-USA_HS4_2023
IND,USA,7309,Large Iron Containers,2023,export,,,,IND-USA_HS4_2023
IND,USA,6801,Curbstones,2023,export,,,,IND-USA_HS4_2023
IND,USA,9030,Oscilloscopes,2023,export,,,,IND-USA_HS4_2023
IND,USA,8455,Metal-Rolling Mills,2023,export,,,,IND-USA_HS4_2023
IND,USA,8208,Cutting Blades,2023,export,,,,IND-USA_HS4_2023
IND,USA,6214,Scarves,2023,export,,,,IND-USA_HS4_2023
IND,USA,8441,Other Paper Machinery,2023,export,,,,IND-USA_HS4_2023
IND,USA,8438,Industrial Food Preperation Machinery,2023,export,,,,IND-USA_HS4_2023
IND,USA,6210,Felt or Coated Fabric Garments,2023,export,,,,IND-USA_HS4_2023
IND,USA,5607,Twine and Rope,2023,export,,,,IND-USA_HS4_2023
IND,USA,6902,Refractory Bricks,2023,export,,,,IND-USA_HS4_2023
IND,USA,3306,Dental Products,2023,export,,,,IND-USA_HS4_2023
IND,USA,2929,Other Nitrogen Compounds,2023,export,,,,IND-USA_HS4_2023
IND,USA,4911,Other Printed Material,2023,export,,,,IND-USA_HS4_2023
IND,USA,2309,Animal Food,2023,export,,,,IND-USA_HS4_2023
IND,USA,3912,Cellulose,2023,export,,,,IND-USA_HS4_2023
IND,USA,6804,Milling Stones,2023,export,,,,IND-USA_HS4_2023
IND,USA,3925,Plastic Building Materials,2023,export,,,,IND-USA_HS4_2023
IND,USA,1301,Insect Resins,2023,export,,,,IND-USA_HS4_2023
IND,USA,2516,Granite,2023,export,,,,IND-USA_HS4_2023
IND,USA,6910,Bathroom Ceramics,2023,export,,,,IND-USA_HS4_2023
IND,USA,8516,Electric Heaters,2023,export,,,,IND-USA_HS4_2023
IND,USA,2833,Sulfates,2023,export,,,,IND-USA_HS4_2023
IND,USA,7320,Iron Springs,2023,export,,,,IND-USA_HS4_2023
IND,USA,6101,Knit Men's Coats,2023,export,,,,IND-USA_HS4_2023
IND,USA,7315,Iron Chains,2023,export,,,,IND-USA_HS4_2023
IND,USA,8203,Hand Tools,2023,export,,,,IND-USA_HS4_2023
IND,USA,5810,Embroidery,2023,export,,,,IND-USA_HS4_2023
IND,USA,2834,Nitrites and Nitrates,2023,export,,,,IND-USA_HS4_2023
IND,USA,7901,Raw Zinc,2023,export,,,,IND-USA_HS4_2023
IND,USA,3302,Scented Mixtures,2023,export,,,,IND-USA_HS4_2023
IND,USA,1516,Other Vegetable Oils,2023,export,,,,IND-USA_HS4_2023
IND,USA,1404,Other Vegetable Products,2023,export,,,,IND-USA_HS4_2023
IND,USA,901,Coffee,2023,export,,,,IND-USA_HS4_2023
IND,USA,2007,Jams,2023,export,,,,IND-USA_HS4_2023
IND,USA,7415,Copper Fasteners,2023,export,,,,IND-USA_HS4_2023
IND,USA,8201,Garden Tools,2023,export,,,,IND-USA_HS4_2023
IND,USA,8110,Antimony,2023,export,,,,IND-USA_HS4_2023
IND,USA,7418,Copper Housewares,2023,export,,,,IND-USA_HS4_2023
IND,USA,1101,Wheat Flours,2023,export,,,,IND-USA_HS4_2023
IND,USA,7609,Aluminium Pipe Fittings,2023,export,,,,IND-USA_HS4_2023
IND,USA,5911,Textiles for technical uses,2023,export,,,,IND-USA_HS4_2023
IND,USA,2401,Raw Tobacco,2023,export,,,,IND-USA_HS4_2023
IND,USA,4817,Letter Stock,2023,export,,,,IND-USA_HS4_2023
IND,USA,5801,Woven Fabrics,2023,export,,,,IND-USA_HS4_2023
IND,USA,6703,Processed Hair,2023,export,,,,IND-USA_HS4_2023
IND,USA,4014,Pharmaceutical Rubber Products,2023,export,,,,IND-USA_HS4_2023
IND,USA,7407,Copper Bars,2023,export,,,,IND-USA_HS4_2023
IND,USA,5309,Flax Woven Fabric,2023,export,,,,IND-USA_HS4_2023
IND,USA,5504,Unprocessed Artificial Staple Fibers,2023,export,,,,IND-USA_HS4_2023
IND,USA,3206,Other Coloring Matter,2023,export,,,,IND-USA_HS4_2023
IND,USA,9025,Hydrometers,2023,export,,,,IND-USA_HS4_2023
IND,USA,3507,Enzymes,2023,export,,,,IND-USA_HS4_2023
IND,USA,4421,Other Wood Articles,2023,export,,,,IND-USA_HS4_2023
IND,USA,5210,Light Mixed Woven Cotton,2023,export,,,,IND-USA_HS4_2023
IND,USA,8714,Bi-Wheel Vehicle Parts,2023,export,,,,IND-USA_HS4_2023
IND,USA,4002,Synthetic Rubber,2023,export,,,,IND-USA_HS4_2023
IND,USA,3909,Amino-resins,2023,export,,,,IND-USA_HS4_2023
IND,USA,3104,Potassic Fertilizers,2023,export,,,,IND-USA_HS4_2023
IND,USA,8709,Work Trucks,2023,export,,,,IND-USA_HS4_2023
IND,USA,3401,Soap,2023,export,,,,IND-USA_HS4_2023
IND,USA,710,Frozen Vegetables,2023,export,,,,IND-USA_HS4_2023
IND,USA,7606,Aluminium Plating,2023,export,,,,IND-USA_HS4_2023
IND,USA,7321,Iron Stovetops,2023,export,,,,IND-USA_HS4_2023
IND,USA,6815,Other Stone Articles,2023,export,,,,IND-USA_HS4_2023
IND,USA,3005,Bandages,2023,export,,,,IND-USA_HS4_2023
IND,USA,1702,Other Sugars,2023,export,,,,IND-USA_HS4_2023
IND,USA,3801,Artificial Graphite,2023,export,,,,IND-USA_HS4_2023
IND,USA,7017,Laboratory Glassware,2023,export,,,,IND-USA_HS4_2023
IND,USA,8450,Household Washing Machines,2023,export,,,,IND-USA_HS4_2023
IND,USA,8505,Electromagnets,2023,export,,,,IND-USA_HS4_2023
IND,USA,3911,Petroleum Resins,2023,export,,,,IND-USA_HS4_2023
IND,USA,8211,Knives,2023,export,,,,IND-USA_HS4_2023
IND,USA,4012,Used Rubber Tires,2023,export,,,,IND-USA_HS4_2023
IND,USA,5205,Non-Retail Pure Cotton Yarn,2023,export,,,,IND-USA_HS4_2023
IND,USA,712,Dried Vegetables,2023,export,,,,IND-USA_HS4_2023
IND,USA,9033,Opto-Electric Instrument Parts,2023,export,,,,IND-USA_HS4_2023
IND,USA,1520,Glycerol,2023,export,,,,IND-USA_HS4_2023
IND,USA,5907,Coated Textile Fabric,2023,export,,,,IND-USA_HS4_2023
IND,USA,3503,Gelatin,2023,export,,,,IND-USA_HS4_2023
IND,USA,3404,Waxes,2023,export,,,,IND-USA_HS4_2023
IND,USA,5606,Gimp Yarn,2023,export,,,,IND-USA_HS4_2023
IND,USA,711,Preserved Vegetables,2023,export,,,,IND-USA_HS4_2023
IND,USA,4003,Reclaimed Rubber,2023,export,,,,IND-USA_HS4_2023
IND,USA,2812,Halides,2023,export,,,,IND-USA_HS4_2023
IND,USA,8533,Electrical Resistors,2023,export,,,,IND-USA_HS4_2023
IND,USA,5609,Other Articles of Twine and Rope,2023,export,,,,IND-USA_HS4_2023
IND,USA,8461,Metalworking Machines,2023,export,,,,IND-USA_HS4_2023
IND,USA,801,"Coconuts, Brazil Nuts, and Cashews",2023,export,,,,IND-USA_HS4_2023
IND,USA,3916,Monofilament,2023,export,,,,IND-USA_HS4_2023
IND,USA,511,Other Inedible Animal Products,2023,export,,,,IND-USA_HS4_2023
IND,USA,2821,Iron Oxides and Hydroxides,2023,export,,,,IND-USA_HS4_2023
IND,USA,7410,Copper Foil,2023,export,,,,IND-USA_HS4_2023
IND,USA,8301,Padlocks,2023,export,,,,IND-USA_HS4_2023
IND,USA,8514,Electric Furnaces,2023,export,,,,IND-USA_HS4_2023
IND,USA,7612,Aluminium Cans,2023,export,,,,IND-USA_HS4_2023
IND,USA,2904,"Sulfonated, Nitrated or Nitrosated Hydrocarbons",2023,export,,,,IND-USA_HS4_2023
IND,USA,8448,Knitting Machine Accessories,2023,export,,,,IND-USA_HS4_2023
IND,USA,8476,Vending Machines,2023,export,,,,IND-USA_HS4_2023
IND,USA,3905,Other Vinyl Polymers,2023,export,,,,IND-USA_HS4_2023
IND,USA,5901,Gum Coated Textile Fabric,2023,export,,,,IND-USA_HS4_2023
IND,USA,6102,Knit Women's Coats,2023,export,,,,IND-USA_HS4_2023
IND,USA,303,Non-fillet Frozen Fish,2023,export,,,,IND-USA_HS4_2023
IND,USA,8523,Blank Audio Media,2023,export,,,,IND-USA_HS4_2023
IND,USA,2818,Aluminium Oxide,2023,export,,,,IND-USA_HS4_2023
IND,USA,7508,Other Nickel Products,2023,export,,,,IND-USA_HS4_2023
IND,USA,908,"Nutmeg, mace and cardamons",2023,export,,,,IND-USA_HS4_2023
IND,USA,811,Frozen Fruits and Nuts,2023,export,,,,IND-USA_HS4_2023
IND,USA,1901,Malt Extract,2023,export,,,,IND-USA_HS4_2023
IND,USA,9011,Microscopes,2023,export,,,,IND-USA_HS4_2023
IND,USA,1106,Legume Flours,2023,export,,,,IND-USA_HS4_2023
IND,USA,5007,Silk Fabrics,2023,export,,,,IND-USA_HS4_2023
IND,USA,8417,Industrial Furnaces,2023,export,,,,IND-USA_HS4_2023
IND,USA,3001,Glands and Other Organs,2023,export,,,,IND-USA_HS4_2023
IND,USA,9706,Antiques,2023,export,,,,IND-USA_HS4_2023
IND,USA,8406,Steam Turbines,2023,export,,,,IND-USA_HS4_2023
IND,USA,5515,Other Synthetic Fabrics,2023,export,,,,IND-USA_HS4_2023
IND,USA,8507,Electric Batteries,2023,export,,,,IND-USA_HS4_2023
IND,USA,2825,Inorganic Salts,2023,export,,,,IND-USA_HS4_2023
IND,USA,2835,Phosphinates (hypophosphites) and phosphonates (phosphites),2023,export,,,,IND-USA_HS4_2023
IND,USA,2908,Phenol Derivatives,2023,export,,,,IND-USA_HS4_2023
IND,USA,8311,Coated Metal Soldering Products,2023,export,,,,IND-USA_HS4_2023
IND,USA,3915,Scrap Plastic,2023,export,,,,IND-USA_HS4_2023
IND,USA,8802,"Planes, Helicopters, and/or Spacecraft",2023,export,,,,IND-USA_HS4_2023
IND,USA,7314,Iron Cloth,2023,export,,,,IND-USA_HS4_2023
IND,USA,7316,Iron Anchors,2023,export,,,,IND-USA_HS4_2023
IND,USA,8443,Industrial Printers,2023,export,,,,IND-USA_HS4_2023
IND,USA,7504,Nickel Powder,2023,export,,,,IND-USA_HS4_2023
IND,USA,8518,Microphones and Headphones,2023,export,,,,IND-USA_HS4_2023
IND,USA,8101,Tungsten,2023,export,,,,IND-USA_HS4_2023
IND,USA,2836,Carbonates,2023,export,,,,IND-USA_HS4_2023
IND,USA,8609,Railway Cargo Containers,2023,export,,,,IND-USA_HS4_2023
IND,USA,9029,Revolution Counters,2023,export,,,,IND-USA_HS4_2023
IND,USA,7020,Other Glass Articles,2023,export,,,,IND-USA_HS4_2023
IND,USA,3910,Silicone,2023,export,,,,IND-USA_HS4_2023
IND,USA,6505,Knitted Hats,2023,export,,,,IND-USA_HS4_2023
IND,USA,9023,Instructional Models,2023,export,,,,IND-USA_HS4_2023
IND,USA,8465,Woodworking machines,2023,export,,,,IND-USA_HS4_2023
IND,USA,6803,Worked Slate,2023,export,,,,IND-USA_HS4_2023
IND,USA,8439,Papermaking Machines,2023,export,,,,IND-USA_HS4_2023
IND,USA,2208,Hard Liquor,2023,export,,,,IND-USA_HS4_2023
IND,USA,4408,Veneer Sheets,2023,export,,,,IND-USA_HS4_2023
IND,USA,1902,Pasta,2023,export,,,,IND-USA_HS4_2023
IND,USA,8452,Sewing Machines,2023,export,,,,IND-USA_HS4_2023
IND,USA,8404,Boiler Plants,2023,export,,,,IND-USA_HS4_2023
IND,USA,8454,Casting Machines,2023,export,,,,IND-USA_HS4_2023
IND,USA,1704,Confectionery Sugar,2023,export,,,,IND-USA_HS4_2023
IND,USA,5510,Non-Retail Artificial Staple Fibers Yarn,2023,export,,,,IND-USA_HS4_2023
IND,USA,2811,Other Inorganic Acids,2023,export,,,,IND-USA_HS4_2023
IND,USA,7310,Small Iron Containers,2023,export,,,,IND-USA_HS4_2023
IND,USA,406,Cheese,2023,export,,,,IND-USA_HS4_2023
IND,USA,9007,Video Cameras,2023,export,,,,IND-USA_HS4_2023
IND,USA,9015,Surveying Equipment,2023,export,,,,IND-USA_HS4_2023
IND,USA,602,"Other live plants, cuttings and slips;
mushroom spawn",2023,export,,,,IND-USA_HS4_2023
IND,USA,8423,Scales,2023,export,,,,IND-USA_HS4_2023
IND,USA,8468,Soldering and Welding Machinery,2023,export,,,,IND-USA_HS4_2023
IND,USA,6310,Textile Scraps,2023,export,,,,IND-USA_HS4_2023
IND,USA,3505,Dextrins,2023,export,,,,IND-USA_HS4_2023
IND,USA,4414,Wood Frames,2023,export,,,,IND-USA_HS4_2023
IND,USA,7106,Silver,2023,export,,,,IND-USA_HS4_2023
IND,USA,5211,Heavy Mixed Woven Cotton,2023,export,,,,IND-USA_HS4_2023
IND,USA,7228,Other Steel Bars,2023,export,,,,IND-USA_HS4_2023
IND,USA,3908,Polyamides,2023,export,,,,IND-USA_HS4_2023
IND,USA,7505,Nickel Bars,2023,export,,,,IND-USA_HS4_2023
IND,USA,2202,Flavored Water,2023,export,,,,IND-USA_HS4_2023
IND,USA,5601,Wadding,2023,export,,,,IND-USA_HS4_2023
IND,USA,5512,Synthetic Fabrics,2023,export,,,,IND-USA_HS4_2023
IND,USA,9601,Worked Ivory and Bone,2023,export,,,,IND-USA_HS4_2023
IND,USA,3101,Animal or Vegetable Fertilizers,2023,export,,,,IND-USA_HS4_2023
IND,USA,3906,Acrylic Polymers,2023,export,,,,IND-USA_HS4_2023
IND,USA,7322,Iron Radiators,2023,export,,,,IND-USA_HS4_2023
IND,USA,4303,Furskin Apparel,2023,export,,,,IND-USA_HS4_2023
IND,USA,8906,Other Sea Vessels,2023,export,,,,IND-USA_HS4_2023
IND,USA,5910,Conveyor Belt Textiles,2023,export,,,,IND-USA_HS4_2023
IND,USA,4804,Kraft Paper,2023,export,,,,IND-USA_HS4_2023
IND,USA,9017,Drafting Tools,2023,export,,,,IND-USA_HS4_2023
IND,USA,6306,"Awnings, Tents, and Sails",2023,export,,,,IND-USA_HS4_2023
IND,USA,7205,Iron Powder,2023,export,,,,IND-USA_HS4_2023
IND,USA,7216,Iron Blocks,2023,export,,,,IND-USA_HS4_2023
IND,USA,3504,Peptones,2023,export,,,,IND-USA_HS4_2023
IND,USA,8310,Metal Signs,2023,export,,,,IND-USA_HS4_2023
IND,USA,8104,Magnesium,2023,export,,,,IND-USA_HS4_2023
IND,USA,3205,Lake Pigments,2023,export,,,,IND-USA_HS4_2023
IND,USA,2523,Cement,2023,export,,,,IND-USA_HS4_2023
IND,USA,8202,Hand Saws,2023,export,,,,IND-USA_HS4_2023
IND,USA,7211,Large Flat-Rolled Iron,2023,export,,,,IND-USA_HS4_2023
IND,USA,5704,Felt Carpets,2023,export,,,,IND-USA_HS4_2023
IND,USA,6912,Ceramic Tableware,2023,export,,,,IND-USA_HS4_2023
IND,USA,3212,Nonaqueous Pigments,2023,export,,,,IND-USA_HS4_2023
IND,USA,9406,Prefabricated Buildings,2023,export,,,,IND-USA_HS4_2023
IND,USA,2844,Radioactive Chemicals,2023,export,,,,IND-USA_HS4_2023
IND,USA,4903,Children's Picture Books,2023,export,,,,IND-USA_HS4_2023
IND,USA,5902,Polyamide Fabric,2023,export,,,,IND-USA_HS4_2023
IND,USA,1212,"Locust beans, seaweed, sugar beet, cane, for food",2023,export,,,,IND-USA_HS4_2023
IND,USA,2819,Chromium Oxides and Hydroxides,2023,export,,,,IND-USA_HS4_2023
IND,USA,9306,Explosive Ammunition,2023,export,,,,IND-USA_HS4_2023
IND,USA,6913,Ornamental Ceramics,2023,export,,,,IND-USA_HS4_2023
IND,USA,2713,Petroleum Coke,2023,export,,,,IND-USA_HS4_2023
IND,USA,8402,Steam Boilers,2023,export,,,,IND-USA_HS4_2023
IND,USA,2513,Pumice,2023,export,,,,IND-USA_HS4_2023
IND,USA,7114,Metal-Clad Products,2023,export,,,,IND-USA_HS4_2023
IND,USA,7419,Other Copper Products,2023,export,,,,IND-USA_HS4_2023
IND,USA,7118,Coin,2023,export,,,,IND-USA_HS4_2023
IND,USA,2823,Titanium Oxides,2023,export,,,,IND-USA_HS4_2023
IND,USA,5608,"Twine, cordage or rope; knotted netting, made up fishing nets and other made up nets, of textile materials",2023,export,,,,IND-USA_HS4_2023
IND,USA,2712,Petroleum Jelly,2023,export,,,,IND-USA_HS4_2023
IND,USA,2004,Other Frozen Vegetables,2023,export,,,,IND-USA_HS4_2023
IND,USA,2840,Borates,2023,export,,,,IND-USA_HS4_2023
IND,USA,8460,Metal Finishing Machines,2023,export,,,,IND-USA_HS4_2023
IND,USA,9705,Collector's Items,2023,export,,,,IND-USA_HS4_2023
IND,USA,8437,Mill Machinery,2023,export,,,,IND-USA_HS4_2023
IND,USA,4104,Tanned Equine and Bovine Hides,2023,export,,,,IND-USA_HS4_2023
IND,USA,5516,Woven Fabric of Synthetic Staple Fibers,2023,export,,,,IND-USA_HS4_2023
IND,USA,6117,Other Knit Clothing Accessories,2023,export,,,,IND-USA_HS4_2023
IND,USA,2829,Chlorates and Perchlorates,2023,export,,,,IND-USA_HS4_2023
IND,USA,8416,Liquid Fuel Furnaces,2023,export,,,,IND-USA_HS4_2023
IND,USA,2506,Quartz,2023,export,,,,IND-USA_HS4_2023
IND,USA,2910,Epoxides,2023,export,,,,IND-USA_HS4_2023
IND,USA,9703,Sculptures,2023,export,,,,IND-USA_HS4_2023
IND,USA,2715,Asphalt Mixtures,2023,export,,,,IND-USA_HS4_2023
IND,USA,8212,Razor Blades,2023,export,,,,IND-USA_HS4_2023
IND,USA,2802,Sulfur,2023,export,,,,IND-USA_HS4_2023
IND,USA,7112,Precious Metal Scraps,2023,export,,,,IND-USA_HS4_2023
IND,USA,6809,Plaster Articles,2023,export,,,,IND-USA_HS4_2023
IND,USA,2620,"Non-Iron and Steel Slag, Ash and Residues",2023,export,,,,IND-USA_HS4_2023
IND,USA,7503,Scrap Nickel,2023,export,,,,IND-USA_HS4_2023
IND,USA,9207,Electric Musical Instruments,2023,export,,,,IND-USA_HS4_2023
IND,USA,2009,Fruit Juice,2023,export,,,,IND-USA_HS4_2023
IND,USA,5906,Rubber Textile Fabric,2023,export,,,,IND-USA_HS4_2023
IND,USA,7801,Raw Lead,2023,export,,,,IND-USA_HS4_2023
IND,USA,4407,Sawn Wood,2023,export,,,,IND-USA_HS4_2023
IND,USA,906,Cinnamon,2023,export,,,,IND-USA_HS4_2023
IND,USA,8548,Electrical Parts,2023,export,,,,IND-USA_HS4_2023
IND,USA,3903,Styrene Polymers,2023,export,,,,IND-USA_HS4_2023
IND,USA,7507,Nickel Pipes,2023,export,,,,IND-USA_HS4_2023
IND,USA,1513,Coconut Oil,2023,export,,,,IND-USA_HS4_2023
IND,USA,2105,Ice Cream,2023,export,,,,IND-USA_HS4_2023
IND,USA,7408,Copper Wire,2023,export,,,,IND-USA_HS4_2023
IND,USA,2832,Sulfites,2023,export,,,,IND-USA_HS4_2023
IND,USA,1508,Ground Nut Oil,2023,export,,,,IND-USA_HS4_2023
IND,USA,3913,Natural Polymers,2023,export,,,,IND-USA_HS4_2023
IND,USA,2927,"Diazo, Azo or Aoxy Compounds",2023,export,,,,IND-USA_HS4_2023
IND,USA,8457,Metalworking Transfer Machines,2023,export,,,,IND-USA_HS4_2023
IND,USA,6914,Other Ceramic Articles,2023,export,,,,IND-USA_HS4_2023
IND,USA,6113,Garments of Impregnated Fabric,2023,export,,,,IND-USA_HS4_2023
IND,USA,4818,Toilet Paper,2023,export,,,,IND-USA_HS4_2023
IND,USA,8308,Other Metal Fasteners,2023,export,,,,IND-USA_HS4_2023
IND,USA,907,Cloves,2023,export,,,,IND-USA_HS4_2023
IND,USA,4005,Compounded Unvulcanised Rubber,2023,export,,,,IND-USA_HS4_2023
IND,USA,4412,Plywood,2023,export,,,,IND-USA_HS4_2023
IND,USA,5808,Ornamental Trimmings,2023,export,,,,IND-USA_HS4_2023
IND,USA,6814,Processed Mica,2023,export,,,,IND-USA_HS4_2023
IND,USA,8430,Other Construction Vehicles,2023,export,,,,IND-USA_HS4_2023
IND,USA,5212,Other Cotton Fabrics,2023,export,,,,IND-USA_HS4_2023
IND,USA,6217,Other Non-Knit Clothing Accessories,2023,export,,,,IND-USA_HS4_2023
IND,USA,6702,Artificial Vegetation,2023,export,,,,IND-USA_HS4_2023
IND,USA,9614,Smoking Pipes,2023,export,,,,IND-USA_HS4_2023
IND,USA,8608,Railway Track Fixtures,2023,export,,,,IND-USA_HS4_2023
IND,USA,7403,Refined Copper,2023,export,,,,IND-USA_HS4_2023
IND,USA,7008,Insulating Glass,2023,export,,,,IND-USA_HS4_2023
IND,USA,8305,Metal Office Supplies,2023,export,,,,IND-USA_HS4_2023
IND,USA,6116,Knit Gloves,2023,export,,,,IND-USA_HS4_2023
IND,USA,2515,"Marble, Travertine and Alabaster",2023,export,,,,IND-USA_HS4_2023
IND,USA,2831,Dithionites and Sulfoxylates,2023,export,,,,IND-USA_HS4_2023
IND,USA,8436,Other Agricultural Machinery,2023,export,,,,IND-USA_HS4_2023
IND,USA,5602,Felt,2023,export,,,,IND-USA_HS4_2023
IND,USA,4821,Paper Labels,2023,export,,,,IND-USA_HS4_2023
IND,USA,9402,Medical Furniture,2023,export,,,,IND-USA_HS4_2023
IND,USA,5403,Non-Retail Artificial Filament Yarn,2023,export,,,,IND-USA_HS4_2023
IND,USA,905,Vanilla,2023,export,,,,IND-USA_HS4_2023
IND,USA,4910,Calendars,2023,export,,,,IND-USA_HS4_2023
IND,USA,4015,Rubber Apparel,2023,export,,,,IND-USA_HS4_2023
IND,USA,7324,Iron Toiletry,2023,export,,,,IND-USA_HS4_2023
IND,USA,9024,Tensile Testing Machines,2023,export,,,,IND-USA_HS4_2023
IND,USA,7226,Flat-Rolled Iron,2023,export,,,,IND-USA_HS4_2023
IND,USA,5109,Retail Wool or Animal Hair Yarn,2023,export,,,,IND-USA_HS4_2023
IND,USA,8459,Drilling Machines,2023,export,,,,IND-USA_HS4_2023
IND,USA,5401,Artificial Filament Sewing Thread,2023,export,,,,IND-USA_HS4_2023
IND,USA,1108,Starches,2023,export,,,,IND-USA_HS4_2023
IND,USA,8420,Rolling Machines,2023,export,,,,IND-USA_HS4_2023
IND,USA,2826,Fluorides,2023,export,,,,IND-USA_HS4_2023
IND,USA,8530,Traffic Signals,2023,export,,,,IND-USA_HS4_2023
IND,USA,3211,Prepared Paint Driers,2023,export,,,,IND-USA_HS4_2023
IND,USA,9019,Therapeutic Appliances,2023,export,,,,IND-USA_HS4_2023
IND,USA,4905,Maps,2023,export,,,,IND-USA_HS4_2023
IND,USA,3506,Glues,2023,export,,,,IND-USA_HS4_2023
IND,USA,2809,Phosphoric Acid,2023,export,,,,IND-USA_HS4_2023
IND,USA,2815,Sodium or Potassium Peroxides,2023,export,,,,IND-USA_HS4_2023
IND,USA,2913,Halogenated aldehyde derivatives (heading 2912),2023,export,,,,IND-USA_HS4_2023
IND,USA,8451,Textile Processing Machines,2023,export,,,,IND-USA_HS4_2023
IND,USA,3105,Mixed Mineral or Chemical Fertilizers,2023,export,,,,IND-USA_HS4_2023
IND,USA,9105,Other Clocks,2023,export,,,,IND-USA_HS4_2023
IND,USA,6506,Other Headwear,2023,export,,,,IND-USA_HS4_2023
IND,USA,4601,Plaiting Products,2023,export,,,,IND-USA_HS4_2023
IND,USA,2203,Beer,2023,export,,,,IND-USA_HS4_2023
IND,USA,2938,Glycosides,2023,export,,,,IND-USA_HS4_2023
IND,USA,9009,Photocopiers,2023,export,,,,IND-USA_HS4_2023
IND,USA,6406,Footwear Parts,2023,export,,,,IND-USA_HS4_2023
IND,USA,7608,Aluminium Pipes,2023,export,,,,IND-USA_HS4_2023
IND,USA,8462,Forging Machines,2023,export,,,,IND-USA_HS4_2023
IND,USA,813,Dried Fruits,2023,export,,,,IND-USA_HS4_2023
IND,USA,4417,Wooden Tool Handles,2023,export,,,,IND-USA_HS4_2023
IND,USA,3821,Micro-Organism Culture Preparations,2023,export,,,,IND-USA_HS4_2023
IND,USA,6001,Pile Fabric,2023,export,,,,IND-USA_HS4_2023
IND,USA,6807,Asphalt,2023,export,,,,IND-USA_HS4_2023
IND,USA,6909,Laboratory Ceramic Ware,2023,export,,,,IND-USA_HS4_2023
IND,USA,7217,Iron Wire,2023,export,,,,IND-USA_HS4_2023
IND,USA,8513,Portable Lighting,2023,export,,,,IND-USA_HS4_2023
IND,USA,5804,Tulles and Net Fabric,2023,export,,,,IND-USA_HS4_2023
IND,USA,9002,Mirrors and Lenses,2023,export,,,,IND-USA_HS4_2023
IND,USA,5106,Non-Retail Carded Wool Yarn,2023,export,,,,IND-USA_HS4_2023
IND,USA,9702,Prints,2023,export,,,,IND-USA_HS4_2023
IND,USA,2526,Soapstone,2023,export,,,,IND-USA_HS4_2023
IND,USA,4801,Newsprint,2023,export,,,,IND-USA_HS4_2023
IND,USA,7210,Coated Flat-Rolled Iron,2023,export,,,,IND-USA_HS4_2023
IND,USA,7506,Nickel Sheets,2023,export,,,,IND-USA_HS4_2023
IND,USA,6507,Headbands and Linings,2023,export,,,,IND-USA_HS4_2023
IND,USA,7301,Iron Sheet Piling,2023,export,,,,IND-USA_HS4_2023
IND,USA,9014,Compasses,2023,export,,,,IND-USA_HS4_2023
IND,USA,9615,Combs,2023,export,,,,IND-USA_HS4_2023
IND,USA,2843,Precious Metal Compounds,2023,export,,,,IND-USA_HS4_2023
IND,USA,6911,Porcelain Tableware,2023,export,,,,IND-USA_HS4_2023
IND,USA,6704,Fake Hair,2023,export,,,,IND-USA_HS4_2023
IND,USA,5204,Cotton Sewing Thread,2023,export,,,,IND-USA_HS4_2023
IND,USA,9209,Musical Instrument Parts,2023,export,,,,IND-USA_HS4_2023
IND,USA,8112,Other Metals,2023,export,,,,IND-USA_HS4_2023
IND,USA,3213,Artistry Paints,2023,export,,,,IND-USA_HS4_2023
IND,USA,4411,Wood Fiberboard,2023,export,,,,IND-USA_HS4_2023
IND,USA,5908,Textile Wicks,2023,export,,,,IND-USA_HS4_2023
IND,USA,4822,Paper Spools,2023,export,,,,IND-USA_HS4_2023
IND,USA,1521,Vegetable waxes and beeswax,2023,export,,,,IND-USA_HS4_2023
IND,USA,2501,Salt,2023,export,,,,IND-USA_HS4_2023
IND,USA,2940,Chemically Pure Sugars,2023,export,,,,IND-USA_HS4_2023
IND,USA,6405,Other Footwear,2023,export,,,,IND-USA_HS4_2023
IND,USA,2530,Other Mineral,2023,export,,,,IND-USA_HS4_2023
IND,USA,802,Other Nuts,2023,export,,,,IND-USA_HS4_2023
IND,USA,8108,Titanium,2023,export,,,,IND-USA_HS4_2023
IND,USA,9013,LCDs,2023,export,,,,IND-USA_HS4_2023
IND,USA,7016,Glass Bricks,2023,export,,,,IND-USA_HS4_2023
IND,USA,8478,Tobacco Processing Machines,2023,export,,,,IND-USA_HS4_2023
IND,USA,1103,Cereal Meal and Pellets,2023,export,,,,IND-USA_HS4_2023
IND,USA,2919,Phosphoric Esters and Salts,2023,export,,,,IND-USA_HS4_2023
IND,USA,302,Non-fillet Fresh Fish,2023,export,,,,IND-USA_HS4_2023
IND,USA,8458,Metal Lathes,2023,export,,,,IND-USA_HS4_2023
IND,USA,8214,Other Cutlery,2023,export,,,,IND-USA_HS4_2023
IND,USA,6216,Non-Knit Gloves,2023,export,,,,IND-USA_HS4_2023
IND,USA,8303,Safes,2023,export,,,,IND-USA_HS4_2023
IND,USA,5404,Synthetic Monofilament,2023,export,,,,IND-USA_HS4_2023
IND,USA,2928,Hydrazine or Hydroxylamine Derivatives,2023,export,,,,IND-USA_HS4_2023
IND,USA,7203,Iron Reductions,2023,export,,,,IND-USA_HS4_2023
IND,USA,4418,Wood Carpentry,2023,export,,,,IND-USA_HS4_2023
IND,USA,2820,Manganese Oxides,2023,export,,,,IND-USA_HS4_2023
IND,USA,2911,Acetals and Hemiacetals,2023,export,,,,IND-USA_HS4_2023
IND,USA,1518,Inedible Fats and Oils,2023,export,,,,IND-USA_HS4_2023
IND,USA,6112,Knit Active Wear,2023,export,,,,IND-USA_HS4_2023
IND,USA,6309,Used Clothing,2023,export,,,,IND-USA_HS4_2023
IND,USA,5206,Non-Retail Mixed Cotton Yarn,2023,export,,,,IND-USA_HS4_2023
IND,USA,7215,Other Iron Bars,2023,export,,,,IND-USA_HS4_2023
IND,USA,2849,Carbides,2023,export,,,,IND-USA_HS4_2023
IND,USA,1806,Chocolate,2023,export,,,,IND-USA_HS4_2023
IND,USA,2525,Mica,2023,export,,,,IND-USA_HS4_2023
IND,USA,2503,Sulphur,2023,export,,,,IND-USA_HS4_2023
IND,USA,2804,Hydrogen,2023,export,,,,IND-USA_HS4_2023
IND,USA,8304,Filing Cabinets,2023,export,,,,IND-USA_HS4_2023
IND,USA,4409,Shaped Wood,2023,export,,,,IND-USA_HS4_2023
IND,USA,2104,Soups and Broths,2023,export,,,,IND-USA_HS4_2023
IND,USA,2842,Other Inorganic Acids Salts,2023,export,,,,IND-USA_HS4_2023
IND,USA,2817,Zinc Oxide and Peroxide,2023,export,,,,IND-USA_HS4_2023
IND,USA,2830,Sulfides,2023,export,,,,IND-USA_HS4_2023
IND,USA,7105,Precious Stone Dust,2023,export,,,,IND-USA_HS4_2023
IND,USA,810,Other Fruits,2023,export,,,,IND-USA_HS4_2023
IND,USA,2813,Nonmetal Sulfides,2023,export,,,,IND-USA_HS4_2023
IND,USA,6806,Rock Wool,2023,export,,,,IND-USA_HS4_2023
IND,USA,3809,Dyeing Finishing Agents,2023,export,,,,IND-USA_HS4_2023
IND,USA,4013,Rubber Inner Tubes,2023,export,,,,IND-USA_HS4_2023
IND,USA,1512,Seed Oils,2023,export,,,,IND-USA_HS4_2023
IND,USA,3403,Lubricating Products,2023,export,,,,IND-USA_HS4_2023
IND,USA,7319,Iron Sewing Needles,2023,export,,,,IND-USA_HS4_2023
IND,USA,1504,Fish Oil,2023,export,,,,IND-USA_HS4_2023
IND,USA,9607,Zippers,2023,export,,,,IND-USA_HS4_2023
IND,USA,1517,Margarine,2023,export,,,,IND-USA_HS4_2023
IND,USA,6811,Asbestos Cement Articles,2023,export,,,,IND-USA_HS4_2023
IND,USA,2839,Silicates,2023,export,,,,IND-USA_HS4_2023
IND,USA,4909,Postcards,2023,export,,,,IND-USA_HS4_2023
IND,USA,1505,Wool Grease,2023,export,,,,IND-USA_HS4_2023
IND,USA,5408,Artificial Filament Yarn Woven Fabric,2023,export,,,,IND-USA_HS4_2023
IND,USA,8707,Vehicle Bodies (including cabs) for the motor vehicles (8701 to 8705),2023,export,,,,IND-USA_HS4_2023
IND,USA,9202,String Instruments,2023,export,,,,IND-USA_HS4_2023
IND,USA,8007,Other Tin Products,2023,export,,,,IND-USA_HS4_2023
IND,USA,4106,Tanned Goat Hides,2023,export,,,,IND-USA_HS4_2023
IND,USA,8426,Cranes,2023,export,,,,IND-USA_HS4_2023
IND,USA,9006,Cameras,2023,export,,,,IND-USA_HS4_2023
IND,USA,3208,Nonaqueous Paints,2023,export,,,,IND-USA_HS4_2023
IND,USA,7007,Safety Glass,2023,export,,,,IND-USA_HS4_2023
IND,USA,9206,Percussion,2023,export,,,,IND-USA_HS4_2023
IND,USA,3902,Propylene Polymers,2023,export,,,,IND-USA_HS4_2023
IND,USA,8210,Cooking Hand Tools,2023,export,,,,IND-USA_HS4_2023
IND,USA,2850,Hydrides and other anions,2023,export,,,,IND-USA_HS4_2023
IND,USA,8105,Cobalt,2023,export,,,,IND-USA_HS4_2023
IND,USA,3102,Nitrogenous Fertilizers,2023,export,,,,IND-USA_HS4_2023
IND,USA,7115,Other Precious Metal Products,2023,export,,,,IND-USA_HS4_2023
IND,USA,5508,Non-Retail Artificial Staple Fibers Sewing Thread,2023,export,,,,IND-USA_HS4_2023
IND,USA,8506,Batteries,2023,export,,,,IND-USA_HS4_2023
IND,USA,8463,Other Non-Metal Removal Machinery,2023,export,,,,IND-USA_HS4_2023
IND,USA,4415,Wood Crates,2023,export,,,,IND-USA_HS4_2023
IND,USA,5107,Non-Retail Combed Wool Yarn,2023,export,,,,IND-USA_HS4_2023
IND,USA,1104,Processed Cereals,2023,export,,,,IND-USA_HS4_2023
IND,USA,6601,Umbrellas,2023,export,,,,IND-USA_HS4_2023
IND,USA,5905,Textile Wall Coverings,2023,export,,,,IND-USA_HS4_2023
IND,USA,8475,Glass Working Machines,2023,export,,,,IND-USA_HS4_2023
IND,USA,403,Fermented Milk Products,2023,export,,,,IND-USA_HS4_2023
IND,USA,7229,Steel Wire,2023,export,,,,IND-USA_HS4_2023
IND,USA,7214,Raw Iron Bars,2023,export,,,,IND-USA_HS4_2023
IND,USA,2002,Processed Tomatoes,2023,export,,,,IND-USA_HS4_2023
IND,USA,8527,Radio Receivers,2023,export,,,,IND-USA_HS4_2023
IND,USA,3405,Polishes and Creams,2023,export,,,,IND-USA_HS4_2023
IND,USA,7204,Scrap Iron,2023,export,,,,IND-USA_HS4_2023
IND,USA,5807,Labels,2023,export,,,,IND-USA_HS4_2023
IND,USA,4803,Tissue,2023,export,,,,IND-USA_HS4_2023
IND,USA,508,Coral and Shells,2023,export,,,,IND-USA_HS4_2023
IND,USA,2006,Sugar Preserved Foods,2023,export,,,,IND-USA_HS4_2023
IND,USA,5303,Jute and Other Textile Fibers,2023,export,,,,IND-USA_HS4_2023
IND,USA,8447,Knitting Machines,2023,export,,,,IND-USA_HS4_2023
IND,USA,4007,Rubber Thread,2023,export,,,,IND-USA_HS4_2023
IND,USA,2306,Other Vegetable Residues,2023,export,,,,IND-USA_HS4_2023
IND,USA,1506,Other Animal Fats,2023,export,,,,IND-USA_HS4_2023
IND,USA,806,Grapes,2023,export,,,,IND-USA_HS4_2023
IND,USA,8435,Fruit Pressing Machinery,2023,export,,,,IND-USA_HS4_2023
IND,USA,9507,Fishing and Hunting Equipment,2023,export,,,,IND-USA_HS4_2023
IND,USA,8604,Railway Maintenance Vehicles,2023,export,,,,IND-USA_HS4_2023
IND,USA,3901,Ethylene Polymers,2023,export,,,,IND-USA_HS4_2023
IND,USA,8434,Dairy Machinery,2023,export,,,,IND-USA_HS4_2023
IND,USA,7603,Aluminium Powder,2023,export,,,,IND-USA_HS4_2023
IND,USA,4410,Particle Board,2023,export,,,,IND-USA_HS4_2023
IND,USA,8445,Textile Fiber Machinery,2023,export,,,,IND-USA_HS4_2023
IND,USA,8001,Raw Tin,2023,export,,,,IND-USA_HS4_2023
IND,USA,9606,Buttons,2023,export,,,,IND-USA_HS4_2023
IND,USA,7101,Pearls,2023,export,,,,IND-USA_HS4_2023
IND,USA,8464,Stone Working Machines,2023,export,,,,IND-USA_HS4_2023
IND,USA,7806,Other Lead Products,2023,export,,,,IND-USA_HS4_2023
IND,USA,2517,Gravel and Crushed Stone,2023,export,,,,IND-USA_HS4_2023
IND,USA,9113,Watch Straps,2023,export,,,,IND-USA_HS4_2023
IND,USA,5811,Quilted Textiles,2023,export,,,,IND-USA_HS4_2023
IND,USA,5006,Retail Silk Yarn,2023,export,,,,IND-USA_HS4_2023
IND,USA,4001,Rubber,2023,export,,,,IND-USA_HS4_2023
IND,USA,7212,Large Coated Flat-Rolled Iron,2023,export,,,,IND-USA_HS4_2023
IND,USA,9012,Non-optical Microscopes,2023,export,,,,IND-USA_HS4_2023
IND,USA,3407,Pastes and Waxes,2023,export,,,,IND-USA_HS4_2023
IND,USA,7902,Scrap Waste,2023,export,,,,IND-USA_HS4_2023
IND,USA,8540,Cathode Tubes,2023,export,,,,IND-USA_HS4_2023
IND,USA,3819,Hydraulic Brake Fluid,2023,export,,,,IND-USA_HS4_2023
IND,USA,8712,"Bicycles, delivery tricycles, other cycles",2023,export,,,,IND-USA_HS4_2023
IND,USA,9004,Eyewear,2023,export,,,,IND-USA_HS4_2023
IND,USA,5111,Carded Wool or Animal Hair Fabric,2023,export,,,,IND-USA_HS4_2023
IND,USA,9618,Mannequins,2023,export,,,,IND-USA_HS4_2023
IND,USA,1514,Rapeseed Oil,2023,export,,,,IND-USA_HS4_2023
IND,USA,9205,Wind Instruments,2023,export,,,,IND-USA_HS4_2023
IND,USA,5605,Metallic Yarn,2023,export,,,,IND-USA_HS4_2023
IND,USA,3922,Plastic Wash Basins,2023,export,,,,IND-USA_HS4_2023
IND,USA,8405,Water and Gas Generators,2023,export,,,,IND-USA_HS4_2023
IND,USA,8702,Buses,2023,export,,,,IND-USA_HS4_2023
IND,USA,2201,Water,2023,export,,,,IND-USA_HS4_2023
IND,USA,9605,Travel Kits,2023,export,,,,IND-USA_HS4_2023
IND,USA,2851,Inorganic Compounds,2023,export,,,,IND-USA_HS4_2023
IND,USA,3805,Turpentine,2023,export,,,,IND-USA_HS4_2023
IND,USA,2621,Other Slag and Ash,2023,export,,,,IND-USA_HS4_2023
IND,USA,6504,Hats,2023,export,,,,IND-USA_HS4_2023
IND,USA,4814,Wallpaper,2023,export,,,,IND-USA_HS4_2023
IND,USA,1703,Molasses,2023,export,,,,IND-USA_HS4_2023
IND,USA,8102,Molybdenum,2023,export,,,,IND-USA_HS4_2023
IND,USA,7904,Zinc Bars,2023,export,,,,IND-USA_HS4_2023
IND,USA,5909,Hose Piping Textiles,2023,export,,,,IND-USA_HS4_2023
IND,USA,2846,Rare-Earth Metal Compounds,2023,export,,,,IND-USA_HS4_2023
IND,USA,5604,Rubber Textiles,2023,export,,,,IND-USA_HS4_2023
IND,USA,7002,Glass Balls,2023,export,,,,IND-USA_HS4_2023
IND,USA,7225,Flat Flat-Rolled Steel,2023,export,,,,IND-USA_HS4_2023
IND,USA,2402,Rolled Tobacco,2023,export,,,,IND-USA_HS4_2023
IND,USA,6805,Abrasive Powder,2023,export,,,,IND-USA_HS4_2023
IND,USA,2901,Acyclic Hydrocarbons,2023,export,,,,IND-USA_HS4_2023
IND,USA,3701,Photographic Plates,2023,export,,,,IND-USA_HS4_2023
IND,USA,4706,Recovered Paper Pulp,2023,export,,,,IND-USA_HS4_2023
IND,USA,1509,Pure Olive Oil,2023,export,,,,IND-USA_HS4_2023
IND,USA,7221,Hot-Rolled Stainless Steel Bars,2023,export,,,,IND-USA_HS4_2023
IND,USA,8804,Parachutes,2023,export,,,,IND-USA_HS4_2023
IND,USA,4806,Vegetable Parchment,2023,export,,,,IND-USA_HS4_2023
IND,USA,5005,Silk Waste Yarn,2023,export,,,,IND-USA_HS4_2023
IND,USA,2303,Starch Residue,2023,export,,,,IND-USA_HS4_2023
IND,USA,3810,Metal Pickling Preparations,2023,export,,,,IND-USA_HS4_2023
IND,USA,2308,Other Vegetable Residues and Waste,2023,export,,,,IND-USA_HS4_2023
IND,USA,9109,Clock Movements,2023,export,,,,IND-USA_HS4_2023
IND,USA,7208,Hot-Rolled Iron,2023,export,,,,IND-USA_HS4_2023
IND,USA,3606,Pyrophoric Alloys,2023,export,,,,IND-USA_HS4_2023
IND,USA,7804,Lead Sheets,2023,export,,,,IND-USA_HS4_2023
IND,USA,7405,Copper Alloys,2023,export,,,,IND-USA_HS4_2023
IND,USA,9010,Photo Lab Equipment,2023,export,,,,IND-USA_HS4_2023
IND,USA,8206,Tool Sets,2023,export,,,,IND-USA_HS4_2023
IND,USA,8456,Non-Mechanical Removal Machinery,2023,export,,,,IND-USA_HS4_2023
IND,USA,9005,Binoculars and Telescopes,2023,export,,,,IND-USA_HS4_2023
IND,USA,9617,Vacuum Flask,2023,export,,,,IND-USA_HS4_2023
IND,USA,404,Whey and other milk products,2023,export,,,,IND-USA_HS4_2023
IND,USA,4816,Other Carbon Paper,2023,export,,,,IND-USA_HS4_2023
IND,USA,9613,Lighters,2023,export,,,,IND-USA_HS4_2023
IND,USA,9111,Watch Cases and Parts,2023,export,,,,IND-USA_HS4_2023
IND,USA,2508,Clays,2023,export,,,,IND-USA_HS4_2023
IND,USA,8113,Cermets,2023,export,,,,IND-USA_HS4_2023
IND,USA,7206,Iron Ingots,2023,export,,,,IND-USA_HS4_2023
IND,USA,601,Bulbs and Roots,2023,export,,,,IND-USA_HS4_2023
IND,USA,2102,Yeast,2023,export,,,,IND-USA_HS4_2023
IND,USA,6602,Walking Sticks,2023,export,,,,IND-USA_HS4_2023
IND,USA,709,Other Vegetables,2023,export,,,,IND-USA_HS4_2023
IND,USA,5505,Artificial Fibers Waste,2023,export,,,,IND-USA_HS4_2023
IND,USA,3209,Aqueous Paints,2023,export,,,,IND-USA_HS4_2023
IND,USA,2529,Feldspar,2023,export,,,,IND-USA_HS4_2023
IND,USA,2810,Boron,2023,export,,,,IND-USA_HS4_2023
IND,USA,8805,Aircraft Launch Gear,2023,export,,,,IND-USA_HS4_2023
IND,USA,4808,Corrugated Paper,2023,export,,,,IND-USA_HS4_2023
IND,USA,3202,Synthetic Tanning Extracts,2023,export,,,,IND-USA_HS4_2023
IND,USA,5112,Combed Wool or Animal Hair Fabric,2023,export,,,,IND-USA_HS4_2023
IND,USA,9508,Fairground Amusements,2023,export,,,,IND-USA_HS4_2023
IND,USA,2204,Wine,2023,export,,,,IND-USA_HS4_2023
IND,USA,2708,Pitch Coke,2023,export,,,,IND-USA_HS4_2023
IND,USA,6215,Neck Ties,2023,export,,,,IND-USA_HS4_2023
IND,USA,4504,Agglomerated Cork,2023,export,,,,IND-USA_HS4_2023
IND,USA,2302,Bran,2023,export,,,,IND-USA_HS4_2023
IND,USA,2807,Sulfuric Acid,2023,export,,,,IND-USA_HS4_2023
IND,USA,2806,Hydrochloric Acid,2023,export,,,,IND-USA_HS4_2023
IND,USA,9107,Time Switches,2023,export,,,,IND-USA_HS4_2023
IND,USA,9114,Other Clocks and Watches,2023,export,,,,IND-USA_HS4_2023
IND,USA,4805,Other Uncoated Paper,2023,export,,,,IND-USA_HS4_2023
IND,USA,4006,Unvulcanised Rubber Products,2023,export,,,,IND-USA_HS4_2023
IND,USA,8442,Print Production Machinery,2023,export,,,,IND-USA_HS4_2023
IND,USA,8522,Audio and Video Recording Accessories,2023,export,,,,IND-USA_HS4_2023
IND,USA,8907,Other Floating Structures,2023,export,,,,IND-USA_HS4_2023
IND,USA,5802,Terry Fabric,2023,export,,,,IND-USA_HS4_2023
IND,USA,2521,Limestone,2023,export,,,,IND-USA_HS4_2023
IND,USA,2615,"Niobium, Tantalum, Vanadium and Zirconium Ore",2023,export,,,,IND-USA_HS4_2023
IND,USA,7005,Float Glass,2023,export,,,,IND-USA_HS4_2023
IND,USA,9102,Base Metal Watches,2023,export,,,,IND-USA_HS4_2023
IND,USA,3816,Refractory Cements,2023,export,,,,IND-USA_HS4_2023
IND,USA,3806,Rosin,2023,export,,,,IND-USA_HS4_2023
IND,USA,9106,Time Recording Instruments,2023,export,,,,IND-USA_HS4_2023
IND,USA,2505,Sand,2023,export,,,,IND-USA_HS4_2023
IND,USA,7001,Glass Scraps,2023,export,,,,IND-USA_HS4_2023
IND,USA,2301,Animal Meal and Pellets,2023,export,,,,IND-USA_HS4_2023
IND,USA,2522,Quicklime,2023,export,,,,IND-USA_HS4_2023
IND,USA,5803,Gauze,2023,export,,,,IND-USA_HS4_2023
IND,USA,9302,Handguns,2023,export,,,,IND-USA_HS4_2023
IND,USA,7218,Stainless Steel Ingots,2023,export,,,,IND-USA_HS4_2023
IND,USA,6904,Ceramic Bricks,2023,export,,,,IND-USA_HS4_2023
IND,USA,2837,Cyanides,2023,export,,,,IND-USA_HS4_2023
IND,USA,4908,Decals,2023,export,,,,IND-USA_HS4_2023
IND,USA,402,Concentrated Milk,2023,export,,,,IND-USA_HS4_2023
IND,USA,7004,Blown Glass,2023,export,,,,IND-USA_HS4_2023
IND,USA,2714,Bitumen and asphalt,2023,export,,,,IND-USA_HS4_2023
IND,USA,7905,Zinc Sheets,2023,export,,,,IND-USA_HS4_2023
IND,USA,8109,Zirconium,2023,export,,,,IND-USA_HS4_2023
IND,USA,7014,Signaling Glassware,2023,export,,,,IND-USA_HS4_2023
IND,USA,4403,Rough Wood,2023,export,,,,IND-USA_HS4_2023
IND,USA,9610,Chalkboards,2023,export,,,,IND-USA_HS4_2023
IND,USA,6603,Umbrella and Walking Stick Accessories,2023,export,,,,IND-USA_HS4_2023
IND,USA,5406,Retail Artificial Filament Yarn,2023,export,,,,IND-USA_HS4_2023
IND,USA,8410,Hydraulic Turbines,2023,export,,,,IND-USA_HS4_2023
IND,USA,6901,Bricks,2023,export,,,,IND-USA_HS4_2023
IND,USA,1401,Vegetable Plaiting Materials,2023,export,,,,IND-USA_HS4_2023
IND,USA,3214,Glaziers Putty,2023,export,,,,IND-USA_HS4_2023
IND,USA,2847,Hydrogen peroxide,2023,export,,,,IND-USA_HS4_2023
IND,USA,2504,Graphite,2023,export,,,,IND-USA_HS4_2023
IND,USA,3201,Vegetable Tanning Extracts,2023,export,,,,IND-USA_HS4_2023
IND,USA,4902,Newspapers,2023,export,,,,IND-USA_HS4_2023
IND,USA,9020,Breathing Appliances,2023,export,,,,IND-USA_HS4_2023
IND,USA,9304,"Spring, Air, and Gas Guns",2023,export,,,,IND-USA_HS4_2023
IND,USA,8519,Sound Recording Equipment,2023,export,,,,IND-USA_HS4_2023
IND,USA,4809,Carbon Paper,2023,export,,,,IND-USA_HS4_2023
IND,USA,4017,Hard Rubber,2023,export,,,,IND-USA_HS4_2023
IND,USA,706,Root Vegetables,2023,export,,,,IND-USA_HS4_2023
IND,USA,9103,Clocks with Watch Movements,2023,export,,,,IND-USA_HS4_2023
IND,USA,8003,Tin Bars,2023,export,,,,IND-USA_HS4_2023
IND,USA,9704,Revenue Stamps,2023,export,,,,IND-USA_HS4_2023
IND,USA,9604,Hand Sifters,2023,export,,,,IND-USA_HS4_2023
IND,USA,1507,Soybean Oil,2023,export,,,,IND-USA_HS4_2023
IND,USA,3207,Prepared Pigments,2023,export,,,,IND-USA_HS4_2023
IND,USA,8510,Hair Trimmers,2023,export,,,,IND-USA_HS4_2023
IND,USA,1003,Barley,2023,export,,,,IND-USA_HS4_2023
IND,USA,4302,Tanned Furskins,2023,export,,,,IND-USA_HS4_2023
IND,USA,8446,Looms,2023,export,,,,IND-USA_HS4_2023
IND,USA,6401,Waterproof Footwear,2023,export,,,,IND-USA_HS4_2023
IND,USA,301,Live Fish,2023,export,,,,IND-USA_HS4_2023
IND,USA,809,Pitted Fruits,2023,export,,,,IND-USA_HS4_2023
IND,USA,4004,Scrap Rubber,2023,export,,,,IND-USA_HS4_2023
IND,USA,9101,Precious Metal Watches,2023,export,,,,IND-USA_HS4_2023
IND,USA,9016,Balances,2023,export,,,,IND-USA_HS4_2023
IND,USA,5203,Prepared Cotton,2023,export,,,,IND-USA_HS4_2023
IND,USA,7903,Zinc Powder,2023,export,,,,IND-USA_HS4_2023
IND,USA,2507,Kaolin,2023,export,,,,IND-USA_HS4_2023
IND,USA,2519,Magnesium Carbonate,2023,export,,,,IND-USA_HS4_2023
IND,USA,5105,Prepared Wool or Animal Hair,2023,export,,,,IND-USA_HS4_2023
IND,USA,8403,Central Heating Boilers,2023,export,,,,IND-USA_HS4_2023
IND,USA,7006,Glass with Edge Workings,2023,export,,,,IND-USA_HS4_2023
IND,USA,8440,Book-binding Machines,2023,export,,,,IND-USA_HS4_2023
IND,USA,2805,"Alkali, alkaline-earth, rare-earth metals, scandium, yttrium, and mercury",2023,export,,,,IND-USA_HS4_2023
IND,USA,4907,Documents of title (bonds etc) and unused stamps,2023,export,,,,IND-USA_HS4_2023
IND,USA,7611,Large Aluminium Containers,2023,export,,,,IND-USA_HS4_2023
IND,USA,4812,Paper Pulp Filter Blocks,2023,export,,,,IND-USA_HS4_2023
IND,USA,8705,Special purpose motor vehicles,2023,export,,,,IND-USA_HS4_2023
IND,USA,1208,Oil Seed Flower,2023,export,,,,IND-USA_HS4_2023
IND,USA,9208,Other Musical Instruments,2023,export,,,,IND-USA_HS4_2023
IND,USA,9303,Other Firearms,2023,export,,,,IND-USA_HS4_2023
IND,USA,7003,Cast or Rolled Glass,2023,export,,,,IND-USA_HS4_2023
IND,USA,2528,Borax,2023,export,,,,IND-USA_HS4_2023
IND,USA,703,Onions,2023,export,,,,IND-USA_HS4_2023
IND,USA,4105,Tanned Sheep Hides,2023,export,,,,IND-USA_HS4_2023
IND,USA,6501,Hat Forms,2023,export,,,,IND-USA_HS4_2023
IND,USA,4405,Wood Wool,2023,export,,,,IND-USA_HS4_2023
IND,USA,2704,Coke,2023,export,,,,IND-USA_HS4_2023
IND,USA,7602,Scrap Aluminium,2023,export,,,,IND-USA_HS4_2023
IND,USA,2824,Lead Oxides,2023,export,,,,IND-USA_HS4_2023
IND,USA,9616,Scent Sprays,2023,export,,,,IND-USA_HS4_2023
IND,USA,8111,Manganese,2023,export,,,,IND-USA_HS4_2023
IND,USA,3807,"Wood Tar, Oils and Pitch",2023,export,,,,IND-USA_HS4_2023
IND,USA,7213,Hot-Rolled Iron Bars,2023,export,,,,IND-USA_HS4_2023
IND,USA,5308,Other Vegetable Fibers Yarn,2023,export,,,,IND-USA_HS4_2023
IND,USA,812,Preserved Fruits and Nuts,2023,export,,,,IND-USA_HS4_2023
IND,USA,9108,Watch Movements,2023,export,,,,IND-USA_HS4_2023
IND,USA,3502,Water Soluble Proteins,2023,export,,,,IND-USA_HS4_2023
IND,USA,5809,Metallic Fabric,2023,export,,,,IND-USA_HS4_2023
IND,USA,2003,Processed Mushrooms,2023,export,,,,IND-USA_HS4_2023
IND,USA,4906,Architectural Plans,2023,export,,,,IND-USA_HS4_2023
IND,USA,8449,Felt Machinery,2023,export,,,,IND-USA_HS4_2023
IND,USA,6812,Asbestos Fibres,2023,export,,,,IND-USA_HS4_2023
IND,USA,2619,Slag Dross,2023,export,,,,IND-USA_HS4_2023
IND,USA,2801,Halogens,2023,export,,,,IND-USA_HS4_2023
IND,USA,2808,Nitric Acids,2023,export,,,,IND-USA_HS4_2023
IND,USA,7209,Cold-Rolled Iron,2023,export,,,,IND-USA_HS4_2023
IND,USA,2816,Magnesium Hydroxide and Peroxide,2023,export,,,,IND-USA_HS4_2023
IND,USA,2502,Iron Pyrites,2023,export,,,,IND-USA_HS4_2023
IND,USA,9003,Eyewear Frames,2023,export,,,,IND-USA_HS4_2023
IND,USA,7107,Silver Clad Metals,2023,export,,,,IND-USA_HS4_2023
IND,USA,2520,Gypsum,2023,export,,,,IND-USA_HS4_2023
IND,USA,4107,Leather of Other Animals,2023,export,,,,IND-USA_HS4_2023
IND,USA,9612,Ink Ribbons,2023,export,,,,IND-USA_HS4_2023
IND,USA,3814,Organic Composite Solvents,2023,export,,,,IND-USA_HS4_2023
IND,USA,4416,Wood Barrels,2023,export,,,,IND-USA_HS4_2023
IND,USA,8801,Non-powered Aircraft,2023,export,,,,IND-USA_HS4_2023
IND,USA,6905,Roofing Tiles,2023,export,,,,IND-USA_HS4_2023
IND,USA,8213,Scissors,2023,export,,,,IND-USA_HS4_2023
IND,USA,5506,Processed Synthetic Staple Fibers,2023,export,,,,IND-USA_HS4_2023
IND,USA,7108,Gold,2023,export,,,,IND-USA_HS4_2023
IND,USA,7613,Aluminium Gas Containers,2023,export,,,,IND-USA_HS4_2023
IND,USA,7502,Raw Nickel,2023,export,,,,IND-USA_HS4_2023
IND,USA,7015,Eyewear and Clock Glass,2023,export,,,,IND-USA_HS4_2023
IND,USA,2209,Vinegar,2023,export,,,,IND-USA_HS4_2023
IND,USA,1201,Soybeans,2023,export,,,,IND-USA_HS4_2023
IND,USA,1603,Animal Extracts,2023,export,,,,IND-USA_HS4_2023
IND,USA,1213,Cereal Straws,2023,export,,,,IND-USA_HS4_2023
IND,USA,106,Other Animals,2023,export,,,,IND-USA_HS4_2023
IND,USA,7313,Barbed Wire,2023,export,,,,IND-USA_HS4_2023
IND,USA,4503,Natural Cork Articles,2023,export,,,,IND-USA_HS4_2023
IND,USA,9611,Rubber Stamps,2023,export,,,,IND-USA_HS4_2023
IND,USA,1005,Corn,2023,export,,,,IND-USA_HS4_2023
IND,USA,1214,Forage Crops,2023,export,,,,IND-USA_HS4_2023
IND,USA,3813,Fire Extinguishers Preparations,2023,export,,,,IND-USA_HS4_2023
IND,USA,9201,Pianos,2023,export,,,,IND-USA_HS4_2023
IND,USA,7111,Platinum Clad Metals,2023,export,,,,IND-USA_HS4_2023
IND,USA,814,Citrus and Melon Peels,2023,export,,,,IND-USA_HS4_2023
IND,USA,7404,Scrap Copper,2023,export,,,,IND-USA_HS4_2023
IND,USA,4401,Fuel Wood,2023,export,,,,IND-USA_HS4_2023
IND,USA,7011,Glass Bulbs,2023,export,,,,IND-USA_HS4_2023
IND,USA,2601,Iron Ore,2023,export,,,,IND-USA_HS4_2023
IND,USA,5004,Non-Retail Silk Yarn,2023,export,,,,IND-USA_HS4_2023
IND,USA,4413,Densified Wood,2023,export,,,,IND-USA_HS4_2023
IND,USA,2709,Crude Petroleum,2023,export,,,,IND-USA_HS4_2023
IND,USA,4111,Leather Sheets,2023,export,,,,IND-USA_HS4_2023
IND,USA,8453,Leather Machinery,2023,export,,,,IND-USA_HS4_2023
IND,USA,1805,Cocoa Powder,2023,export,,,,IND-USA_HS4_2023
IND,USA,8103,Tantalum,2023,export,,,,IND-USA_HS4_2023
IND,USA,5003,Silk Waste,2023,export,,,,IND-USA_HS4_2023
IND,USA,4707,Recovered Paper,2023,export,,,,IND-USA_HS4_2023
IND,USA,2518,Dolomite,2023,export,,,,IND-USA_HS4_2023
IND,USA,7227,Steel Bars,2023,export,,,,IND-USA_HS4_2023
IND,USA,4904,Sheet Music,2023,export,,,,IND-USA_HS4_2023
IND,USA,7402,Raw Copper,2023,export,,,,IND-USA_HS4_2023
IND,USA,8606,Railway Freight Cars,2023,export,,,,IND-USA_HS4_2023
IND,USA,4807,Composite Paper,2023,export,,,,IND-USA_HS4_2023
IND,USA,1202,Ground Nuts,2023,export,,,,IND-USA_HS4_2023
IND,USA,5113,Horsehair Fabric,2023,export,,,,IND-USA_HS4_2023
IND,USA,5002,Raw Silk,2023,export,,,,IND-USA_HS4_2023
IND,USA,3818,Disc Chemicals for Electronics,2023,export,,,,IND-USA_HS4_2023
IND,USA,8710,Tanks and Armored vehicles,2023,export,,,,IND-USA_HS4_2023
IND,USA,5501,Synthetic Filament Tow,2023,export,,,,IND-USA_HS4_2023
IND,USA,1109,Wheat Gluten,2023,export,,,,IND-USA_HS4_2023
IND,USA,5201,Raw Cotton,2023,export,,,,IND-USA_HS4_2023
IND,USA,7501,Nickel Mattes,2023,export,,,,IND-USA_HS4_2023
IND,USA,2702,Lignite,2023,export,,,,IND-USA_HS4_2023
IND,USA,4502,Debacked Cork,2023,export,,,,IND-USA_HS4_2023
IND,USA,8715,Baby Carriages,2023,export,,,,IND-USA_HS4_2023
IND,USA,7401,Precipitated Copper,2023,export,,,,IND-USA_HS4_2023
IND,USA,3210,Other Paints,2023,export,,,,IND-USA_HS4_2023
IND,USA,903,Mate,2023,export,,,,IND-USA_HS4_2023
IND,USA,1510,Olive Oil,2023,export,,,,IND-USA_HS4_2023
IND,USA,5405,Artificial Monofilament,2023,export,,,,IND-USA_HS4_2023
IND,USA,5301,Flax Fibers,2023,export,,,,IND-USA_HS4_2023
IND,USA,2512,Siliceous Fossil Meals,2023,export,,,,IND-USA_HS4_2023
IND,USA,9104,Dashboard Clocks,2023,export,,,,IND-USA_HS4_2023
IND,USA,5306,Flax Yarn,2023,export,,,,IND-USA_HS4_2023
IND,USA,9008,Image Projectors,2023,export,,,,IND-USA_HS4_2023
IND,USA,7406,Copper Powder,2023,export,,,,IND-USA_HS4_2023
IND,USA,3707,Photographic Chemicals,2023,export,,,,IND-USA_HS4_2023
IND,USA,8106,Bismuth,2023,export,,,,IND-USA_HS4_2023
IND,USA,3603,Detonating Fuses,2023,export,,,,IND-USA_HS4_2023
IND,USA,4206,Articles of Gut,2023,export,,,,IND-USA_HS4_2023
IND,USA,3703,Photographic Paper,2023,export,,,,IND-USA_HS4_2023
IND,USA,8002,Scrap Tin,2023,export,,,,IND-USA_HS4_2023
IND,USA,8713,Wheelchairs,2023,export,,,,IND-USA_HS4_2023
IND,USA,3702,Photographic Film,2023,export,,,,IND-USA_HS4_2023
IND,USA,8401,Nuclear Reactors,2023,export,,,,IND-USA_HS4_2023
IND,USA,2207,Alcohol > 80% ABV,2023,export,,,,IND-USA_HS4_2023
IND,USA,5507,Processed Artificial Staple Fibers,2023,export,,,,IND-USA_HS4_2023
IND,USA,3706,"Motion-picture film, exposed and developed",2023,export,,,,IND-USA_HS4_2023
IND,USA,2814,Ammonia,2023,export,,,,IND-USA_HS4_2023
IND,USA,2206,Other Fermented Beverages,2023,export,,,,IND-USA_HS4_2023
IND,USA,2606,Aluminium Ore,2023,export,,,,IND-USA_HS4_2023
IND,USA,4501,Raw Cork,2023,export,,,,IND-USA_HS4_2023
IND,USA,1601,Sausages,2023,export,,,,IND-USA_HS4_2023
IND,USA,2613,Molybdenum Ore,2023,export,,,,IND-USA_HS4_2023
IND,USA,7109,Gold Clad Metals,2023,export,,,,IND-USA_HS4_2023
IND,USA,3804,Wood Pulp Lyes,2023,export,,,,IND-USA_HS4_2023
PHL,CHN,8542,Integrated Circuits,2023,export,,,,PHL-CHN_HS4_2023
PHL,CHN,8473,Office Machine Parts,2023,export,,,,PHL-CHN_HS4_2023
PHL,CHN,8532,Electrical Capacitors,2023,export,,,,PHL-CHN_HS4_2023
PHL,CHN,7403,Refined Copper,2023,export,,,,PHL-CHN_HS4_2023
PHL,CHN,8504,Electrical Transformers,2023,export,,,,PHL-CHN_HS4_2023
PHL,CHN,2701,Coal Briquettes,2023,export,,,,PHL-CHN_HS4_2023
PHL,CHN,8541,Semiconductor Devices,2023,export,,,,PHL-CHN_HS4_2023
PHL,CHN,8529,Broadcasting Accessories,2023,export,,,,PHL-CHN_HS4_2023
PHL,CHN,7404,Scrap Copper,2023,export,,,,PHL-CHN_HS4_2023
PHL,CHN,8536,Low-voltage Protection Equipment,2023,export,,,,PHL-CHN_HS4_2023
PHL,CHN,804,Tropical Fruits,2023,export,,,,PHL-CHN_HS4_2023
PHL,CHN,8414,Air Pumps,2023,export,,,,PHL-CHN_HS4_2023
PHL,CHN,8544,Insulated Wire,2023,export,,,,PHL-CHN_HS4_2023
PHL,CHN,8525,Broadcasting Equipment,2023,export,,,,PHL-CHN_HS4_2023
PHL,CHN,2707,Coal Tar Oil,2023,export,,,,PHL-CHN_HS4_2023
PHL,CHN,3823,"Industrial Fatty Acids, Oils and Alcohols",2023,export,,,,PHL-CHN_HS4_2023
PHL,CHN,8501,Electric Motors,2023,export,,,,PHL-CHN_HS4_2023
PHL,CHN,9031,Other Measuring Instruments,2023,export,,,,PHL-CHN_HS4_2023
PHL,CHN,4202,Trunks and Cases,2023,export,,,,PHL-CHN_HS4_2023
PHL,CHN,301,Live Fish,2023,export,,,,PHL-CHN_HS4_2023
PHL,CHN,2008,Other Processed Fruits and Nuts,2023,export,,,,PHL-CHN_HS4_2023
PHL,CHN,8523,Blank Audio Media,2023,export,,,,PHL-CHN_HS4_2023
PHL,CHN,2902,Cyclic Hydrocarbons,2023,export,,,,PHL-CHN_HS4_2023
PHL,CHN,9001,Optical Fibers and optical fibre bundles,2023,export,,,,PHL-CHN_HS4_2023
PHL,CHN,8543,Other Electrical Machinery,2023,export,,,,PHL-CHN_HS4_2023
PHL,CHN,9026,Gas and Liquid Flow Measuring Instruments,2023,export,,,,PHL-CHN_HS4_2023
PHL,CHN,4407,Sawn Wood,2023,export,,,,PHL-CHN_HS4_2023
PHL,CHN,8534,Printed Circuit Boards,2023,export,,,,PHL-CHN_HS4_2023
PHL,CHN,8533,Electrical Resistors,2023,export,,,,PHL-CHN_HS4_2023
PHL,CHN,9002,Mirrors and Lenses,2023,export,,,,PHL-CHN_HS4_2023
PHL,CHN,9025,Hydrometers,2023,export,,,,PHL-CHN_HS4_2023
PHL,CHN,8443,Industrial Printers,2023,export,,,,PHL-CHN_HS4_2023
PHL,CHN,8516,Electric Heaters,2023,export,,,,PHL-CHN_HS4_2023
PHL,CHN,4402,Wood Charcoal,2023,export,,,,PHL-CHN_HS4_2023
PHL,CHN,8517,Telephones,2023,export,,,,PHL-CHN_HS4_2023
PHL,CHN,8518,Microphones and Headphones,2023,export,,,,PHL-CHN_HS4_2023
PHL,CHN,5903,Plastic Coated Textile Fabric,2023,export,,,,PHL-CHN_HS4_2023
PHL,CHN,3915,Scrap Plastic,2023,export,,,,PHL-CHN_HS4_2023
PHL,CHN,2901,Acyclic Hydrocarbons,2023,export,,,,PHL-CHN_HS4_2023
PHL,CHN,8505,Electromagnets,2023,export,,,,PHL-CHN_HS4_2023
PHL,CHN,8512,Electrical Lighting and Signalling Equipment,2023,export,,,,PHL-CHN_HS4_2023
PHL,CHN,9021,Orthopedic Appliances,2023,export,,,,PHL-CHN_HS4_2023
PHL,CHN,2610,Chromium Ore,2023,export,,,,PHL-CHN_HS4_2023
PHL,CHN,2009,Fruit Juice,2023,export,,,,PHL-CHN_HS4_2023
PHL,CHN,8703,Cars,2023,export,,,,PHL-CHN_HS4_2023
PHL,CHN,2710,Refined Petroleum,2023,export,,,,PHL-CHN_HS4_2023
PHL,CHN,2841,Oxometallic or Peroxometallic Acid Salts,2023,export,,,,PHL-CHN_HS4_2023
PHL,CHN,7601,Raw Aluminium,2023,export,,,,PHL-CHN_HS4_2023
PHL,CHN,1519,Stearic Acid,2023,export,,,,PHL-CHN_HS4_2023
PHL,CHN,7410,Copper Foil,2023,export,,,,PHL-CHN_HS4_2023
PHL,CHN,9032,Thermostats,2023,export,,,,PHL-CHN_HS4_2023
PHL,CHN,4001,Rubber,2023,export,,,,PHL-CHN_HS4_2023
PHL,CHN,3901,Ethylene Polymers,2023,export,,,,PHL-CHN_HS4_2023
PHL,CHN,7005,Float Glass,2023,export,,,,PHL-CHN_HS4_2023
PHL,CHN,2711,Petroleum Gas,2023,export,,,,PHL-CHN_HS4_2023
PHL,CHN,7408,Copper Wire,2023,export,,,,PHL-CHN_HS4_2023
PHL,CHN,4002,Synthetic Rubber,2023,export,,,,PHL-CHN_HS4_2023
PHL,CHN,1605,Processed Crustaceans,2023,export,,,,PHL-CHN_HS4_2023
PHL,CHN,3903,Styrene Polymers,2023,export,,,,PHL-CHN_HS4_2023
PHL,CHN,8711,Motorcycles and cycles,2023,export,,,,PHL-CHN_HS4_2023
PHL,CHN,3926,Other Plastic Products,2023,export,,,,PHL-CHN_HS4_2023
PHL,CHN,3921,Other Plastic Sheetings,2023,export,,,,PHL-CHN_HS4_2023
PHL,CHN,8507,Electric Batteries,2023,export,,,,PHL-CHN_HS4_2023
PHL,CHN,9003,Eyewear Frames,2023,export,,,,PHL-CHN_HS4_2023
PHL,CHN,8470,Calculators,2023,export,,,,PHL-CHN_HS4_2023
PHL,CHN,8803,"Aircraft parts (gliders, balloons, and powered aircraft)",2023,export,,,,PHL-CHN_HS4_2023
PHL,CHN,8509,Other Domestic Electric Housewares,2023,export,,,,PHL-CHN_HS4_2023
PHL,CHN,8708,Motor Vehicles; parts & accessories,2023,export,,,,PHL-CHN_HS4_2023
PHL,CHN,2905,"Acyclic alcohol derivatives (halogenated, sulphonated, nitrated)",2023,export,,,,PHL-CHN_HS4_2023
PHL,CHN,8539,Electric Filament,2023,export,,,,PHL-CHN_HS4_2023
PHL,CHN,8548,Electrical Parts,2023,export,,,,PHL-CHN_HS4_2023
PHL,CHN,2601,Iron Ore,2023,export,,,,PHL-CHN_HS4_2023
PHL,CHN,3215,Ink,2023,export,,,,PHL-CHN_HS4_2023
PHL,CHN,2804,Hydrogen,2023,export,,,,PHL-CHN_HS4_2023
PHL,CHN,9401,Seats,2023,export,,,,PHL-CHN_HS4_2023
PHL,CHN,810,Other Fruits,2023,export,,,,PHL-CHN_HS4_2023
PHL,CHN,1704,Confectionery Sugar,2023,export,,,,PHL-CHN_HS4_2023
PHL,CHN,9030,Oscilloscopes,2023,export,,,,PHL-CHN_HS4_2023
PHL,CHN,3802,Activated Carbon,2023,export,,,,PHL-CHN_HS4_2023
PHL,CHN,4706,Recovered Paper Pulp,2023,export,,,,PHL-CHN_HS4_2023
PHL,CHN,9022,X-Ray Equipment,2023,export,,,,PHL-CHN_HS4_2023
PHL,CHN,9006,Cameras,2023,export,,,,PHL-CHN_HS4_2023
PHL,CHN,8503,Electric Motor Parts,2023,export,,,,PHL-CHN_HS4_2023
PHL,CHN,2306,Other Vegetable Residues,2023,export,,,,PHL-CHN_HS4_2023
PHL,CHN,3907,Polyacetals,2023,export,,,,PHL-CHN_HS4_2023
PHL,CHN,8511,Electrical Ignitions,2023,export,,,,PHL-CHN_HS4_2023
PHL,CHN,8483,Transmissions,2023,export,,,,PHL-CHN_HS4_2023
PHL,CHN,8421,Centrifuges,2023,export,,,,PHL-CHN_HS4_2023
PHL,CHN,8407,Spark-Ignition Engines,2023,export,,,,PHL-CHN_HS4_2023
PHL,CHN,7103,Precious Stones,2023,export,,,,PHL-CHN_HS4_2023
PHL,CHN,2912,"Aldehydes, cyclic polymers, and paraformaldehyde",2023,export,,,,PHL-CHN_HS4_2023
PHL,CHN,8479,Machinery Having Individual Functions,2023,export,,,,PHL-CHN_HS4_2023
PHL,CHN,8514,Electric Furnaces,2023,export,,,,PHL-CHN_HS4_2023
PHL,CHN,8481,Valves,2023,export,,,,PHL-CHN_HS4_2023
PHL,CHN,6103,Knit Men's Suits,2023,export,,,,PHL-CHN_HS4_2023
PHL,CHN,2921,Amine Compounds,2023,export,,,,PHL-CHN_HS4_2023
PHL,CHN,8538,Electrical Power Accessories,2023,export,,,,PHL-CHN_HS4_2023
PHL,CHN,7204,Scrap Iron,2023,export,,,,PHL-CHN_HS4_2023
PHL,CHN,2503,Sulphur,2023,export,,,,PHL-CHN_HS4_2023
PHL,CHN,9617,Vacuum Flask,2023,export,,,,PHL-CHN_HS4_2023
PHL,CHN,8412,Other Engines,2023,export,,,,PHL-CHN_HS4_2023
PHL,CHN,1401,Vegetable Plaiting Materials,2023,export,,,,PHL-CHN_HS4_2023
PHL,CHN,8535,High-voltage Protection Equipment,2023,export,,,,PHL-CHN_HS4_2023
PHL,CHN,8409,Engine Parts,2023,export,,,,PHL-CHN_HS4_2023
PHL,CHN,8419,Other Heating Machinery,2023,export,,,,PHL-CHN_HS4_2023
PHL,CHN,8537,Electrical Control Boards,2023,export,,,,PHL-CHN_HS4_2023
PHL,CHN,7108,Gold,2023,export,,,,PHL-CHN_HS4_2023
PHL,CHN,8526,Navigation Equipment,2023,export,,,,PHL-CHN_HS4_2023
PHL,CHN,6211,Non-Knit Active Wear,2023,export,,,,PHL-CHN_HS4_2023
PHL,CHN,8302,Metal Mountings,2023,export,,,,PHL-CHN_HS4_2023
PHL,CHN,6203,Non-Knit Men's Suits,2023,export,,,,PHL-CHN_HS4_2023
PHL,CHN,9027,Chemical Analysis Instruments,2023,export,,,,PHL-CHN_HS4_2023
PHL,CHN,5806,Narrow Woven Fabric,2023,export,,,,PHL-CHN_HS4_2023
PHL,CHN,306,Crustaceans,2023,export,,,,PHL-CHN_HS4_2023
PHL,CHN,8531,Audio Alarms,2023,export,,,,PHL-CHN_HS4_2023
PHL,CHN,3908,Polyamides,2023,export,,,,PHL-CHN_HS4_2023
PHL,CHN,6403,Leather Footwear,2023,export,,,,PHL-CHN_HS4_2023
PHL,CHN,1520,Glycerol,2023,export,,,,PHL-CHN_HS4_2023
PHL,CHN,6110,Knit Sweaters,2023,export,,,,PHL-CHN_HS4_2023
PHL,CHN,2817,Zinc Oxide and Peroxide,2023,export,,,,PHL-CHN_HS4_2023
PHL,CHN,4805,Other Uncoated Paper,2023,export,,,,PHL-CHN_HS4_2023
PHL,CHN,8301,Padlocks,2023,export,,,,PHL-CHN_HS4_2023
PHL,CHN,2915,Saturated Acyclic Monocarboxylic Acids,2023,export,,,,PHL-CHN_HS4_2023
PHL,CHN,3402,Cleaning Products,2023,export,,,,PHL-CHN_HS4_2023
PHL,CHN,6204,Non-Knit Women's Suits,2023,export,,,,PHL-CHN_HS4_2023
PHL,CHN,8714,Bi-Wheel Vehicle Parts,2023,export,,,,PHL-CHN_HS4_2023
PHL,CHN,9612,Ink Ribbons,2023,export,,,,PHL-CHN_HS4_2023
PHL,CHN,8471,Computers,2023,export,,,,PHL-CHN_HS4_2023
PHL,CHN,1905,Baked Goods,2023,export,,,,PHL-CHN_HS4_2023
PHL,CHN,2103,Sauces and Seasonings,2023,export,,,,PHL-CHN_HS4_2023
PHL,CHN,2505,Sand,2023,export,,,,PHL-CHN_HS4_2023
PHL,CHN,303,Non-fillet Frozen Fish,2023,export,,,,PHL-CHN_HS4_2023
PHL,CHN,1404,Other Vegetable Products,2023,export,,,,PHL-CHN_HS4_2023
PHL,CHN,7402,Raw Copper,2023,export,,,,PHL-CHN_HS4_2023
PHL,CHN,1806,Chocolate,2023,export,,,,PHL-CHN_HS4_2023
PHL,CHN,2106,Other Edible Preparations,2023,export,,,,PHL-CHN_HS4_2023
PHL,CHN,9503,Other toys,2023,export,,,,PHL-CHN_HS4_2023
PHL,CHN,1302,Vegetable Saps,2023,export,,,,PHL-CHN_HS4_2023
PHL,CHN,5407,Synthetic Filament Yarn Woven Fabric,2023,export,,,,PHL-CHN_HS4_2023
PHL,CHN,3917,Plastic Pipes,2023,export,,,,PHL-CHN_HS4_2023
PHL,CHN,3902,Propylene Polymers,2023,export,,,,PHL-CHN_HS4_2023
PHL,CHN,9016,Balances,2023,export,,,,PHL-CHN_HS4_2023
PHL,CHN,4016,Other Rubber Products,2023,export,,,,PHL-CHN_HS4_2023
PHL,CHN,9506,Sports Equipment,2023,export,,,,PHL-CHN_HS4_2023
PHL,CHN,9404,Mattresses,2023,export,,,,PHL-CHN_HS4_2023
PHL,CHN,1904,Prepared Cereals,2023,export,,,,PHL-CHN_HS4_2023
PHL,CHN,9029,Revolution Counters,2023,export,,,,PHL-CHN_HS4_2023
PHL,CHN,807,Melons,2023,export,,,,PHL-CHN_HS4_2023
PHL,CHN,6405,Other Footwear,2023,export,,,,PHL-CHN_HS4_2023
PHL,CHN,9613,Lighters,2023,export,,,,PHL-CHN_HS4_2023
PHL,CHN,9011,Microscopes,2023,export,,,,PHL-CHN_HS4_2023
PHL,CHN,3811,Antiknock,2023,export,,,,PHL-CHN_HS4_2023
PHL,CHN,6205,Non-Knit Men's Shirts,2023,export,,,,PHL-CHN_HS4_2023
PHL,CHN,7312,Stranded Iron Wire,2023,export,,,,PHL-CHN_HS4_2023
PHL,CHN,9010,Photo Lab Equipment,2023,export,,,,PHL-CHN_HS4_2023
PHL,CHN,3904,Vinyl Chloride Polymers,2023,export,,,,PHL-CHN_HS4_2023
PHL,CHN,2916,Unsaturated Acyclic Monocarboxylic Acids,2023,export,,,,PHL-CHN_HS4_2023
PHL,CHN,6201,Non-Knit Men's Coats,2023,export,,,,PHL-CHN_HS4_2023
PHL,CHN,6703,Processed Hair,2023,export,,,,PHL-CHN_HS4_2023
PHL,CHN,6307,Other Cloth Articles,2023,export,,,,PHL-CHN_HS4_2023
PHL,CHN,8540,Cathode Tubes,2023,export,,,,PHL-CHN_HS4_2023
PHL,CHN,3920,Raw Plastic Sheeting,2023,export,,,,PHL-CHN_HS4_2023
PHL,CHN,6505,Knitted Hats,2023,export,,,,PHL-CHN_HS4_2023
PHL,CHN,8424,Liquid Dispersing Machines,2023,export,,,,PHL-CHN_HS4_2023
PHL,CHN,7311,Iron Gas Containers,2023,export,,,,PHL-CHN_HS4_2023
PHL,CHN,8105,Cobalt,2023,export,,,,PHL-CHN_HS4_2023
PHL,CHN,8547,Metal Insulating Fittings,2023,export,,,,PHL-CHN_HS4_2023
PHL,CHN,7604,Aluminium Bars,2023,export,,,,PHL-CHN_HS4_2023
PHL,CHN,9028,Utility Meters,2023,export,,,,PHL-CHN_HS4_2023
PHL,CHN,9013,LCDs,2023,export,,,,PHL-CHN_HS4_2023
PHL,CHN,6104,Knit Women's Suits,2023,export,,,,PHL-CHN_HS4_2023
PHL,CHN,8466,Metalworking Machine Parts,2023,export,,,,PHL-CHN_HS4_2023
PHL,CHN,1604,Processed Fish,2023,export,,,,PHL-CHN_HS4_2023
PHL,CHN,8522,Audio and Video Recording Accessories,2023,export,,,,PHL-CHN_HS4_2023
PHL,CHN,6804,Milling Stones,2023,export,,,,PHL-CHN_HS4_2023
PHL,CHN,2006,Sugar Preserved Foods,2023,export,,,,PHL-CHN_HS4_2023
PHL,CHN,8418,Refrigerators,2023,export,,,,PHL-CHN_HS4_2023
PHL,CHN,7303,Cast Iron Pipes,2023,export,,,,PHL-CHN_HS4_2023
PHL,CHN,8482,Ball Bearings,2023,export,,,,PHL-CHN_HS4_2023
PHL,CHN,7318,Iron Fasteners,2023,export,,,,PHL-CHN_HS4_2023
PHL,CHN,1702,Other Sugars,2023,export,,,,PHL-CHN_HS4_2023
PHL,CHN,4203,Leather Apparel,2023,export,,,,PHL-CHN_HS4_2023
PHL,CHN,7307,Iron Pipe Fittings,2023,export,,,,PHL-CHN_HS4_2023
PHL,CHN,9033,Opto-Electric Instrument Parts,2023,export,,,,PHL-CHN_HS4_2023
PHL,CHN,6115,Knit Socks and Hosiery,2023,export,,,,PHL-CHN_HS4_2023
PHL,CHN,6106,Knit Women's Shirts,2023,export,,,,PHL-CHN_HS4_2023
PHL,CHN,8702,Buses,2023,export,,,,PHL-CHN_HS4_2023
PHL,CHN,307,Molluscs,2023,export,,,,PHL-CHN_HS4_2023
PHL,CHN,7309,Large Iron Containers,2023,export,,,,PHL-CHN_HS4_2023
PHL,CHN,7226,Flat-Rolled Iron,2023,export,,,,PHL-CHN_HS4_2023
PHL,CHN,2202,Flavored Water,2023,export,,,,PHL-CHN_HS4_2023
PHL,CHN,8515,Electric Soldering Equipment,2023,export,,,,PHL-CHN_HS4_2023
PHL,CHN,7326,Other Iron Products,2023,export,,,,PHL-CHN_HS4_2023
PHL,CHN,6208,Non-Knit Women's Undergarments,2023,export,,,,PHL-CHN_HS4_2023
PHL,CHN,2007,Jams,2023,export,,,,PHL-CHN_HS4_2023
PHL,CHN,8905,Special Purpose Ships,2023,export,,,,PHL-CHN_HS4_2023
PHL,CHN,8472,Other Office Machines,2023,export,,,,PHL-CHN_HS4_2023
PHL,CHN,4010,Rubber Belting,2023,export,,,,PHL-CHN_HS4_2023
PHL,CHN,7901,Raw Zinc,2023,export,,,,PHL-CHN_HS4_2023
PHL,CHN,5808,Ornamental Trimmings,2023,export,,,,PHL-CHN_HS4_2023
PHL,CHN,6206,Non-Knit Women's Shirts,2023,export,,,,PHL-CHN_HS4_2023
PHL,CHN,7015,Eyewear and Clock Glass,2023,export,,,,PHL-CHN_HS4_2023
PHL,CHN,6109,Knit T-shirts,2023,export,,,,PHL-CHN_HS4_2023
PHL,CHN,9009,Photocopiers,2023,export,,,,PHL-CHN_HS4_2023
PHL,CHN,8484,Gaskets,2023,export,,,,PHL-CHN_HS4_2023
PHL,CHN,3923,Plastic Lids,2023,export,,,,PHL-CHN_HS4_2023
PHL,CHN,1518,Inedible Fats and Oils,2023,export,,,,PHL-CHN_HS4_2023
PHL,CHN,6105,Knit Men's Shirts,2023,export,,,,PHL-CHN_HS4_2023
PHL,CHN,1517,Margarine,2023,export,,,,PHL-CHN_HS4_2023
PHL,CHN,9403,Other Furniture,2023,export,,,,PHL-CHN_HS4_2023
PHL,CHN,5208,Light Pure Woven Cotton,2023,export,,,,PHL-CHN_HS4_2023
PHL,CHN,8417,Industrial Furnaces,2023,export,,,,PHL-CHN_HS4_2023
PHL,CHN,8528,Video Displays,2023,export,,,,PHL-CHN_HS4_2023
PHL,CHN,8462,Forging Machines,2023,export,,,,PHL-CHN_HS4_2023
PHL,CHN,508,Coral and Shells,2023,export,,,,PHL-CHN_HS4_2023
PHL,CHN,2836,Carbonates,2023,export,,,,PHL-CHN_HS4_2023
PHL,CHN,9102,Base Metal Watches,2023,export,,,,PHL-CHN_HS4_2023
PHL,CHN,9618,Mannequins,2023,export,,,,PHL-CHN_HS4_2023
PHL,CHN,8485,Boat Propellers,2023,export,,,,PHL-CHN_HS4_2023
PHL,CHN,6404,Textile Footwear,2023,export,,,,PHL-CHN_HS4_2023
PHL,CHN,7903,Zinc Powder,2023,export,,,,PHL-CHN_HS4_2023
PHL,CHN,4011,Rubber Tires,2023,export,,,,PHL-CHN_HS4_2023
PHL,CHN,6116,Knit Gloves,2023,export,,,,PHL-CHN_HS4_2023
PHL,CHN,4205,Other Leather Articles,2023,export,,,,PHL-CHN_HS4_2023
PHL,CHN,8477,Rubberworking Machinery,2023,export,,,,PHL-CHN_HS4_2023
PHL,CHN,8422,Washing and Bottling Machines,2023,export,,,,PHL-CHN_HS4_2023
PHL,CHN,8415,Air Conditioners,2023,export,,,,PHL-CHN_HS4_2023
PHL,CHN,6202,Non-Knit Women's Coats,2023,export,,,,PHL-CHN_HS4_2023
PHL,CHN,7616,Other Aluminium Products,2023,export,,,,PHL-CHN_HS4_2023
PHL,CHN,8207,Interchangeable Tool Parts,2023,export,,,,PHL-CHN_HS4_2023
PHL,CHN,8521,Video Recording Equipment,2023,export,,,,PHL-CHN_HS4_2023
PHL,CHN,811,Frozen Fruits and Nuts,2023,export,,,,PHL-CHN_HS4_2023
PHL,CHN,9106,Time Recording Instruments,2023,export,,,,PHL-CHN_HS4_2023
PHL,CHN,2909,Ethers,2023,export,,,,PHL-CHN_HS4_2023
PHL,CHN,8468,Soldering and Welding Machinery,2023,export,,,,PHL-CHN_HS4_2023
PHL,CHN,8007,Other Tin Products,2023,export,,,,PHL-CHN_HS4_2023
PHL,CHN,9609,Pencils and Crayons,2023,export,,,,PHL-CHN_HS4_2023
PHL,CHN,7801,Raw Lead,2023,export,,,,PHL-CHN_HS4_2023
PHL,CHN,1516,Other Vegetable Oils,2023,export,,,,PHL-CHN_HS4_2023
PHL,CHN,813,Dried Fruits,2023,export,,,,PHL-CHN_HS4_2023
PHL,CHN,8202,Hand Saws,2023,export,,,,PHL-CHN_HS4_2023
PHL,CHN,8451,Textile Processing Machines,2023,export,,,,PHL-CHN_HS4_2023
PHL,CHN,4808,Corrugated Paper,2023,export,,,,PHL-CHN_HS4_2023
PHL,CHN,7306,Other Small Iron Pipes,2023,export,,,,PHL-CHN_HS4_2023
PHL,CHN,9601,Worked Ivory and Bone,2023,export,,,,PHL-CHN_HS4_2023
PHL,CHN,3303,Perfumes,2023,export,,,,PHL-CHN_HS4_2023
PHL,CHN,4907,Documents of title (bonds etc) and unused stamps,2023,export,,,,PHL-CHN_HS4_2023
PHL,CHN,8527,Radio Receivers,2023,export,,,,PHL-CHN_HS4_2023
PHL,CHN,8480,Metal Molds,2023,export,,,,PHL-CHN_HS4_2023
PHL,CHN,2515,"Marble, Travertine and Alabaster",2023,export,,,,PHL-CHN_HS4_2023
PHL,CHN,3922,Plastic Wash Basins,2023,export,,,,PHL-CHN_HS4_2023
PHL,CHN,3307,Shaving Products,2023,export,,,,PHL-CHN_HS4_2023
PHL,CHN,3506,Glues,2023,export,,,,PHL-CHN_HS4_2023
PHL,CHN,2208,Hard Liquor,2023,export,,,,PHL-CHN_HS4_2023
PHL,CHN,9018,Medical Instruments,2023,export,,,,PHL-CHN_HS4_2023
PHL,CHN,7603,Aluminium Powder,2023,export,,,,PHL-CHN_HS4_2023
PHL,CHN,6117,Other Knit Clothing Accessories,2023,export,,,,PHL-CHN_HS4_2023
PHL,CHN,5609,Other Articles of Twine and Rope,2023,export,,,,PHL-CHN_HS4_2023
PHL,CHN,3304,Beauty Products,2023,export,,,,PHL-CHN_HS4_2023
PHL,CHN,9505,Party Decorations,2023,export,,,,PHL-CHN_HS4_2023
PHL,CHN,8425,Pulley Systems,2023,export,,,,PHL-CHN_HS4_2023
PHL,CHN,8413,Liquid Pumps,2023,export,,,,PHL-CHN_HS4_2023
PHL,CHN,9017,Drafting Tools,2023,export,,,,PHL-CHN_HS4_2023
PHL,CHN,8508,Vacuum Cleaners,2023,export,,,,PHL-CHN_HS4_2023
PHL,CHN,5402,Non-Retail Synthetic Filament Yarn,2023,export,,,,PHL-CHN_HS4_2023
PHL,CHN,3911,Petroleum Resins,2023,export,,,,PHL-CHN_HS4_2023
PHL,CHN,3919,Self-adhesive Plastics,2023,export,,,,PHL-CHN_HS4_2023
PHL,CHN,8446,Looms,2023,export,,,,PHL-CHN_HS4_2023
PHL,CHN,8428,Lifting Machinery,2023,export,,,,PHL-CHN_HS4_2023
PHL,CHN,6216,Non-Knit Gloves,2023,export,,,,PHL-CHN_HS4_2023
PHL,CHN,4012,Used Rubber Tires,2023,export,,,,PHL-CHN_HS4_2023
PHL,CHN,8439,Papermaking Machines,2023,export,,,,PHL-CHN_HS4_2023
PHL,CHN,3301,Essential Oils,2023,export,,,,PHL-CHN_HS4_2023
PHL,CHN,6107,Knit Men's Undergarments,2023,export,,,,PHL-CHN_HS4_2023
PHL,CHN,7802,Scrap Lead,2023,export,,,,PHL-CHN_HS4_2023
PHL,CHN,3204,Synthetic Coloring Matter,2023,export,,,,PHL-CHN_HS4_2023
PHL,CHN,4602,Basketwork,2023,export,,,,PHL-CHN_HS4_2023
PHL,CHN,7117,Imitation Jewellery,2023,export,,,,PHL-CHN_HS4_2023
PHL,CHN,8502,Electric Generating Sets,2023,export,,,,PHL-CHN_HS4_2023
PHL,CHN,7101,Pearls,2023,export,,,,PHL-CHN_HS4_2023
PHL,CHN,3909,Amino-resins,2023,export,,,,PHL-CHN_HS4_2023
PHL,CHN,8458,Metal Lathes,2023,export,,,,PHL-CHN_HS4_2023
PHL,CHN,8001,Raw Tin,2023,export,,,,PHL-CHN_HS4_2023
PHL,CHN,5906,Rubber Textile Fabric,2023,export,,,,PHL-CHN_HS4_2023
PHL,CHN,4104,Tanned Equine and Bovine Hides,2023,export,,,,PHL-CHN_HS4_2023
PHL,CHN,7315,Iron Chains,2023,export,,,,PHL-CHN_HS4_2023
PHL,CHN,7104,Synthetic Reconstructed Jewellery Stones,2023,export,,,,PHL-CHN_HS4_2023
PHL,CHN,712,Dried Vegetables,2023,export,,,,PHL-CHN_HS4_2023
PHL,CHN,8205,Other Hand Tools,2023,export,,,,PHL-CHN_HS4_2023
PHL,CHN,7319,Iron Sewing Needles,2023,export,,,,PHL-CHN_HS4_2023
PHL,CHN,7225,Flat Flat-Rolled Steel,2023,export,,,,PHL-CHN_HS4_2023
PHL,CHN,7413,Stranded Copper Wire,2023,export,,,,PHL-CHN_HS4_2023
PHL,CHN,9004,Eyewear,2023,export,,,,PHL-CHN_HS4_2023
PHL,CHN,7314,Iron Cloth,2023,export,,,,PHL-CHN_HS4_2023
PHL,CHN,5311,Other Vegetable Fibers Fabric,2023,export,,,,PHL-CHN_HS4_2023
PHL,CHN,405,Butter,2023,export,,,,PHL-CHN_HS4_2023
PHL,CHN,305,Dried/Salted/Smoked/Brined Fish,2023,export,,,,PHL-CHN_HS4_2023
PHL,CHN,3005,Bandages,2023,export,,,,PHL-CHN_HS4_2023
PHL,CHN,7419,Other Copper Products,2023,export,,,,PHL-CHN_HS4_2023
PHL,CHN,8438,Industrial Food Preperation Machinery,2023,export,,,,PHL-CHN_HS4_2023
PHL,CHN,9405,Light Fixtures,2023,export,,,,PHL-CHN_HS4_2023
PHL,CHN,7416,Copper Springs,2023,export,,,,PHL-CHN_HS4_2023
PHL,CHN,4005,Compounded Unvulcanised Rubber,2023,export,,,,PHL-CHN_HS4_2023
PHL,CHN,5911,Textiles for technical uses,2023,export,,,,PHL-CHN_HS4_2023
PHL,CHN,7411,Copper Pipes,2023,export,,,,PHL-CHN_HS4_2023
PHL,CHN,9701,Paintings,2023,export,,,,PHL-CHN_HS4_2023
PHL,CHN,5601,Wadding,2023,export,,,,PHL-CHN_HS4_2023
PHL,CHN,6102,Knit Women's Coats,2023,export,,,,PHL-CHN_HS4_2023
PHL,CHN,3906,Acrylic Polymers,2023,export,,,,PHL-CHN_HS4_2023
PHL,CHN,9504,Video and Card Games,2023,export,,,,PHL-CHN_HS4_2023
PHL,CHN,8450,Household Washing Machines,2023,export,,,,PHL-CHN_HS4_2023
PHL,CHN,8431,Excavation Machinery,2023,export,,,,PHL-CHN_HS4_2023
PHL,CHN,6002,Light Rubberized Knitted Fabric,2023,export,,,,PHL-CHN_HS4_2023
PHL,CHN,3002,"Vaccines, blood, antisera, toxins and cultures",2023,export,,,,PHL-CHN_HS4_2023
PHL,CHN,9105,Other Clocks,2023,export,,,,PHL-CHN_HS4_2023
PHL,CHN,7201,Pig Iron,2023,export,,,,PHL-CHN_HS4_2023
PHL,CHN,3401,Soap,2023,export,,,,PHL-CHN_HS4_2023
PHL,CHN,7610,Aluminium Structures,2023,export,,,,PHL-CHN_HS4_2023
PHL,CHN,7302,Iron Railway Products,2023,export,,,,PHL-CHN_HS4_2023
PHL,CHN,2842,Other Inorganic Acids Salts,2023,export,,,,PHL-CHN_HS4_2023
PHL,CHN,7223,Stainless Steel Wire,2023,export,,,,PHL-CHN_HS4_2023
PHL,CHN,2402,Rolled Tobacco,2023,export,,,,PHL-CHN_HS4_2023
PHL,CHN,8510,Hair Trimmers,2023,export,,,,PHL-CHN_HS4_2023
PHL,CHN,7611,Large Aluminium Containers,2023,export,,,,PHL-CHN_HS4_2023
PHL,CHN,7112,Precious Metal Scraps,2023,export,,,,PHL-CHN_HS4_2023
PHL,CHN,8455,Metal-Rolling Mills,2023,export,,,,PHL-CHN_HS4_2023
PHL,CHN,5607,Twine and Rope,2023,export,,,,PHL-CHN_HS4_2023
PHL,CHN,6914,Other Ceramic Articles,2023,export,,,,PHL-CHN_HS4_2023
PHL,CHN,3808,Pesticides,2023,export,,,,PHL-CHN_HS4_2023
PHL,CHN,6802,Building Stone,2023,export,,,,PHL-CHN_HS4_2023
PHL,CHN,7308,Iron Structures,2023,export,,,,PHL-CHN_HS4_2023
PHL,CHN,9603,Brooms,2023,export,,,,PHL-CHN_HS4_2023
PHL,CHN,8206,Tool Sets,2023,export,,,,PHL-CHN_HS4_2023
PHL,CHN,9406,Prefabricated Buildings,2023,export,,,,PHL-CHN_HS4_2023
PHL,CHN,7409,Copper Plating,2023,export,,,,PHL-CHN_HS4_2023
PHL,CHN,5502,Artificial Filament Tow,2023,export,,,,PHL-CHN_HS4_2023
PHL,CHN,8478,Tobacco Processing Machines,2023,export,,,,PHL-CHN_HS4_2023
PHL,CHN,7806,Other Lead Products,2023,export,,,,PHL-CHN_HS4_2023
PHL,CHN,8423,Scales,2023,export,,,,PHL-CHN_HS4_2023
PHL,CHN,9114,Other Clocks and Watches,2023,export,,,,PHL-CHN_HS4_2023
PHL,CHN,2825,Inorganic Salts,2023,export,,,,PHL-CHN_HS4_2023
PHL,CHN,6101,Knit Men's Coats,2023,export,,,,PHL-CHN_HS4_2023
PHL,CHN,2101,Coffee and Tea Extracts,2023,export,,,,PHL-CHN_HS4_2023
PHL,CHN,4419,Wood Kitchenware,2023,export,,,,PHL-CHN_HS4_2023
PHL,CHN,2835,Phosphinates (hypophosphites) and phosphonates (phosphites),2023,export,,,,PHL-CHN_HS4_2023
PHL,CHN,4421,Other Wood Articles,2023,export,,,,PHL-CHN_HS4_2023
PHL,CHN,9007,Video Cameras,2023,export,,,,PHL-CHN_HS4_2023
PHL,CHN,7310,Small Iron Containers,2023,export,,,,PHL-CHN_HS4_2023
PHL,CHN,9201,Pianos,2023,export,,,,PHL-CHN_HS4_2023
PHL,CHN,4303,Furskin Apparel,2023,export,,,,PHL-CHN_HS4_2023
PHL,CHN,7324,Iron Toiletry,2023,export,,,,PHL-CHN_HS4_2023
PHL,CHN,7320,Iron Springs,2023,export,,,,PHL-CHN_HS4_2023
PHL,CHN,8433,Harvesting Machinery,2023,export,,,,PHL-CHN_HS4_2023
PHL,CHN,3207,Prepared Pigments,2023,export,,,,PHL-CHN_HS4_2023
PHL,CHN,6306,"Awnings, Tents, and Sails",2023,export,,,,PHL-CHN_HS4_2023
PHL,CHN,9507,Fishing and Hunting Equipment,2023,export,,,,PHL-CHN_HS4_2023
PHL,CHN,9005,Binoculars and Telescopes,2023,export,,,,PHL-CHN_HS4_2023
PHL,CHN,6813,Friction Material,2023,export,,,,PHL-CHN_HS4_2023
PHL,CHN,3206,Other Coloring Matter,2023,export,,,,PHL-CHN_HS4_2023
PHL,CHN,4501,Raw Cork,2023,export,,,,PHL-CHN_HS4_2023
PHL,CHN,2820,Manganese Oxides,2023,export,,,,PHL-CHN_HS4_2023
PHL,CHN,8201,Garden Tools,2023,export,,,,PHL-CHN_HS4_2023
PHL,CHN,5509,Non-Retail Synthetic Staple Fibers Yarn,2023,export,,,,PHL-CHN_HS4_2023
PHL,CHN,8452,Sewing Machines,2023,export,,,,PHL-CHN_HS4_2023
PHL,CHN,3403,Lubricating Products,2023,export,,,,PHL-CHN_HS4_2023
PHL,CHN,7019,Glass Fibers,2023,export,,,,PHL-CHN_HS4_2023
PHL,CHN,4601,Plaiting Products,2023,export,,,,PHL-CHN_HS4_2023
PHL,CHN,7304,Iron Pipes,2023,export,,,,PHL-CHN_HS4_2023
PHL,CHN,4813,Cigarette Paper,2023,export,,,,PHL-CHN_HS4_2023
PHL,CHN,1805,Cocoa Powder,2023,export,,,,PHL-CHN_HS4_2023
PHL,CHN,2506,Quartz,2023,export,,,,PHL-CHN_HS4_2023
PHL,CHN,7202,Ferroalloys,2023,export,,,,PHL-CHN_HS4_2023
PHL,CHN,7606,Aluminium Plating,2023,export,,,,PHL-CHN_HS4_2023
PHL,CHN,9020,Breathing Appliances,2023,export,,,,PHL-CHN_HS4_2023
PHL,CHN,4819,Paper Containers,2023,export,,,,PHL-CHN_HS4_2023
PHL,CHN,7017,Laboratory Glassware,2023,export,,,,PHL-CHN_HS4_2023
PHL,CHN,304,Fish Fillets,2023,export,,,,PHL-CHN_HS4_2023
PHL,CHN,6811,Asbestos Cement Articles,2023,export,,,,PHL-CHN_HS4_2023
PHL,CHN,3925,Plastic Building Materials,2023,export,,,,PHL-CHN_HS4_2023
PHL,CHN,9023,Instructional Models,2023,export,,,,PHL-CHN_HS4_2023
PHL,CHN,4408,Veneer Sheets,2023,export,,,,PHL-CHN_HS4_2023
PHL,CHN,2803,Carbon,2023,export,,,,PHL-CHN_HS4_2023
PHL,CHN,5308,Other Vegetable Fibers Yarn,2023,export,,,,PHL-CHN_HS4_2023
PHL,CHN,3818,Disc Chemicals for Electronics,2023,export,,,,PHL-CHN_HS4_2023
PHL,CHN,6111,Knit Babies' Garments,2023,export,,,,PHL-CHN_HS4_2023
PHL,CHN,8545,Carbon-based Electronics,2023,export,,,,PHL-CHN_HS4_2023
PHL,CHN,1902,Pasta,2023,export,,,,PHL-CHN_HS4_2023
PHL,CHN,2105,Ice Cream,2023,export,,,,PHL-CHN_HS4_2023
PHL,CHN,8108,Titanium,2023,export,,,,PHL-CHN_HS4_2023
PHL,CHN,7209,Cold-Rolled Iron,2023,export,,,,PHL-CHN_HS4_2023
PHL,CHN,6406,Footwear Parts,2023,export,,,,PHL-CHN_HS4_2023
PHL,CHN,9024,Tensile Testing Machines,2023,export,,,,PHL-CHN_HS4_2023
PHL,CHN,2918,Carboxylic Acids,2023,export,,,,PHL-CHN_HS4_2023
PHL,CHN,2005,Other Processed Vegetables,2023,export,,,,PHL-CHN_HS4_2023
PHL,CHN,8546,Electrical Insulators,2023,export,,,,PHL-CHN_HS4_2023
PHL,CHN,6502,Hat Shapes,2023,export,,,,PHL-CHN_HS4_2023
PHL,CHN,8112,Other Metals,2023,export,,,,PHL-CHN_HS4_2023
PHL,CHN,4823,Shaped Paper,2023,export,,,,PHL-CHN_HS4_2023
PHL,CHN,4109,Patent Leather,2023,export,,,,PHL-CHN_HS4_2023
PHL,CHN,4401,Fuel Wood,2023,export,,,,PHL-CHN_HS4_2023
PHL,CHN,5910,Conveyor Belt Textiles,2023,export,,,,PHL-CHN_HS4_2023
PHL,CHN,2530,Other Mineral,2023,export,,,,PHL-CHN_HS4_2023
PHL,CHN,3505,Dextrins,2023,export,,,,PHL-CHN_HS4_2023
PHL,CHN,2830,Sulfides,2023,export,,,,PHL-CHN_HS4_2023
PHL,CHN,7116,Pearl Products,2023,export,,,,PHL-CHN_HS4_2023
PHL,CHN,8519,Sound Recording Equipment,2023,export,,,,PHL-CHN_HS4_2023
PHL,CHN,8208,Cutting Blades,2023,export,,,,PHL-CHN_HS4_2023
PHL,CHN,9108,Watch Movements,2023,export,,,,PHL-CHN_HS4_2023
PHL,CHN,7205,Iron Powder,2023,export,,,,PHL-CHN_HS4_2023
PHL,CHN,6704,Fake Hair,2023,export,,,,PHL-CHN_HS4_2023
PHL,CHN,9015,Surveying Equipment,2023,export,,,,PHL-CHN_HS4_2023
PHL,CHN,7609,Aluminium Pipe Fittings,2023,export,,,,PHL-CHN_HS4_2023
PHL,CHN,4504,Agglomerated Cork,2023,export,,,,PHL-CHN_HS4_2023
PHL,CHN,2712,Petroleum Jelly,2023,export,,,,PHL-CHN_HS4_2023
PHL,CHN,7208,Hot-Rolled Iron,2023,export,,,,PHL-CHN_HS4_2023
PHL,CHN,7412,Copper Pipe Fittings,2023,export,,,,PHL-CHN_HS4_2023
PHL,CHN,9616,Scent Sprays,2023,export,,,,PHL-CHN_HS4_2023
PHL,CHN,6911,Porcelain Tableware,2023,export,,,,PHL-CHN_HS4_2023
PHL,CHN,6805,Abrasive Powder,2023,export,,,,PHL-CHN_HS4_2023
PHL,CHN,4911,Other Printed Material,2023,export,,,,PHL-CHN_HS4_2023
PHL,CHN,9008,Image Projectors,2023,export,,,,PHL-CHN_HS4_2023
PHL,CHN,7607,Aluminium Foil,2023,export,,,,PHL-CHN_HS4_2023
PHL,CHN,8402,Steam Boilers,2023,export,,,,PHL-CHN_HS4_2023
PHL,CHN,106,Other Animals,2023,export,,,,PHL-CHN_HS4_2023
PHL,CHN,511,Other Inedible Animal Products,2023,export,,,,PHL-CHN_HS4_2023
PHL,CHN,4008,Rubber Sheets,2023,export,,,,PHL-CHN_HS4_2023
PHL,CHN,3812,Prepared Rubber Accelerators,2023,export,,,,PHL-CHN_HS4_2023
PHL,CHN,9614,Smoking Pipes,2023,export,,,,PHL-CHN_HS4_2023
PHL,CHN,9607,Zippers,2023,export,,,,PHL-CHN_HS4_2023
PHL,CHN,3208,Nonaqueous Paints,2023,export,,,,PHL-CHN_HS4_2023
PHL,CHN,6304,Bedspreads,2023,export,,,,PHL-CHN_HS4_2023
PHL,CHN,4009,Rubber Pipes,2023,export,,,,PHL-CHN_HS4_2023
PHL,CHN,3815,Reaction and Catalytic Products,2023,export,,,,PHL-CHN_HS4_2023
PHL,CHN,5603,Non-woven Textiles,2023,export,,,,PHL-CHN_HS4_2023
PHL,CHN,7415,Copper Fasteners,2023,export,,,,PHL-CHN_HS4_2023
PHL,CHN,4814,Wallpaper,2023,export,,,,PHL-CHN_HS4_2023
PHL,CHN,3302,Scented Mixtures,2023,export,,,,PHL-CHN_HS4_2023
PHL,CHN,6302,House Linens,2023,export,,,,PHL-CHN_HS4_2023
PHL,CHN,7009,Glass Mirrors,2023,export,,,,PHL-CHN_HS4_2023
PHL,CHN,4418,Wood Carpentry,2023,export,,,,PHL-CHN_HS4_2023
PHL,CHN,2923,Quaternary Ammonium Salts and Hydroxides,2023,export,,,,PHL-CHN_HS4_2023
PHL,CHN,5905,Textile Wall Coverings,2023,export,,,,PHL-CHN_HS4_2023
PHL,CHN,8453,Leather Machinery,2023,export,,,,PHL-CHN_HS4_2023
PHL,CHN,6402,Rubber Footwear,2023,export,,,,PHL-CHN_HS4_2023
PHL,CHN,709,Other Vegetables,2023,export,,,,PHL-CHN_HS4_2023
PHL,CHN,8441,Other Paper Machinery,2023,export,,,,PHL-CHN_HS4_2023
PHL,CHN,9602,Vegetable and Mineral Carvings,2023,export,,,,PHL-CHN_HS4_2023
PHL,CHN,2203,Beer,2023,export,,,,PHL-CHN_HS4_2023
PHL,CHN,6114,Other Knit Garments,2023,export,,,,PHL-CHN_HS4_2023
PHL,CHN,8476,Vending Machines,2023,export,,,,PHL-CHN_HS4_2023
PHL,CHN,9209,Musical Instrument Parts,2023,export,,,,PHL-CHN_HS4_2023
PHL,CHN,2209,Vinegar,2023,export,,,,PHL-CHN_HS4_2023
PHL,CHN,7615,Aluminium Housewares,2023,export,,,,PHL-CHN_HS4_2023
PHL,CHN,7323,Iron Housewares,2023,export,,,,PHL-CHN_HS4_2023
PHL,CHN,5404,Synthetic Monofilament,2023,export,,,,PHL-CHN_HS4_2023
PHL,CHN,7505,Nickel Bars,2023,export,,,,PHL-CHN_HS4_2023
PHL,CHN,7301,Iron Sheet Piling,2023,export,,,,PHL-CHN_HS4_2023
PHL,CHN,8448,Knitting Machine Accessories,2023,export,,,,PHL-CHN_HS4_2023
PHL,CHN,2833,Sulfates,2023,export,,,,PHL-CHN_HS4_2023
PHL,CHN,8436,Other Agricultural Machinery,2023,export,,,,PHL-CHN_HS4_2023
PHL,CHN,8203,Hand Tools,2023,export,,,,PHL-CHN_HS4_2023
PHL,CHN,9508,Fairground Amusements,2023,export,,,,PHL-CHN_HS4_2023
PHL,CHN,8311,Coated Metal Soldering Products,2023,export,,,,PHL-CHN_HS4_2023
PHL,CHN,6217,Other Non-Knit Clothing Accessories,2023,export,,,,PHL-CHN_HS4_2023
PHL,CHN,8430,Other Construction Vehicles,2023,export,,,,PHL-CHN_HS4_2023
PHL,CHN,5210,Light Mixed Woven Cotton,2023,export,,,,PHL-CHN_HS4_2023
PHL,CHN,8215,Cutlery Sets,2023,export,,,,PHL-CHN_HS4_2023
PHL,CHN,6504,Hats,2023,export,,,,PHL-CHN_HS4_2023
PHL,CHN,4816,Other Carbon Paper,2023,export,,,,PHL-CHN_HS4_2023
PHL,CHN,4416,Wood Barrels,2023,export,,,,PHL-CHN_HS4_2023
PHL,CHN,3924,Plastic Housewares,2023,export,,,,PHL-CHN_HS4_2023
PHL,CHN,9014,Compasses,2023,export,,,,PHL-CHN_HS4_2023
PHL,CHN,6815,Other Stone Articles,2023,export,,,,PHL-CHN_HS4_2023
PHL,CHN,4821,Paper Labels,2023,export,,,,PHL-CHN_HS4_2023
PHL,CHN,1301,Insect Resins,2023,export,,,,PHL-CHN_HS4_2023
PHL,CHN,6214,Scarves,2023,export,,,,PHL-CHN_HS4_2023
PHL,CHN,5309,Flax Woven Fabric,2023,export,,,,PHL-CHN_HS4_2023
PHL,CHN,8308,Other Metal Fasteners,2023,export,,,,PHL-CHN_HS4_2023
PHL,CHN,4420,Wood Ornaments,2023,export,,,,PHL-CHN_HS4_2023
PHL,CHN,7614,Stranded Aluminium Wire,2023,export,,,,PHL-CHN_HS4_2023
PHL,CHN,6113,Garments of Impregnated Fabric,2023,export,,,,PHL-CHN_HS4_2023
PHL,CHN,7325,Other Cast Iron Products,2023,export,,,,PHL-CHN_HS4_2023
PHL,CHN,2002,Processed Tomatoes,2023,export,,,,PHL-CHN_HS4_2023
PHL,CHN,7213,Hot-Rolled Iron Bars,2023,export,,,,PHL-CHN_HS4_2023
PHL,CHN,7322,Iron Radiators,2023,export,,,,PHL-CHN_HS4_2023
PHL,CHN,9207,Electric Musical Instruments,2023,export,,,,PHL-CHN_HS4_2023
PHL,CHN,4017,Hard Rubber,2023,export,,,,PHL-CHN_HS4_2023
PHL,CHN,8306,Bells and Other Metal Ornaments,2023,export,,,,PHL-CHN_HS4_2023
PHL,CHN,8456,Non-Mechanical Removal Machinery,2023,export,,,,PHL-CHN_HS4_2023
PHL,CHN,3910,Silicone,2023,export,,,,PHL-CHN_HS4_2023
PHL,CHN,7210,Coated Flat-Rolled Iron,2023,export,,,,PHL-CHN_HS4_2023
PHL,CHN,7001,Glass Scraps,2023,export,,,,PHL-CHN_HS4_2023
PHL,CHN,9012,Non-optical Microscopes,2023,export,,,,PHL-CHN_HS4_2023
PHL,CHN,1106,Legume Flours,2023,export,,,,PHL-CHN_HS4_2023
PHL,CHN,5206,Non-Retail Mixed Cotton Yarn,2023,export,,,,PHL-CHN_HS4_2023
PHL,CHN,9111,Watch Cases and Parts,2023,export,,,,PHL-CHN_HS4_2023
PHL,CHN,9615,Combs,2023,export,,,,PHL-CHN_HS4_2023
PHL,CHN,9606,Buttons,2023,export,,,,PHL-CHN_HS4_2023
PHL,CHN,8309,Metal Stoppers,2023,export,,,,PHL-CHN_HS4_2023
PHL,CHN,7227,Steel Bars,2023,export,,,,PHL-CHN_HS4_2023
PHL,CHN,5310,Jute Woven Fabric,2023,export,,,,PHL-CHN_HS4_2023
PHL,CHN,3214,Glaziers Putty,2023,export,,,,PHL-CHN_HS4_2023
PHL,CHN,4105,Tanned Sheep Hides,2023,export,,,,PHL-CHN_HS4_2023
PHL,CHN,7003,Cast or Rolled Glass,2023,export,,,,PHL-CHN_HS4_2023
PHL,CHN,8715,Baby Carriages,2023,export,,,,PHL-CHN_HS4_2023
PHL,CHN,7212,Large Coated Flat-Rolled Iron,2023,export,,,,PHL-CHN_HS4_2023
PHL,CHN,5909,Hose Piping Textiles,2023,export,,,,PHL-CHN_HS4_2023
PHL,CHN,6913,Ornamental Ceramics,2023,export,,,,PHL-CHN_HS4_2023
PHL,CHN,8307,Flexible Metal Tubing,2023,export,,,,PHL-CHN_HS4_2023
PHL,CHN,5902,Polyamide Fabric,2023,export,,,,PHL-CHN_HS4_2023
PHL,CHN,7020,Other Glass Articles,2023,export,,,,PHL-CHN_HS4_2023
PHL,CHN,5403,Non-Retail Artificial Filament Yarn,2023,export,,,,PHL-CHN_HS4_2023
PHL,CHN,6108,Knit Women's Undergarments,2023,export,,,,PHL-CHN_HS4_2023
PHL,CHN,2525,Mica,2023,export,,,,PHL-CHN_HS4_2023
PHL,CHN,8204,Wrenches,2023,export,,,,PHL-CHN_HS4_2023
PHL,CHN,8411,Gas Turbines,2023,export,,,,PHL-CHN_HS4_2023
PHL,CHN,3701,Photographic Plates,2023,export,,,,PHL-CHN_HS4_2023
PHL,CHN,5109,Retail Wool or Animal Hair Yarn,2023,export,,,,PHL-CHN_HS4_2023
PHL,CHN,7907,Other Zinc Products,2023,export,,,,PHL-CHN_HS4_2023
PHL,CHN,8506,Batteries,2023,export,,,,PHL-CHN_HS4_2023
PHL,CHN,8310,Metal Signs,2023,export,,,,PHL-CHN_HS4_2023
PHL,CHN,8607,Locomotive Parts,2023,export,,,,PHL-CHN_HS4_2023
PHL,CHN,4811,Cellulose Fibers Paper,2023,export,,,,PHL-CHN_HS4_2023
PHL,CHN,7605,Aluminium Wire,2023,export,,,,PHL-CHN_HS4_2023
PHL,CHN,6212,Other Women's Undergarments,2023,export,,,,PHL-CHN_HS4_2023
PHL,CHN,6506,Other Headwear,2023,export,,,,PHL-CHN_HS4_2023
PHL,CHN,9402,Medical Furniture,2023,export,,,,PHL-CHN_HS4_2023
PHL,CHN,7113,Jewellery,2023,export,,,,PHL-CHN_HS4_2023
PHL,CHN,4015,Rubber Apparel,2023,export,,,,PHL-CHN_HS4_2023
PHL,CHN,7418,Copper Housewares,2023,export,,,,PHL-CHN_HS4_2023
PHL,CHN,4909,Postcards,2023,export,,,,PHL-CHN_HS4_2023
PHL,CHN,6910,Bathroom Ceramics,2023,export,,,,PHL-CHN_HS4_2023
PHL,CHN,4818,Toilet Paper,2023,export,,,,PHL-CHN_HS4_2023
PHL,CHN,7014,Signaling Glassware,2023,export,,,,PHL-CHN_HS4_2023
PHL,CHN,2811,Other Inorganic Acids,2023,export,,,,PHL-CHN_HS4_2023
PHL,CHN,5406,Retail Artificial Filament Yarn,2023,export,,,,PHL-CHN_HS4_2023
PHL,CHN,8609,Railway Cargo Containers,2023,export,,,,PHL-CHN_HS4_2023
PHL,CHN,8460,Metal Finishing Machines,2023,export,,,,PHL-CHN_HS4_2023
PHL,CHN,2827,Chlorides,2023,export,,,,PHL-CHN_HS4_2023
PHL,CHN,4106,Tanned Goat Hides,2023,export,,,,PHL-CHN_HS4_2023
PHL,CHN,9101,Precious Metal Watches,2023,export,,,,PHL-CHN_HS4_2023
PHL,CHN,8101,Tungsten,2023,export,,,,PHL-CHN_HS4_2023
PHL,CHN,4817,Letter Stock,2023,export,,,,PHL-CHN_HS4_2023
PHL,CHN,7106,Silver,2023,export,,,,PHL-CHN_HS4_2023
PHL,CHN,9208,Other Musical Instruments,2023,export,,,,PHL-CHN_HS4_2023
PHL,CHN,2934,Nucleic Acids,2023,export,,,,PHL-CHN_HS4_2023
PHL,CHN,4908,Decals,2023,export,,,,PHL-CHN_HS4_2023
PHL,CHN,4901,Brochures,2023,export,,,,PHL-CHN_HS4_2023
PHL,CHN,6909,Laboratory Ceramic Ware,2023,export,,,,PHL-CHN_HS4_2023
PHL,CHN,6810,Cement Articles,2023,export,,,,PHL-CHN_HS4_2023
PHL,CHN,7010,Glass Bottles,2023,export,,,,PHL-CHN_HS4_2023
PHL,CHN,7013,Interior Decorative Glassware,2023,export,,,,PHL-CHN_HS4_2023
PHL,CHN,6305,Packing Bags,2023,export,,,,PHL-CHN_HS4_2023
PHL,CHN,9019,Therapeutic Appliances,2023,export,,,,PHL-CHN_HS4_2023
PHL,CHN,3810,Metal Pickling Preparations,2023,export,,,,PHL-CHN_HS4_2023
PHL,CHN,3814,Organic Composite Solvents,2023,export,,,,PHL-CHN_HS4_2023
PHL,CHN,2523,Cement,2023,export,,,,PHL-CHN_HS4_2023
PHL,CHN,3306,Dental Products,2023,export,,,,PHL-CHN_HS4_2023
PHL,CHN,6301,Blankets,2023,export,,,,PHL-CHN_HS4_2023
PHL,CHN,5516,Woven Fabric of Synthetic Staple Fibers,2023,export,,,,PHL-CHN_HS4_2023
PHL,CHN,5804,Tulles and Net Fabric,2023,export,,,,PHL-CHN_HS4_2023
PHL,CHN,6209,Non-Knit Babies' Garments,2023,export,,,,PHL-CHN_HS4_2023
PHL,CHN,7002,Glass Balls,2023,export,,,,PHL-CHN_HS4_2023
PHL,CHN,3822,Laboratory Reagents,2023,export,,,,PHL-CHN_HS4_2023
PHL,CHN,2501,Salt,2023,export,,,,PHL-CHN_HS4_2023
PHL,CHN,8467,Motor-working Tools,2023,export,,,,PHL-CHN_HS4_2023
PHL,CHN,4304,Artificial Fur,2023,export,,,,PHL-CHN_HS4_2023
PHL,CHN,5602,Felt,2023,export,,,,PHL-CHN_HS4_2023
PHL,CHN,4409,Shaped Wood,2023,export,,,,PHL-CHN_HS4_2023
PHL,CHN,6210,Felt or Coated Fabric Garments,2023,export,,,,PHL-CHN_HS4_2023
PHL,CHN,901,Coffee,2023,export,,,,PHL-CHN_HS4_2023
PHL,CHN,3305,Hair Products,2023,export,,,,PHL-CHN_HS4_2023
PHL,CHN,9104,Dashboard Clocks,2023,export,,,,PHL-CHN_HS4_2023
PHL,CHN,7007,Safety Glass,2023,export,,,,PHL-CHN_HS4_2023
PHL,CHN,7220,Flat-Rolled Stainless Steel,2023,export,,,,PHL-CHN_HS4_2023
PHL,CHN,6602,Walking Sticks,2023,export,,,,PHL-CHN_HS4_2023
PHL,CHN,8513,Portable Lighting,2023,export,,,,PHL-CHN_HS4_2023
PHL,CHN,8530,Traffic Signals,2023,export,,,,PHL-CHN_HS4_2023
PHL,CHN,7115,Other Precious Metal Products,2023,export,,,,PHL-CHN_HS4_2023
PHL,CHN,7217,Iron Wire,2023,export,,,,PHL-CHN_HS4_2023
PHL,CHN,9113,Watch Straps,2023,export,,,,PHL-CHN_HS4_2023
PHL,CHN,8802,"Planes, Helicopters, and/or Spacecraft",2023,export,,,,PHL-CHN_HS4_2023
PHL,CHN,5401,Artificial Filament Sewing Thread,2023,export,,,,PHL-CHN_HS4_2023
PHL,CHN,5907,Coated Textile Fabric,2023,export,,,,PHL-CHN_HS4_2023
PHL,CHN,8408,Combustion Engines,2023,export,,,,PHL-CHN_HS4_2023
PHL,CHN,1804,Cocoa Butter,2023,export,,,,PHL-CHN_HS4_2023
PHL,CHN,9608,Pens,2023,export,,,,PHL-CHN_HS4_2023
PHL,CHN,8716,"Trailers and semi-trailers, not mechanically propelled vehicles",2023,export,,,,PHL-CHN_HS4_2023
PHL,CHN,6912,Ceramic Tableware,2023,export,,,,PHL-CHN_HS4_2023
PHL,CHN,6809,Plaster Articles,2023,export,,,,PHL-CHN_HS4_2023
PHL,CHN,406,Cheese,2023,export,,,,PHL-CHN_HS4_2023
PHL,CHN,7228,Other Steel Bars,2023,export,,,,PHL-CHN_HS4_2023
PHL,CHN,9702,Prints,2023,export,,,,PHL-CHN_HS4_2023
PHL,CHN,7016,Glass Bricks,2023,export,,,,PHL-CHN_HS4_2023
PHL,CHN,3104,Potassic Fertilizers,2023,export,,,,PHL-CHN_HS4_2023
PHL,CHN,4910,Calendars,2023,export,,,,PHL-CHN_HS4_2023
PHL,CHN,6702,Artificial Vegetation,2023,export,,,,PHL-CHN_HS4_2023
PHL,CHN,6207,Non-Knit Men's Undergarments,2023,export,,,,PHL-CHN_HS4_2023
PHL,CHN,4412,Plywood,2023,export,,,,PHL-CHN_HS4_2023
PHL,CHN,7006,Glass with Edge Workings,2023,export,,,,PHL-CHN_HS4_2023
PHL,CHN,4810,Kaolin Coated Paper,2023,export,,,,PHL-CHN_HS4_2023
PHL,CHN,902,Tea,2023,export,,,,PHL-CHN_HS4_2023
PHL,CHN,5608,"Twine, cordage or rope; knotted netting, made up fishing nets and other made up nets, of textile materials",2023,export,,,,PHL-CHN_HS4_2023
PHL,CHN,7612,Aluminium Cans,2023,export,,,,PHL-CHN_HS4_2023
PHL,CHN,5307,Jute Yarn,2023,export,,,,PHL-CHN_HS4_2023
PHL,CHN,8213,Scissors,2023,export,,,,PHL-CHN_HS4_2023
PHL,CHN,4414,Wood Frames,2023,export,,,,PHL-CHN_HS4_2023
PHL,CHN,5204,Cotton Sewing Thread,2023,export,,,,PHL-CHN_HS4_2023
PHL,CHN,4902,Newspapers,2023,export,,,,PHL-CHN_HS4_2023
PHL,CHN,8003,Tin Bars,2023,export,,,,PHL-CHN_HS4_2023
PHL,CHN,7218,Stainless Steel Ingots,2023,export,,,,PHL-CHN_HS4_2023
PHL,CHN,4411,Wood Fiberboard,2023,export,,,,PHL-CHN_HS4_2023
PHL,CHN,7107,Silver Clad Metals,2023,export,,,,PHL-CHN_HS4_2023
PHL,CHN,603,Cut Flowers,2023,export,,,,PHL-CHN_HS4_2023
PHL,CHN,3702,Photographic Film,2023,export,,,,PHL-CHN_HS4_2023
PHL,CHN,6112,Knit Active Wear,2023,export,,,,PHL-CHN_HS4_2023
PHL,CHN,6907,Unglazed Ceramics,2023,export,,,,PHL-CHN_HS4_2023
PHL,CHN,6303,Window Dressings,2023,export,,,,PHL-CHN_HS4_2023
PHL,CHN,7203,Iron Reductions,2023,export,,,,PHL-CHN_HS4_2023
PHL,CHN,2938,Glycosides,2023,export,,,,PHL-CHN_HS4_2023
PHL,CHN,4415,Wood Crates,2023,export,,,,PHL-CHN_HS4_2023
PHL,CHN,4822,Paper Spools,2023,export,,,,PHL-CHN_HS4_2023
PHL,CHN,2942,Other Organic Compounds,2023,export,,,,PHL-CHN_HS4_2023
PHL,CHN,1006,Rice,2023,export,,,,PHL-CHN_HS4_2023
PHL,CHN,3504,Peptones,2023,export,,,,PHL-CHN_HS4_2023
PHL,CHN,8211,Knives,2023,export,,,,PHL-CHN_HS4_2023
PHL,CHN,4903,Children's Picture Books,2023,export,,,,PHL-CHN_HS4_2023
PHL,CHN,5807,Labels,2023,export,,,,PHL-CHN_HS4_2023
PHL,CHN,8474,Stone Processing Machines,2023,export,,,,PHL-CHN_HS4_2023
PHL,CHN,7905,Zinc Sheets,2023,export,,,,PHL-CHN_HS4_2023
PHL,CHN,7214,Raw Iron Bars,2023,export,,,,PHL-CHN_HS4_2023
PHL,CHN,6903,Refractory Ceramics,2023,export,,,,PHL-CHN_HS4_2023
PHL,CHN,5810,Embroidery,2023,export,,,,PHL-CHN_HS4_2023
PHL,CHN,2932,Oxygen Heterocyclic Compounds,2023,export,,,,PHL-CHN_HS4_2023
PHL,CHN,5512,Synthetic Fabrics,2023,export,,,,PHL-CHN_HS4_2023
PHL,CHN,8113,Cermets,2023,export,,,,PHL-CHN_HS4_2023
PHL,CHN,6213,Handkerchiefs,2023,export,,,,PHL-CHN_HS4_2023
PHL,CHN,4802,Uncoated Paper,2023,export,,,,PHL-CHN_HS4_2023
PHL,CHN,3819,Hydraulic Brake Fluid,2023,export,,,,PHL-CHN_HS4_2023
PHL,CHN,3916,Monofilament,2023,export,,,,PHL-CHN_HS4_2023
PHL,CHN,2201,Water,2023,export,,,,PHL-CHN_HS4_2023
PHL,CHN,3004,Packaged Medicaments,2023,export,,,,PHL-CHN_HS4_2023
PHL,CHN,2930,Organo-Sulfur Compounds,2023,export,,,,PHL-CHN_HS4_2023
PHL,CHN,1803,Cocoa Paste,2023,export,,,,PHL-CHN_HS4_2023
PHL,CHN,5604,Rubber Textiles,2023,export,,,,PHL-CHN_HS4_2023
PHL,CHN,4820,Paper Notebooks,2023,export,,,,PHL-CHN_HS4_2023
PHL,CHN,4410,Particle Board,2023,export,,,,PHL-CHN_HS4_2023
PHL,CHN,7004,Blown Glass,2023,export,,,,PHL-CHN_HS4_2023
PHL,CHN,7216,Iron Blocks,2023,export,,,,PHL-CHN_HS4_2023
PHL,CHN,2936,Vitamins,2023,export,,,,PHL-CHN_HS4_2023
PHL,CHN,7219,Large Flat-Rolled Stainless Steel,2023,export,,,,PHL-CHN_HS4_2023
PHL,CHN,1515,Other Pure Vegetable Oils,2023,export,,,,PHL-CHN_HS4_2023
PHL,CHN,3918,Plastic Floor Coverings,2023,export,,,,PHL-CHN_HS4_2023
PHL,CHN,2508,Clays,2023,export,,,,PHL-CHN_HS4_2023
PHL,CHN,7018,Glass Beads,2023,export,,,,PHL-CHN_HS4_2023
