resolution_code,res_key,vote_id,vote_date
A/RES/1593(XV),R/15/1593,679,1961-03-01
A/RES/1596(XV),R/15/1596,681,1961-04-05
A/RES/1883(XVIII),R/18/1883,853,1963-10-04
A/RES/1885(XVIII),R/18/1885,854,1963-10-01
A/RES/1889(XVIII),R/18/1889,856,1963-11-02
A/RES/1899(XVIII),R/18/1899,857,1963-11-02
A/RES/1909(XVIII),R/18/1909,860,1963-11-02
A/RES/1911(XVIII),R/18/1911,861,1963-11-02
A/RES/1913(XVIII),R/18/1913,863,1963-12-03
A/RES/1948(XVIII),R/18/1948,865,1963-12-04
A/RES/1956(XVIII),R/18/1956,866,1963-12-04
A/RES/1964(XVIII),R/18/1964,869,1963-12-06
A/RES/31/110,R/31/110,1694,1976-12-01
A/RES/31/12,R/31/12,1662,1976-11-07
A/RES/31/124,R/31/124,1708,1976-12-01
A/RES/31/128,R/31/128,1709,1976-12-01
A/RES/31/14,R/31/14,1693,1976-11-07
A/RES/31/143,R/31/143,1668,1976-12-02
A/RES/31/144,R/31/144,1669,1976-12-02
A/RES/31/146,R/31/146,1719,1976-12-05
A/RES/31/147,R/31/147,1720,1976-12-05
A/RES/31/148,R/31/148,1721,1976-12-05
A/RES/31/149,R/31/149,1722,1976-12-05
A/RES/31/150,R/31/150,1723,1976-12-05
A/RES/31/152,R/31/152,1724,1976-12-05
A/RES/31/157,R/31/157,1695,1976-12-06
A/RES/31/158,R/31/158,1696,1976-12-06
A/RES/31/174,R/31/174,1698,1976-12-06
A/RES/31/177,R/31/177,1699,1976-12-06
A/RES/31/178,R/31/178,1700,1976-12-06
A/RES/31/186,R/31/186,1701,1976-12-06
A/RES/31/195,R/31/195,1731,1976-12-07
A/RES/31/197,R/31/197,1732,1976-12-07
A/RES/31/20,R/31/20,1663,1976-11-05
A/RES/31/204,R/31/204,1733,1976-12-07
A/RES/31/206,R/31/206,1734,1976-12-07
A/RES/31/21,R/31/21,1664,1976-11-07
A/RES/31/29,R/31/29,1711,1976-11-03
A/RES/31/30,R/31/30,1712,1976-11-03
A/RES/31/33,R/31/33,1702,1976-11-04
A/RES/31/34,R/31/34,1703,1976-11-04
A/RES/31/4,R/31/4,1652,1976-10-04
A/RES/31/44,R/31/44,1665,1976-12-01
A/RES/31/49,R/31/49,1713,1976-12-07
A/RES/31/50,R/31/50,1714,1976-12-07
A/RES/31/53,R/31/53,1715,1976-12-07
A/RES/31/56,R/31/56,1716,1976-12-07
A/RES/31/58,R/31/58,1717,1976-12-07
A/RES/31/59,R/31/59,1718,1976-12-07
A/RES/31/61,R/31/61,1666,1976-12-01
A/RES/31/62,R/31/62,1667,1976-12-01
A/RES/31/66,R/31/66,1671,1976-12-02
A/RES/31/67,R/31/67,1672,1976-12-02
A/RES/31/7,R/31/7,1710,1976-11-07
A/RES/31/70,R/31/70,1673,1976-12-02
A/RES/31/71,R/31/71,1674,1976-12-02
A/RES/31/72,R/31/72,1675,1976-12-02
A/RES/31/73,R/31/73,1676,1976-12-02
A/RES/31/74,R/31/74,1677,1976-12-02
A/RES/31/75,R/31/75,1678,1976-12-02
A/RES/31/76,R/31/76,1740,1976-12-05
A/RES/31/77,R/31/77,1704,1976-12-05
A/RES/31/78,R/31/78,1705,1976-12-05
A/RES/31/80,R/31/80,1706,1976-12-05
A/RES/31/84,R/31/84,1707,1976-12-05
A/RES/31/87,R/31/87,1679,1976-12-06
A/RES/31/88,R/31/88,1680,1976-12-06
A/RES/31/89,R/31/89,1681,1976-12-06
A/RES/31/9,R/31/9,1670,1976-11-03
A/RES/31/91,R/31/91,1682,1976-12-06
A/RES/31/92,R/31/92,1683,1976-12-06
A/RES/32/113,R/32/113,1792,1977-12-02
A/RES/32/115,R/32/115,1793,1977-12-02
A/RES/32/118,R/32/118,1803,1977-12-03
A/RES/32/12,R/32/12,1800,1977-11-04
A/RES/32/122,R/32/122,1804,1977-12-03
A/RES/32/124,R/32/124,1805,1977-12-03
A/RES/32/125,R/32/125,1806,1977-12-03
A/RES/32/126,R/32/126,1807,1977-12-03
A/RES/32/129,R/32/129,1808,1977-12-03
A/RES/32/13,R/32/13,1801,1977-11-04
A/RES/32/130,R/32/130,1809,1977-12-03
A/RES/32/14,R/32/14,1802,1977-11-04
A/RES/32/142,R/32/142,1810,1977-12-03
A/RES/32/147,R/32/147,1837,1977-12-03
A/RES/32/15,R/32/15,1749,1977-11-06
A/RES/32/150,R/32/150,1838,1977-12-03
A/RES/32/152,R/32/152,1782,1977-12-06
A/RES/32/153,R/32/153,1783,1977-12-06
A/RES/32/154,R/32/154,1784,1977-12-06
A/RES/32/158,R/32/158,1794,1977-12-06
A/RES/32/161,R/32/161,1795,1977-12-06
A/RES/32/162,R/32/162,1796,1977-12-06
A/RES/32/171,R/32/171,1797,1977-12-06
A/RES/32/191,R/32/191,1798,1977-12-06
A/RES/32/193,R/32/193,1799,1977-12-06
A/RES/32/198,R/32/198,1821,1977-12-01
A/RES/32/20,R/32/20,1750,1977-11-01
A/RES/32/200,R/32/200,1822,1977-12-01
A/RES/32/204,R/32/204,1824,1977-12-01
A/RES/32/205,R/32/205,1825,1977-12-01
A/RES/32/208,R/32/208,1826,1977-12-01
A/RES/32/210,R/32/210,1827,1977-12-01
A/RES/32/214,R/32/214,1832,1977-12-01
A/RES/32/215,R/32/215,1833,1977-12-01
A/RES/32/27,R/32/27,1811,1977-11-04
A/RES/32/32,R/32/32,1812,1977-11-04
A/RES/32/33,R/32/33,1813,1977-11-04
A/RES/32/34,R/32/34,1814,1977-11-04
A/RES/32/35,R/32/35,1815,1977-11-04
A/RES/32/36,R/32/36,1816,1977-11-04
A/RES/32/39,R/32/39,1820,1977-12-03
A/RES/32/42,R/32/42,1753,1977-12-01
A/RES/32/5,R/32/5,1741,1977-10-05
A/RES/32/7,R/32/7,1742,1977-11-05
A/RES/32/76,R/32/76,1767,1977-12-06
A/RES/32/78,R/32/78,1768,1977-12-06
A/RES/32/79,R/32/79,1769,1977-12-06
A/RES/32/80,R/32/80,1770,1977-12-06
A/RES/32/81,R/32/81,1771,1977-12-06
A/RES/32/82,R/32/82,1772,1977-12-06
A/RES/32/83,R/32/83,1773,1977-12-06
A/RES/32/85,R/32/85,1776,1977-12-06
A/RES/32/86,R/32/86,1777,1977-12-06
A/RES/33/100,R/33/100,1919,1978-12-05
A/RES/33/103,R/33/103,1920,1978-12-05
A/RES/33/106,R/33/106,1921,1978-12-05
A/RES/33/110,R/33/110,1902,1978-12-07
A/RES/33/114,R/33/114,1898,1978-12-07
A/RES/33/118,R/33/118,1952,1978-12-01
A/RES/33/119,R/33/119,1953,1978-12-01
A/RES/33/120,R/33/120,1954,1978-12-01
A/RES/33/136,R/33/136,1903,1978-12-01
A/RES/33/137,R/33/137,1904,1978-12-01
A/RES/33/138,R/33/138,1899,1978-12-01
A/RES/33/14,R/33/14,1942,1978-11-02
A/RES/33/143,R/33/143,1956,1978-12-02
A/RES/33/147,R/33/147,1905,1978-12-01
A/RES/33/15,R/33/15,1839,1978-11-01
A/RES/33/150,R/33/150,1906,1978-12-02
A/RES/33/151,R/33/151,1907,1978-12-02
A/RES/33/155,R/33/155,1908,1978-12-02
A/RES/33/159,R/33/159,1909,1978-12-02
A/RES/33/163,R/33/163,1922,1978-12-02
A/RES/33/17,R/33/17,1840,1978-11-02
A/RES/33/172,R/33/172,1923,1978-12-02
A/RES/33/174,R/33/174,1924,1978-12-02
A/RES/33/175,R/33/175,1925,1978-12-02
A/RES/33/176,R/33/176,1926,1978-12-02
A/RES/33/181,R/33/181,1959,1978-12-03
A/RES/33/184,R/33/184,1927,1979-01-03
A/RES/33/196,R/33/196,1910,1979-01-03
A/RES/33/199,R/33/199,1911,1979-01-03
A/RES/33/204,R/33/204,1960,1979-01-03
A/RES/33/23,R/33/23,1912,1978-11-07
A/RES/33/24,R/33/24,1913,1978-11-07
A/RES/33/29,R/33/29,1844,1978-12-03
A/RES/33/36,R/33/36,1930,1978-12-02
A/RES/33/37,R/33/37,1931,1978-12-02
A/RES/33/39,R/33/39,1934,1978-12-02
A/RES/33/40,R/33/40,1935,1978-12-02
A/RES/33/41,R/33/41,1936,1978-12-02
A/RES/33/44,R/33/44,1845,1978-12-02
A/RES/33/45,R/33/45,1846,1978-12-02
A/RES/33/48,R/33/48,1914,1978-12-03
A/RES/33/50,R/33/50,1915,1978-12-03
A/RES/33/53,R/33/53,1916,1978-12-03
A/RES/33/57,R/33/57,1863,1978-12-03
A/RES/33/60,R/33/60,1864,1978-12-03
A/RES/33/63,R/33/63,1865,1978-12-03
A/RES/33/64,R/33/64,1866,1978-12-03
A/RES/33/65,R/33/65,1867,1978-12-03
A/RES/33/67,R/33/67,1870,1978-12-03
A/RES/33/68,R/33/68,1871,1978-12-03
A/RES/33/73,R/33/73,1879,1978-12-04
A/RES/33/74,R/33/74,1880,1978-12-04
A/RES/33/75,R/33/75,1881,1978-12-04
A/RES/33/76,R/33/76,1882,1978-12-04
A/RES/33/85,R/33/85,1900,1978-12-04
A/RES/33/89,R/33/89,1901,1978-12-04
A/RES/33/96,R/33/96,1969,1978-12-05
A/RES/33/97,R/33/97,1970,1978-12-05
A/RES/33/98,R/33/98,1917,1978-12-05
A/RES/33/99,R/33/99,1918,1978-12-05
A/RES/34/100,R/34/100,2018,1979-12-05
A/RES/34/101,R/34/101,2019,1979-12-05
A/RES/34/103,R/34/103,2020,1979-12-05
A/RES/34/113,R/34/113,2031,1979-12-05
A/RES/34/13,R/34/13,2088,1979-11-03
A/RES/34/133,R/34/133,2032,1979-12-05
A/RES/34/136,R/34/136,2033,1979-12-05
A/RES/34/145,R/34/145,2089,1979-12-01
A/RES/34/147,R/34/147,2090,1979-12-01
A/RES/34/150,R/34/150,2091,1979-12-01
A/RES/34/158,R/34/158,2047,1979-12-01
A/RES/34/160,R/34/160,2048,1979-12-01
A/RES/34/166,R/34/166,2069,1979-12-01
A/RES/34/172,R/34/172,2049,1979-12-01
A/RES/34/176,R/34/176,2050,1979-12-01
A/RES/34/179,R/34/179,2051,1979-12-01
A/RES/34/180,R/34/180,2052,1979-12-02
A/RES/34/184,R/34/184,2034,1979-12-02
A/RES/34/192,R/34/192,1999,1979-12-02
A/RES/34/197,R/34/197,2035,1979-12-03
A/RES/34/198,R/34/198,2036,1979-12-03
A/RES/34/199,R/34/199,2037,1979-12-03
A/RES/34/209,R/34/209,2038,1979-12-03
A/RES/34/211,R/34/211,2039,1979-12-03
A/RES/34/216,R/34/216,2040,1979-12-03
A/RES/34/22,R/34/22,1972,1979-11-01
A/RES/34/220,R/34/220,2071,1979-12-04
A/RES/34/221,R/34/221,2072,1979-12-04
A/RES/34/222A,R/34/222A,2073,1979-12-04
A/RES/34/222C,R/34/222C,2074,1979-12-04
A/RES/34/223A,R/34/223A,2075,1979-12-04
A/RES/34/223B,R/34/223B,2076,1979-12-04
A/RES/34/227,R/34/227,2077,1979-12-04
A/RES/34/229,R/34/229,2078,1979-12-04
A/RES/34/230A,R/34/230A,2079,1979-12-04
A/RES/34/230C,R/34/230C,2080,1979-12-04
A/RES/34/231,R/34/231,2081,1979-12-04
A/RES/34/232,R/34/232,2082,1979-12-04
A/RES/34/24,R/34/24,2041,1979-11-02
A/RES/34/27,R/34/27,2042,1979-11-02
A/RES/34/29,R/34/29,2021,1979-11-03
A/RES/34/2A,R/34/2A,1971,1979-09-05
A/RES/34/30,R/34/30,1973,1979-11-07
A/RES/34/33,R/34/33,2053,1979-11-01
A/RES/34/37,R/34/37,2054,1979-11-01
A/RES/34/38,R/34/38,2055,1979-11-01
A/RES/34/40,R/34/40,2056,1979-11-01
A/RES/34/41,R/34/41,2057,1979-11-01
A/RES/34/42,R/34/42,2058,1979-11-01
A/RES/34/44,R/34/44,2043,1979-11-03
A/RES/34/46,R/34/46,2044,1979-11-03
A/RES/34/47,R/34/47,2045,1979-11-03
A/RES/34/48,R/34/48,2046,1979-11-03
A/RES/34/52A,R/34/52A,2022,1979-11-03
A/RES/34/52C,R/34/52C,2023,1979-11-03
A/RES/34/52E,R/34/52E,2024,1979-11-03
A/RES/34/52F,R/34/52F,2025,1979-11-03
A/RES/34/55,R/34/55,2030,1979-11-02
A/RES/34/65A,R/34/65A,1974,1979-11-02
A/RES/34/65B,R/34/65B,1975,1979-11-02
A/RES/34/65C,R/34/65C,1976,1979-12-03
A/RES/34/65D,R/34/65D,1977,1979-12-03
A/RES/34/69,R/34/69,1978,1979-12-04
A/RES/34/6A,R/34/6A,2059,1979-10-06
A/RES/34/70,R/34/70,1979,1979-12-04
A/RES/34/73,R/34/73,2000,1979-12-02
A/RES/34/76A,R/34/76A,2001,1979-12-02
A/RES/34/77,R/34/77,2002,1979-12-02
A/RES/34/78,R/34/78,2003,1979-12-02
A/RES/34/7A,R/34/7A,2060,1979-10-06
A/RES/34/7B,R/34/7B,2061,1979-12-01
A/RES/34/7C,R/34/7C,2062,1979-12-01
A/RES/34/7D,R/34/7D,2063,1979-12-01
A/RES/34/80A,R/34/80A,2004,1979-12-02
A/RES/34/80B,R/34/80B,2005,1979-12-02
A/RES/34/83B,R/34/83B,2006,1979-12-02
A/RES/34/83E,R/34/83E,2007,1979-12-02
A/RES/34/83G,R/34/83G,2008,1979-12-02
A/RES/34/83J,R/34/83J,2009,1979-12-02
A/RES/34/84,R/34/84,2010,1979-12-02
A/RES/34/85,R/34/85,2011,1979-12-02
A/RES/34/86,R/34/86,2012,1979-12-02
A/RES/34/87C,R/34/87C,2013,1979-12-02
A/RES/34/87D,R/34/87D,2014,1979-12-02
A/RES/34/87E,R/34/87E,2015,1979-12-02
A/RES/34/88,R/34/88,2016,1979-12-02
A/RES/34/89,R/34/89,2017,1979-12-02
A/RES/34/90A,R/34/90A,2026,1979-12-03
A/RES/34/90B,R/34/90B,2027,1979-12-03
A/RES/34/90C,R/34/90C,2028,1979-12-03
A/RES/34/91,R/34/91,2029,1979-12-03
A/RES/34/92A,R/34/92A,1980,1979-12-03
A/RES/34/92B,R/34/92B,1981,1979-12-03
A/RES/34/92C,R/34/92C,1982,1979-12-03
A/RES/34/92F,R/34/92F,1983,1979-12-03
A/RES/34/92G,R/34/92G,1984,1979-12-03
A/RES/34/93A,R/34/93A,1985,1979-12-03
A/RES/34/93C,R/34/93C,1986,1979-12-03
A/RES/34/93D,R/34/93D,1987,1979-12-03
A/RES/34/93E,R/34/93E,1988,1979-12-03
A/RES/34/93F,R/34/93F,1989,1979-12-03
A/RES/34/93I,R/34/93I,1990,1979-12-03
A/RES/34/93J,R/34/93J,1991,1979-12-03
A/RES/34/93L,R/34/93L,1992,1979-12-03
A/RES/34/93N,R/34/93N,1993,1979-12-03
A/RES/34/93P,R/34/93P,1994,1979-12-03
A/RES/34/93Q,R/34/93Q,1995,1979-12-03
A/RES/34/93R,R/34/93R,1996,1979-12-01
A/RES/34/94,R/34/94,1997,1979-12-04
A/RES/34/95,R/34/95,1998,1979-12-04
A/RES/34/9B,R/34/9B,2064,1979-12-01
A/RES/34/9C,R/34/9C,2065,1979-12-01
A/RES/34/9D,R/34/9D,2066,1979-12-01
A/RES/34/9E,R/34/9E,2067,1979-12-01
A/RES/35/10B,R/35/10B,2179,1980-11-01
A/RES/35/113,R/35/113,2183,1980-12-05
A/RES/35/115A,R/35/115A,2184,1980-12-05
A/RES/35/115B,R/35/115B,2185,1980-12-05
A/RES/35/118,R/35/118,2098,1980-12-06
A/RES/35/119,R/35/119,2099,1980-12-06
A/RES/35/120,R/35/120,2100,1980-12-06
A/RES/35/122A,R/35/122A,2151,1980-12-06
A/RES/35/122B,R/35/122B,2152,1980-12-06
A/RES/35/122C,R/35/122C,2153,1980-12-06
A/RES/35/122D,R/35/122D,2154,1980-12-06
A/RES/35/122E,R/35/122E,2155,1980-12-06
A/RES/35/122F,R/35/122F,2156,1980-12-06
A/RES/35/123,R/35/123,2157,1980-12-06
A/RES/35/124,R/35/124,2158,1980-12-06
A/RES/35/130A,R/35/130A,2164,1980-12-06
A/RES/35/130B,R/35/130B,2165,1980-12-06
A/RES/35/136,R/35/136,2166,1980-12-06
A/RES/35/13A,R/35/13A,2147,1980-11-01
A/RES/35/13B,R/35/13B,2148,1980-11-01
A/RES/35/13E,R/35/13E,2149,1980-11-01
A/RES/35/13F,R/35/13F,2150,1980-11-01
A/RES/35/142B,R/35/142B,2123,1980-12-07
A/RES/35/143,R/35/143,2124,1980-12-07
A/RES/35/144C,R/35/144C,2125,1980-12-07
A/RES/35/145A,R/35/145A,2126,1980-12-07
A/RES/35/145B,R/35/145B,2127,1980-12-07
A/RES/35/146A,R/35/146A,2128,1980-12-07
A/RES/35/146B,R/35/146B,2129,1980-12-07
A/RES/35/148,R/35/148,2130,1980-12-07
A/RES/35/149,R/35/149,2131,1980-12-07
A/RES/35/152B,R/35/152B,2132,1980-12-07
A/RES/35/152C,R/35/152C,2133,1980-12-07
A/RES/35/152D,R/35/152D,2134,1980-12-07
A/RES/35/152G,R/35/152G,2135,1980-12-07
A/RES/35/152I,R/35/152I,2136,1980-12-07
A/RES/35/152J,R/35/152J,2137,1980-12-07
A/RES/35/154,R/35/154,2138,1980-12-07
A/RES/35/155,R/35/155,2139,1980-12-07
A/RES/35/156A,R/35/156A,2140,1980-12-07
A/RES/35/156C,R/35/156C,2141,1980-12-07
A/RES/35/156F,R/35/156F,2142,1980-12-07
A/RES/35/156H,R/35/156H,2143,1980-12-07
A/RES/35/156I,R/35/156I,2144,1980-12-07
A/RES/35/157,R/35/157,2145,1980-12-07
A/RES/35/158,R/35/158,2146,1980-12-07
A/RES/35/159,R/35/159,2101,1980-12-07
A/RES/35/164,R/35/164,2194,1980-12-03
A/RES/35/166,R/35/166,2195,1980-12-03
A/RES/35/167,R/35/167,2196,1980-12-03
A/RES/35/169A,R/35/169A,2102,1980-12-03
A/RES/35/169B,R/35/169B,2103,1980-12-03
A/RES/35/169C,R/35/169C,2104,1980-12-03
A/RES/35/169D,R/35/169D,2105,1980-12-03
A/RES/35/169E,R/35/169E,2106,1980-12-03
A/RES/35/174,R/35/174,2167,1980-12-03
A/RES/35/185,R/35/185,2168,1980-12-03
A/RES/35/188,R/35/188,2169,1980-12-03
A/RES/35/190,R/35/190,2170,1980-12-03
A/RES/35/192,R/35/192,2171,1980-12-03
A/RES/35/198,R/35/198,2172,1980-12-03
A/RES/35/20,R/35/20,2174,1980-11-02
A/RES/35/200,R/35/200,2173,1980-12-03
A/RES/35/206A,R/35/206A,2107,1980-12-04
A/RES/35/206B,R/35/206B,2108,1980-12-04
A/RES/35/206C,R/35/206C,2109,1980-12-04
A/RES/35/206D,R/35/206D,2110,1980-12-04
A/RES/35/206E,R/35/206E,2111,1980-12-04
A/RES/35/206F,R/35/206F,2112,1980-12-04
A/RES/35/206G,R/35/206G,2113,1980-12-04
A/RES/35/206H,R/35/206H,2114,1980-12-04
A/RES/35/206I,R/35/206I,2115,1980-12-04
A/RES/35/206J,R/35/206J,2116,1980-12-04
A/RES/35/206M,R/35/206M,2117,1980-12-04
A/RES/35/206N,R/35/206N,2118,1980-12-04
A/RES/35/206O,R/35/206O,2119,1980-12-04
A/RES/35/206P,R/35/206P,2120,1980-12-04
A/RES/35/206Q,R/35/206Q,2121,1980-12-04
A/RES/35/207,R/35/207,2122,1980-12-04
A/RES/35/213,R/35/213,2186,1980-12-05
A/RES/35/214A,R/35/214A,2187,1980-12-05
A/RES/35/218,R/35/218,2189,1980-12-05
A/RES/35/222,R/35/222,2191,1980-12-05
A/RES/35/225,R/35/225,2192,1980-12-05
A/RES/35/26,R/35/26,2175,1980-11-02
A/RES/35/27,R/35/27,2176,1980-11-02
A/RES/35/28,R/35/28,2177,1980-11-02
A/RES/35/29,R/35/29,2178,1980-11-02
A/RES/35/37,R/35/37,2096,1980-11-04
A/RES/35/39,R/35/39,2163,1980-11-02
A/RES/35/43,R/35/43,2097,1980-11-05
A/RES/35/44,R/35/44,2180,1980-12-03
A/RES/35/45A,R/35/45A,2181,1980-12-03
A/RES/35/45B,R/35/45B,2182,1980-12-03
A/RES/35/50,R/35/50,2193,1980-12-06
A/RES/35/57,R/35/57,2159,1980-12-07
A/RES/35/58,R/35/58,2160,1980-12-07
A/RES/35/6,R/35/6,2094,1980-10-07
A/RES/35/60,R/35/60,2161,1980-12-07
A/RES/35/75,R/35/75,2162,1980-12-07
A/RES/35/8,R/35/8,2095,1980-10-01
A/RES/36/100,R/36/100,2262,1981-12-06
A/RES/36/102,R/36/102,2263,1981-12-06
A/RES/36/103,R/36/103,2264,1981-12-06
A/RES/36/104,R/36/104,2265,1981-12-06
A/RES/36/105,R/36/105,2206,1981-12-07
A/RES/36/106,R/36/106,2325,1981-12-07
A/RES/36/107,R/36/107,2326,1981-12-07
A/RES/36/112,R/36/112,2327,1981-12-07
A/RES/36/116A,R/36/116A,2308,1981-12-07
A/RES/36/116B,R/36/116B,2309,1981-12-07
A/RES/36/12,R/36/12,2290,1981-10-01
A/RES/36/120A,R/36/120A,2207,1981-12-07
A/RES/36/120B,R/36/120B,2208,1981-12-07
A/RES/36/120C,R/36/120C,2209,1981-12-07
A/RES/36/120D,R/36/120D,2210,1981-12-07
A/RES/36/120E,R/36/120E,2211,1981-12-07
A/RES/36/120F,R/36/120F,2212,1981-12-07
A/RES/36/121A,R/36/121A,2213,1981-12-07
A/RES/36/121B,R/36/121B,2214,1981-12-07
A/RES/36/121C,R/36/121C,2215,1981-12-07
A/RES/36/121D,R/36/121D,2216,1981-12-07
A/RES/36/121E,R/36/121E,2217,1981-12-07
A/RES/36/121F,R/36/121F,2218,1981-12-07
A/RES/36/122,R/36/122,2328,1981-12-01
A/RES/36/13,R/36/13,2291,1981-10-01
A/RES/36/133,R/36/133,2297,1981-12-04
A/RES/36/145,R/36/145,2283,1981-12-06
A/RES/36/146A,R/36/146A,2267,1981-12-06
A/RES/36/146B,R/36/146B,2268,1981-12-06
A/RES/36/146C,R/36/146C,2269,1981-12-06
A/RES/36/146F,R/36/146F,2270,1981-12-06
A/RES/36/146G,R/36/146G,2271,1981-12-06
A/RES/36/146H,R/36/146H,2272,1981-12-06
A/RES/36/147A,R/36/147A,2273,1981-12-06
A/RES/36/147B,R/36/147B,2274,1981-12-06
A/RES/36/147C,R/36/147C,2275,1981-12-06
A/RES/36/147D,R/36/147D,2276,1981-12-06
A/RES/36/147E,R/36/147E,2277,1981-12-06
A/RES/36/147F,R/36/147F,2278,1981-12-06
A/RES/36/147G,R/36/147G,2279,1981-12-06
A/RES/36/149B,R/36/149B,2280,1981-12-06
A/RES/36/15,R/36/15,2266,1981-10-01
A/RES/36/150,R/36/150,2281,1981-12-06
A/RES/36/151,R/36/151,2298,1981-12-06
A/RES/36/155,R/36/155,2299,1981-12-06
A/RES/36/157,R/36/157,2300,1981-12-06
A/RES/36/172A,R/36/172A,2219,1981-12-07
A/RES/36/172B,R/36/172B,2220,1981-12-07
A/RES/36/172C,R/36/172C,2221,1981-12-07
A/RES/36/172D,R/36/172D,2222,1981-12-07
A/RES/36/172E,R/36/172E,2223,1981-12-07
A/RES/36/172F,R/36/172F,2224,1981-12-07
A/RES/36/172G,R/36/172G,2225,1981-12-07
A/RES/36/172H,R/36/172H,2226,1981-12-07
A/RES/36/172I,R/36/172I,2227,1981-12-07
A/RES/36/172K,R/36/172K,2228,1981-12-07
A/RES/36/172L,R/36/172L,2229,1981-12-07
A/RES/36/172M,R/36/172M,2230,1981-12-07
A/RES/36/172N,R/36/172N,2231,1981-12-07
A/RES/36/172O,R/36/172O,2232,1981-12-07
A/RES/36/173,R/36/173,2284,1981-12-07
A/RES/36/175,R/36/175,2285,1981-12-07
A/RES/36/18,R/36/18,2292,1981-11-02
A/RES/36/188,R/36/188,2286,1981-12-07
A/RES/36/19,R/36/19,2293,1981-11-02
A/RES/36/21,R/36/21,2294,1981-11-02
A/RES/36/225,R/36/225,2288,1981-12-07
A/RES/36/226A,R/36/226A,2233,1981-12-07
A/RES/36/226B,R/36/226B,2234,1981-12-07
A/RES/36/231A,R/36/231A,2310,1981-12-01
A/RES/36/232,R/36/232,2311,1981-12-01
A/RES/36/234A,R/36/234A,2312,1981-12-01
A/RES/36/234B,R/36/234B,2313,1981-12-01
A/RES/36/237,R/36/237,2319,1981-12-01
A/RES/36/240A,R/36/240A,2320,1981-12-01
A/RES/36/240C,R/36/240C,2321,1981-12-01
A/RES/36/241,R/36/241,2322,1981-12-01
A/RES/36/242,R/36/242,2323,1981-12-01
A/RES/36/25,R/36/25,2200,1981-11-04
A/RES/36/27,R/36/27,2201,1981-11-06
A/RES/36/29,R/36/29,2295,1981-11-06
A/RES/36/3,R/36/3,2197,1981-09-01
A/RES/36/31,R/36/31,2324,1981-11-06
A/RES/36/34,R/36/34,2202,1981-11-04
A/RES/36/39,R/36/39,2203,1981-11-04
A/RES/36/46,R/36/46,2301,1981-11-03
A/RES/36/49,R/36/49,2302,1981-11-03
A/RES/36/5,R/36/5,2198,1981-10-01
A/RES/36/50,R/36/50,2303,1981-11-03
A/RES/36/51,R/36/51,2304,1981-11-03
A/RES/36/52,R/36/52,2305,1981-11-03
A/RES/36/56A,R/36/56A,2296,1981-11-04
A/RES/36/66A,R/36/66A,2306,1981-11-02
A/RES/36/66B,R/36/66B,2307,1981-11-02
A/RES/36/68,R/36/68,2204,1981-12-05
A/RES/36/69,R/36/69,2205,1981-12-05
A/RES/36/7,R/36/7,2199,1981-10-07
A/RES/36/73,R/36/73,2282,1981-12-01
A/RES/36/8,R/36/8,2289,1981-10-01
A/RES/36/84,R/36/84,2235,1981-12-06
A/RES/36/86A,R/36/86A,2236,1981-12-06
A/RES/36/86B,R/36/86B,2237,1981-12-06
A/RES/36/87B,R/36/87B,2238,1981-12-06
A/RES/36/88,R/36/88,2239,1981-12-06
A/RES/36/89,R/36/89,2240,1981-12-06
A/RES/36/92C,R/36/92C,2241,1981-12-06
A/RES/36/92D,R/36/92D,2242,1981-12-06
A/RES/36/92E,R/36/92E,2243,1981-12-06
A/RES/36/92F,R/36/92F,2244,1981-12-06
A/RES/36/92H,R/36/92H,2245,1981-12-06
A/RES/36/92I,R/36/92I,2246,1981-12-06
A/RES/36/92J,R/36/92J,2247,1981-12-06
A/RES/36/92K,R/36/92K,2248,1981-12-06
A/RES/36/94,R/36/94,2249,1981-12-06
A/RES/36/95,R/36/95,2250,1981-12-06
A/RES/36/96A,R/36/96A,2251,1981-12-06
A/RES/36/96B,R/36/96B,2252,1981-12-06
A/RES/36/96C,R/36/96C,2253,1981-12-06
A/RES/36/97A,R/36/97A,2254,1981-12-06
A/RES/36/97C,R/36/97C,2255,1981-12-06
A/RES/36/97E,R/36/97E,2256,1981-12-06
A/RES/36/97G,R/36/97G,2257,1981-12-06
A/RES/36/97J,R/36/97J,2258,1981-12-06
A/RES/36/97K,R/36/97K,2259,1981-12-06
A/RES/36/98,R/36/98,2260,1981-12-06
A/RES/36/99,R/36/99,2261,1981-12-06
A/RES/37/1,R/37/1,2331,1982-10-04
A/RES/37/100A,R/37/100A,2406,1982-12-05
A/RES/37/100B,R/37/100B,2407,1982-12-05
A/RES/37/100C,R/37/100C,2408,1982-12-05
A/RES/37/100E,R/37/100E,2409,1982-12-05
A/RES/37/100H,R/37/100H,2410,1982-12-05
A/RES/37/102,R/37/102,2484,1982-12-01
A/RES/37/103,R/37/103,2485,1982-12-06
A/RES/37/104,R/37/104,2486,1982-12-06
A/RES/37/105,R/37/105,2487,1982-12-06
A/RES/37/11,R/37/11,2483,1982-11-03
A/RES/37/114,R/37/114,2488,1982-12-06
A/RES/37/118,R/37/118,2411,1982-12-01
A/RES/37/120C,R/37/120C,2421,1982-12-01
A/RES/37/120D,R/37/120D,2422,1982-12-01
A/RES/37/120E,R/37/120E,2423,1982-12-01
A/RES/37/120F,R/37/120F,2424,1982-12-01
A/RES/37/120G,R/37/120G,2425,1982-12-01
A/RES/37/120H,R/37/120H,2426,1982-12-01
A/RES/37/120I,R/37/120I,2427,1982-12-01
A/RES/37/120J,R/37/120J,2428,1982-12-01
A/RES/37/120K,R/37/120K,2429,1982-12-01
A/RES/37/122,R/37/122,2430,1982-12-02
A/RES/37/123A,R/37/123A,2359,1982-12-05
A/RES/37/123B,R/37/123B,2360,1982-12-01
A/RES/37/123C,R/37/123C,2361,1982-12-01
A/RES/37/123D,R/37/123D,2362,1982-12-01
A/RES/37/123E,R/37/123E,2363,1982-12-01
A/RES/37/123F,R/37/123F,2364,1982-12-01
A/RES/37/125A,R/37/125A,2469,1982-11-04
A/RES/37/126,R/37/126,2470,1982-12-02
A/RES/37/127A,R/37/127A,2471,1982-12-02
A/RES/37/127B,R/37/127B,2472,1982-12-02
A/RES/37/13,R/37/13,2466,1982-11-04
A/RES/37/130,R/37/130,2473,1982-12-02
A/RES/37/131,R/37/131,2474,1982-12-02
A/RES/37/134,R/37/134,2431,1982-12-02
A/RES/37/135,R/37/135,2432,1982-12-02
A/RES/37/137,R/37/137,2433,1982-12-02
A/RES/37/138,R/37/138,2434,1982-12-02
A/RES/37/140,R/37/140,2435,1982-12-02
A/RES/37/142,R/37/142,2436,1982-12-02
A/RES/37/144,R/37/144,2437,1982-12-02
A/RES/37/167,R/37/167,2365,1982-12-02
A/RES/37/18,R/37/18,2337,1982-11-06
A/RES/37/183,R/37/183,2454,1982-12-02
A/RES/37/184,R/37/184,2455,1982-12-02
A/RES/37/185,R/37/185,2456,1982-12-02
A/RES/37/189A,R/37/189A,2457,1982-12-03
A/RES/37/189B,R/37/189B,2458,1982-12-03
A/RES/37/19,R/37/19,2338,1982-11-06
A/RES/37/199,R/37/199,2459,1982-12-03
A/RES/37/2,R/37/2,2332,1982-10-03
A/RES/37/200,R/37/200,2460,1982-12-03
A/RES/37/204,R/37/204,2438,1982-12-05
A/RES/37/207,R/37/207,2439,1982-12-05
A/RES/37/212,R/37/212,2440,1982-12-05
A/RES/37/215,R/37/215,2441,1982-12-05
A/RES/37/222,R/37/222,2442,1982-12-05
A/RES/37/230,R/37/230,2443,1982-12-05
A/RES/37/233A,R/37/233A,2366,1982-12-05
A/RES/37/233B,R/37/233B,2367,1982-12-05
A/RES/37/233C,R/37/233C,2368,1982-12-05
A/RES/37/233D,R/37/233D,2369,1982-12-05
A/RES/37/233E,R/37/233E,2370,1982-12-05
A/RES/37/236B,R/37/236B,2476,1982-12-06
A/RES/37/238,R/37/238,2480,1982-12-06
A/RES/37/243A,R/37/243A,2481,1982-12-06
A/RES/37/243C,R/37/243C,2482,1982-12-06
A/RES/37/244,R/37/244,2444,1982-12-06
A/RES/37/250,R/37/250,2445,1982-12-06
A/RES/37/251,R/37/251,2446,1982-12-06
A/RES/37/252,R/37/252,2447,1982-12-06
A/RES/37/28,R/37/28,2461,1982-11-04
A/RES/37/29,R/37/29,2462,1982-11-04
A/RES/37/3,R/37/3,2333,1982-10-04
A/RES/37/30,R/37/30,2463,1982-11-04
A/RES/37/31,R/37/31,2464,1982-11-04
A/RES/37/32,R/37/32,2465,1982-11-04
A/RES/37/35,R/37/35,2339,1982-11-04
A/RES/37/36,R/37/36,2340,1982-11-07
A/RES/37/37,R/37/37,2341,1982-11-04
A/RES/37/38A,R/37/38A,2467,1982-11-04
A/RES/37/38B,R/37/38B,2468,1982-11-04
A/RES/37/39,R/37/39,2448,1982-12-02
A/RES/37/40,R/37/40,2449,1982-12-02
A/RES/37/43,R/37/43,2450,1982-12-02
A/RES/37/46,R/37/46,2451,1982-12-02
A/RES/37/47,R/37/47,2452,1982-12-02
A/RES/37/51,R/37/51,2453,1982-12-02
A/RES/37/6,R/37/6,2334,1982-10-03
A/RES/37/65,R/37/65,2342,1982-11-03
A/RES/37/66,R/37/66,2343,1982-12-02
A/RES/37/68,R/37/68,2344,1982-12-02
A/RES/37/69A,R/37/69A,2345,1982-12-01
A/RES/37/69B,R/37/69B,2346,1982-12-01
A/RES/37/69C,R/37/69C,2347,1982-12-01
A/RES/37/69D,R/37/69D,2348,1982-12-01
A/RES/37/69E,R/37/69E,2349,1982-12-01
A/RES/37/69F,R/37/69F,2350,1982-12-01
A/RES/37/69G,R/37/69G,2351,1982-12-01
A/RES/37/69H,R/37/69H,2352,1982-12-01
A/RES/37/69J,R/37/69J,2353,1982-12-01
A/RES/37/7,R/37/7,2335,1982-10-03
A/RES/37/71,R/37/71,2371,1982-12-01
A/RES/37/72,R/37/72,2372,1982-12-01
A/RES/37/73,R/37/73,2373,1982-12-01
A/RES/37/74A,R/37/74A,2374,1982-12-01
A/RES/37/74B,R/37/74B,2375,1982-12-01
A/RES/37/76,R/37/76,2376,1982-12-01
A/RES/37/77A,R/37/77A,2377,1982-12-01
A/RES/37/77B,R/37/77B,2378,1982-12-01
A/RES/37/78A,R/37/78A,2379,1982-12-01
A/RES/37/78B,R/37/78B,2380,1982-12-01
A/RES/37/78C,R/37/78C,2381,1982-12-01
A/RES/37/78E,R/37/78E,2382,1982-12-01
A/RES/37/78F,R/37/78F,2383,1982-12-01
A/RES/37/78G,R/37/78G,2384,1982-12-01
A/RES/37/78I,R/37/78I,2385,1982-12-01
A/RES/37/78J,R/37/78J,2386,1982-12-01
A/RES/37/78K,R/37/78K,2387,1982-12-01
A/RES/37/80,R/37/80,2388,1982-12-01
A/RES/37/81,R/37/81,2389,1982-12-01
A/RES/37/82,R/37/82,2390,1982-12-01
A/RES/37/83,R/37/83,2391,1982-12-01
A/RES/37/84,R/37/84,2392,1982-12-01
A/RES/37/85,R/37/85,2393,1982-12-01
A/RES/37/86A,R/37/86A,2354,1982-12-02
A/RES/37/86B,R/37/86B,2355,1982-12-02
A/RES/37/86C,R/37/86C,2356,1982-12-02
A/RES/37/86D,R/37/86D,2357,1982-12-02
A/RES/37/86E,R/37/86E,2358,1982-12-02
A/RES/37/88A,R/37/88A,2412,1982-12-02
A/RES/37/88B,R/37/88B,2413,1982-12-02
A/RES/37/88C,R/37/88C,2414,1982-12-02
A/RES/37/88D,R/37/88D,2415,1982-12-02
A/RES/37/88E,R/37/88E,2416,1982-12-02
A/RES/37/88F,R/37/88F,2417,1982-12-02
A/RES/37/88G,R/37/88G,2418,1982-12-02
A/RES/37/9,R/37/9,2336,1982-11-06
A/RES/37/92,R/37/92,2419,1982-12-02
A/RES/37/94B,R/37/94B,2420,1982-12-02
A/RES/37/95B,R/37/95B,2394,1982-12-05
A/RES/37/98A,R/37/98A,2395,1982-12-05
A/RES/37/98C,R/37/98C,2396,1982-12-05
A/RES/37/98D,R/37/98D,2397,1982-12-05
A/RES/37/98E,R/37/98E,2398,1982-12-05
A/RES/37/99A,R/37/99A,2399,1982-12-05
A/RES/37/99D,R/37/99D,2400,1982-12-05
A/RES/37/99E,R/37/99E,2401,1982-12-05
A/RES/37/99F,R/37/99F,2402,1982-12-05
A/RES/37/99G,R/37/99G,2403,1982-12-05
A/RES/37/99I,R/37/99I,2404,1982-12-05
A/RES/37/99J,R/37/99J,2405,1982-12-05
A/RES/38/100,R/38/100,2609,1983-12-03
A/RES/38/101,R/38/101,2610,1983-12-03
A/RES/38/102,R/38/102,2611,1983-12-03
A/RES/38/107,R/38/107,2612,1983-12-03
A/RES/38/108,R/38/108,2613,1983-12-03
A/RES/38/11,R/38/11,2494,1983-11-05
A/RES/38/112,R/38/112,2614,1983-12-03
A/RES/38/113,R/38/113,2615,1983-12-03
A/RES/38/12,R/38/12,2495,1983-11-06
A/RES/38/124,R/38/124,2616,1983-12-03
A/RES/38/128,R/38/128,2634,1983-12-06
A/RES/38/13,R/38/13,2496,1983-11-04
A/RES/38/132,R/38/132,2635,1983-12-06
A/RES/38/133,R/38/133,2636,1983-12-06
A/RES/38/144,R/38/144,2595,1983-12-06
A/RES/38/145,R/38/145,2596,1983-12-06
A/RES/38/150,R/38/150,2597,1983-12-06
A/RES/38/154,R/38/154,2598,1983-12-06
A/RES/38/162,R/38/162,2599,1983-12-06
A/RES/38/166,R/38/166,2600,1983-12-06
A/RES/38/17,R/38/17,2606,1983-11-05
A/RES/38/174,R/38/174,2601,1983-12-06
A/RES/38/177,R/38/177,2602,1983-12-06
A/RES/38/180A,R/38/180A,2522,1983-12-06
A/RES/38/180B,R/38/180B,2523,1983-12-06
A/RES/38/180C,R/38/180C,2524,1983-12-06
A/RES/38/180D,R/38/180D,2525,1983-12-06
A/RES/38/180E,R/38/180E,2526,1983-12-06
A/RES/38/181A,R/38/181A,2545,1983-12-07
A/RES/38/181B,R/38/181B,2546,1983-12-07
A/RES/38/182,R/38/182,2547,1983-12-07
A/RES/38/183A,R/38/183A,2548,1983-12-07
A/RES/38/183B,R/38/183B,2549,1983-12-07
A/RES/38/183C,R/38/183C,2550,1983-12-07
A/RES/38/183D,R/38/183D,2551,1983-12-07
A/RES/38/183F,R/38/183F,2552,1983-12-07
A/RES/38/183G,R/38/183G,2553,1983-12-07
A/RES/38/183H,R/38/183H,2554,1983-12-07
A/RES/38/183I,R/38/183I,2555,1983-12-07
A/RES/38/183J,R/38/183J,2556,1983-12-07
A/RES/38/183L,R/38/183L,2557,1983-12-07
A/RES/38/183M,R/38/183M,2558,1983-12-07
A/RES/38/183N,R/38/183N,2559,1983-12-07
A/RES/38/183P,R/38/183P,2560,1983-12-07
A/RES/38/184B,R/38/184B,2561,1983-12-07
A/RES/38/187A,R/38/187A,2562,1983-12-07
A/RES/38/187C,R/38/187C,2563,1983-12-07
A/RES/38/188A,R/38/188A,2564,1983-12-07
A/RES/38/188C,R/38/188C,2565,1983-12-07
A/RES/38/188E,R/38/188E,2566,1983-12-07
A/RES/38/188F,R/38/188F,2567,1983-12-07
A/RES/38/188G,R/38/188G,2568,1983-12-07
A/RES/38/188H,R/38/188H,2569,1983-12-07
A/RES/38/188I,R/38/188I,2570,1983-12-07
A/RES/38/188J,R/38/188J,2571,1983-12-07
A/RES/38/19,R/38/19,2607,1983-11-05
A/RES/38/190,R/38/190,2572,1983-12-07
A/RES/38/191,R/38/191,2573,1983-12-07
A/RES/38/196,R/38/196,2603,1983-12-07
A/RES/38/197,R/38/197,2604,1983-12-07
A/RES/38/202,R/38/202,2605,1983-12-07
A/RES/38/226,R/38/226,2623,1983-12-07
A/RES/38/228A,R/38/228A,2624,1983-12-07
A/RES/38/232,R/38/232,2625,1983-12-07
A/RES/38/233,R/38/233,2626,1983-12-07
A/RES/38/235,R/38/235,2628,1983-12-07
A/RES/38/236A,R/38/236A,2629,1983-12-07
A/RES/38/236C,R/38/236C,2630,1983-12-07
A/RES/38/237,R/38/237,2631,1983-12-07
A/RES/38/238,R/38/238,2632,1983-12-07
A/RES/38/239,R/38/239,2633,1983-12-07
A/RES/38/25,R/38/25,2608,1983-11-05
A/RES/38/29,R/38/29,2497,1983-11-06
A/RES/38/3,R/38/3,2491,1983-10-04
A/RES/38/34,R/38/34,2498,1983-11-01
A/RES/38/35A,R/38/35A,2620,1983-12-03
A/RES/38/35B,R/38/35B,2621,1983-12-03
A/RES/38/36A,R/38/36A,2499,1983-12-03
A/RES/38/36B,R/38/36B,2500,1983-12-03
A/RES/38/36C,R/38/36C,2501,1983-12-03
A/RES/38/36D,R/38/36D,2502,1983-12-03
A/RES/38/36E,R/38/36E,2503,1983-12-03
A/RES/38/38,R/38/38,2622,1983-12-06
A/RES/38/39A,R/38/39A,2504,1983-12-06
A/RES/38/39B,R/38/39B,2505,1983-12-06
A/RES/38/39C,R/38/39C,2506,1983-12-06
A/RES/38/39D,R/38/39D,2507,1983-12-06
A/RES/38/39E,R/38/39E,2508,1983-12-06
A/RES/38/39F,R/38/39F,2509,1983-12-06
A/RES/38/39G,R/38/39G,2510,1983-12-06
A/RES/38/39I,R/38/39I,2511,1983-12-06
A/RES/38/39J,R/38/39J,2512,1983-12-06
A/RES/38/39K,R/38/39K,2513,1983-12-06
A/RES/38/49,R/38/49,2617,1983-12-01
A/RES/38/50,R/38/50,2618,1983-12-01
A/RES/38/51,R/38/51,2619,1983-12-01
A/RES/38/54,R/38/54,2514,1983-12-01
A/RES/38/55,R/38/55,2515,1983-12-01
A/RES/38/58A,R/38/58A,2516,1983-12-07
A/RES/38/58B,R/38/58B,2517,1983-12-07
A/RES/38/58C,R/38/58C,2518,1983-12-07
A/RES/38/58D,R/38/58D,2519,1983-12-07
A/RES/38/58E,R/38/58E,2520,1983-12-07
A/RES/38/59A,R/38/59A,2521,1983-12-01
A/RES/38/61,R/38/61,2527,1983-12-02
A/RES/38/62,R/38/62,2528,1983-12-02
A/RES/38/63,R/38/63,2529,1983-12-02
A/RES/38/65,R/38/65,2530,1983-12-02
A/RES/38/67,R/38/67,2531,1983-12-02
A/RES/38/68,R/38/68,2532,1983-12-02
A/RES/38/69,R/38/69,2533,1983-12-02
A/RES/38/7,R/38/7,2492,1983-11-06
A/RES/38/70,R/38/70,2534,1983-12-02
A/RES/38/71A,R/38/71A,2535,1983-12-02
A/RES/38/72,R/38/72,2536,1983-12-02
A/RES/38/73B,R/38/73B,2537,1983-12-02
A/RES/38/73E,R/38/73E,2538,1983-12-02
A/RES/38/73F,R/38/73F,2539,1983-12-02
A/RES/38/73G,R/38/73G,2540,1983-12-02
A/RES/38/73H,R/38/73H,2541,1983-12-02
A/RES/38/74,R/38/74,2542,1983-12-02
A/RES/38/75,R/38/75,2543,1983-12-02
A/RES/38/76,R/38/76,2544,1983-12-02
A/RES/38/79A,R/38/79A,2574,1983-12-02
A/RES/38/79B,R/38/79B,2575,1983-12-02
A/RES/38/79C,R/38/79C,2576,1983-12-02
A/RES/38/79D,R/38/79D,2577,1983-12-02
A/RES/38/79E,R/38/79E,2578,1983-12-02
A/RES/38/79F,R/38/79F,2579,1983-12-02
A/RES/38/79G,R/38/79G,2580,1983-12-02
A/RES/38/79H,R/38/79H,2581,1983-12-02
A/RES/38/80,R/38/80,2582,1983-12-02
A/RES/38/81,R/38/81,2583,1983-12-02
A/RES/38/82B,R/38/82B,2584,1983-12-02
A/RES/38/83A,R/38/83A,2585,1983-12-02
A/RES/38/83D,R/38/83D,2586,1983-12-02
A/RES/38/83E,R/38/83E,2587,1983-12-02
A/RES/38/83F,R/38/83F,2588,1983-12-02
A/RES/38/83G,R/38/83G,2589,1983-12-02
A/RES/38/83H,R/38/83H,2590,1983-12-02
A/RES/38/83I,R/38/83I,2591,1983-12-02
A/RES/38/83J,R/38/83J,2592,1983-12-02
A/RES/38/83K,R/38/83K,2593,1983-12-02
A/RES/38/85,R/38/85,2594,1983-12-02
A/RES/38/9,R/38/9,2493,1983-11-07
A/RES/39/101,R/39/101,2738,1984-12-05
A/RES/39/11,R/39/11,2644,1984-11-06
A/RES/39/119,R/39/119,2758,1984-12-05
A/RES/39/120,R/39/120,2759,1984-12-05
A/RES/39/121,R/39/121,2760,1984-12-05
A/RES/39/127,R/39/127,2761,1984-12-05
A/RES/39/13,R/39/13,2645,1984-11-02
A/RES/39/130,R/39/130,2762,1984-12-05
A/RES/39/133,R/39/133,2763,1984-12-05
A/RES/39/134,R/39/134,2764,1984-12-05
A/RES/39/137,R/39/137,2765,1984-12-05
A/RES/39/14,R/39/14,2646,1984-11-03
A/RES/39/145,R/39/145,2766,1984-12-05
A/RES/39/146B,R/39/146B,2668,1984-12-05
A/RES/39/146C,R/39/146C,2669,1984-12-05
A/RES/39/147,R/39/147,2692,1984-12-01
A/RES/39/148L,R/39/148L,2703,1984-12-01
A/RES/39/15,R/39/15,2754,1984-11-03
A/RES/39/155,R/39/155,2715,1984-12-01
A/RES/39/157,R/39/157,2716,1984-12-01
A/RES/39/158,R/39/158,2717,1984-12-01
A/RES/39/159,R/39/159,2718,1984-12-01
A/RES/39/161B,R/39/161B,2670,1984-12-01
A/RES/39/163,R/39/163,2739,1984-12-01
A/RES/39/167,R/39/167,2740,1984-12-01
A/RES/39/169,R/39/169,2741,1984-12-01
A/RES/39/17,R/39/17,2755,1984-11-03
A/RES/39/177,R/39/177,2742,1984-12-01
A/RES/39/19,R/39/19,2756,1984-11-03
A/RES/39/2,R/39/2,2640,1984-09-05
A/RES/39/21,R/39/21,2757,1984-11-03
A/RES/39/210,R/39/210,2743,1984-12-02
A/RES/39/211,R/39/211,2744,1984-12-02
A/RES/39/218,R/39/218,2745,1984-12-02
A/RES/39/221,R/39/221,2746,1984-12-02
A/RES/39/223,R/39/223,2747,1984-12-02
A/RES/39/224,R/39/224,2748,1984-12-02
A/RES/39/226,R/39/226,2749,1984-12-02
A/RES/39/229,R/39/229,2750,1984-12-02
A/RES/39/230,R/39/230,2751,1984-12-02
A/RES/39/232,R/39/232,2752,1984-12-02
A/RES/39/233,R/39/233,2753,1984-12-02
A/RES/39/237A,R/39/237A,2777,1984-12-02
A/RES/39/237B,R/39/237B,2778,1984-12-02
A/RES/39/237C,R/39/237C,2779,1984-12-02
A/RES/39/240,R/39/240,2780,1984-12-02
A/RES/39/243,R/39/243,2781,1984-12-02
A/RES/39/40,R/39/40,2767,1984-12-03
A/RES/39/41,R/39/41,2768,1984-12-03
A/RES/39/42,R/39/42,2769,1984-12-03
A/RES/39/43,R/39/43,2770,1984-12-03
A/RES/39/48,R/39/48,2647,1984-12-02
A/RES/39/49A,R/39/49A,2648,1984-12-02
A/RES/39/49B,R/39/49B,2649,1984-12-02
A/RES/39/49C,R/39/49C,2650,1984-12-02
A/RES/39/49D,R/39/49D,2651,1984-12-02
A/RES/39/5,R/39/5,2641,1984-10-04
A/RES/39/50A,R/39/50A,2652,1984-12-03
A/RES/39/50B,R/39/50B,2653,1984-12-03
A/RES/39/50C,R/39/50C,2654,1984-12-03
A/RES/39/50D,R/39/50D,2655,1984-12-03
A/RES/39/50E,R/39/50E,2656,1984-12-03
A/RES/39/51,R/39/51,2671,1984-12-03
A/RES/39/52,R/39/52,2672,1984-12-03
A/RES/39/53,R/39/53,2673,1984-12-03
A/RES/39/55,R/39/55,2674,1984-12-03
A/RES/39/57,R/39/57,2675,1984-12-03
A/RES/39/58,R/39/58,2676,1984-12-03
A/RES/39/59,R/39/59,2677,1984-12-03
A/RES/39/6,R/39/6,2642,1984-11-02
A/RES/39/60,R/39/60,2678,1984-12-03
A/RES/39/61A,R/39/61A,2679,1984-12-03
A/RES/39/61B,R/39/61B,2680,1984-12-03
A/RES/39/62,R/39/62,2681,1984-12-03
A/RES/39/63A,R/39/63A,2682,1984-12-03
A/RES/39/63C,R/39/63C,2683,1984-12-03
A/RES/39/63D,R/39/63D,2684,1984-12-03
A/RES/39/63G,R/39/63G,2685,1984-12-03
A/RES/39/63H,R/39/63H,2686,1984-12-03
A/RES/39/63K,R/39/63K,2687,1984-12-03
A/RES/39/64B,R/39/64B,2688,1984-12-03
A/RES/39/65A,R/39/65A,2689,1984-12-03
A/RES/39/65B,R/39/65B,2690,1984-12-03
A/RES/39/65E,R/39/65E,2691,1984-12-03
A/RES/39/70,R/39/70,2771,1984-12-04
A/RES/39/71,R/39/71,2772,1984-12-04
A/RES/39/72A,R/39/72A,2657,1984-12-04
A/RES/39/72B,R/39/72B,2658,1984-12-04
A/RES/39/72C,R/39/72C,2659,1984-12-04
A/RES/39/72D,R/39/72D,2660,1984-12-04
A/RES/39/72E,R/39/72E,2661,1984-12-04
A/RES/39/72G,R/39/72G,2662,1984-12-04
A/RES/39/73,R/39/73,2663,1984-12-04
A/RES/39/75,R/39/75,2782,1984-12-04
A/RES/39/76,R/39/76,2783,1984-12-04
A/RES/39/80,R/39/80,2784,1984-12-04
A/RES/39/81,R/39/81,2785,1984-12-04
A/RES/39/9,R/39/9,2643,1984-11-02
A/RES/39/90,R/39/90,2786,1984-12-04
A/RES/39/91,R/39/91,2664,1984-12-05
A/RES/39/92,R/39/92,2665,1984-12-05
A/RES/39/93,R/39/93,2666,1984-12-05
A/RES/39/95A,R/39/95A,2719,1984-12-05
A/RES/39/95B,R/39/95B,2720,1984-12-05
A/RES/39/95C,R/39/95C,2721,1984-12-05
A/RES/39/95D,R/39/95D,2722,1984-12-05
A/RES/39/95E,R/39/95E,2723,1984-12-05
A/RES/39/95F,R/39/95F,2724,1984-12-05
A/RES/39/95G,R/39/95G,2725,1984-12-05
A/RES/39/95H,R/39/95H,2726,1984-12-05
A/RES/39/98A,R/39/98A,2727,1984-12-05
A/RES/39/98B,R/39/98B,2728,1984-12-05
A/RES/39/99A,R/39/99A,2729,1984-12-05
A/RES/39/99D,R/39/99D,2730,1984-12-05
A/RES/39/99E,R/39/99E,2731,1984-12-05
A/RES/39/99F,R/39/99F,2732,1984-12-05
A/RES/39/99G,R/39/99G,2733,1984-12-05
A/RES/39/99H,R/39/99H,2734,1984-12-05
A/RES/39/99I,R/39/99I,2735,1984-12-05
A/RES/39/99J,R/39/99J,2736,1984-12-05
A/RES/39/99K,R/39/99K,2737,1984-12-05
A/RES/40/100,R/40/100,2860,1985-12-06
A/RES/40/11,R/40/11,2794,1985-11-02
A/RES/40/111,R/40/111,2861,1985-12-06
A/RES/40/112,R/40/112,2862,1985-12-06
A/RES/40/114,R/40/114,2863,1985-12-06
A/RES/40/12,R/40/12,2795,1985-11-04
A/RES/40/124,R/40/124,2864,1985-12-06
A/RES/40/137,R/40/137,2865,1985-12-06
A/RES/40/139,R/40/139,2866,1985-12-06
A/RES/40/140,R/40/140,2867,1985-12-06
A/RES/40/141,R/40/141,2868,1985-12-06
A/RES/40/145,R/40/145,2869,1985-12-06
A/RES/40/148,R/40/148,2870,1985-12-06
A/RES/40/150,R/40/150,2871,1985-12-02
A/RES/40/151A,R/40/151A,2872,1985-12-02
A/RES/40/151B,R/40/151B,2873,1985-12-02
A/RES/40/151C,R/40/151C,2874,1985-12-02
A/RES/40/151D,R/40/151D,2875,1985-12-02
A/RES/40/151E,R/40/151E,2876,1985-12-02
A/RES/40/151F,R/40/151F,2877,1985-12-02
A/RES/40/151H,R/40/151H,2878,1985-12-02
A/RES/40/152A,R/40/152A,2879,1985-12-02
A/RES/40/152B,R/40/152B,2880,1985-12-02
A/RES/40/152C,R/40/152C,2881,1985-12-02
A/RES/40/152E,R/40/152E,2882,1985-12-02
A/RES/40/152G,R/40/152G,2883,1985-12-02
A/RES/40/152H,R/40/152H,2884,1985-12-02
A/RES/40/152I,R/40/152I,2885,1985-12-02
A/RES/40/152J,R/40/152J,2886,1985-12-02
A/RES/40/152M,R/40/152M,2887,1985-12-02
A/RES/40/152N,R/40/152N,2888,1985-12-02
A/RES/40/152P,R/40/152P,2889,1985-12-02
A/RES/40/152Q,R/40/152Q,2890,1985-12-02
A/RES/40/156A,R/40/156A,2891,1985-12-02
A/RES/40/156B,R/40/156B,2892,1985-12-02
A/RES/40/156C,R/40/156C,2893,1985-12-02
A/RES/40/158,R/40/158,2894,1985-12-02
A/RES/40/159,R/40/159,2895,1985-12-02
A/RES/40/161A,R/40/161A,2896,1985-12-02
A/RES/40/161B,R/40/161B,2897,1985-12-02
A/RES/40/161C,R/40/161C,2898,1985-12-02
A/RES/40/161D,R/40/161D,2899,1985-12-02
A/RES/40/161E,R/40/161E,2900,1985-12-02
A/RES/40/161F,R/40/161F,2901,1985-12-02
A/RES/40/161G,R/40/161G,2902,1985-12-02
A/RES/40/164A,R/40/164A,2903,1985-12-02
A/RES/40/164B,R/40/164B,2904,1985-12-02
A/RES/40/165A,R/40/165A,2905,1985-12-02
A/RES/40/165D,R/40/165D,2906,1985-12-02
A/RES/40/165E,R/40/165E,2907,1985-12-02
A/RES/40/165F,R/40/165F,2908,1985-12-02
A/RES/40/165G,R/40/165G,2909,1985-12-02
A/RES/40/165H,R/40/165H,2910,1985-12-02
A/RES/40/165I,R/40/165I,2911,1985-12-02
A/RES/40/165J,R/40/165J,2912,1985-12-02
A/RES/40/165K,R/40/165K,2913,1985-12-02
A/RES/40/167,R/40/167,2914,1985-12-02
A/RES/40/168A,R/40/168A,2915,1985-12-02
A/RES/40/168B,R/40/168B,2916,1985-12-02
A/RES/40/168C,R/40/168C,2917,1985-12-02
A/RES/40/169,R/40/169,2918,1985-12-03
A/RES/40/170,R/40/170,2919,1985-12-03
A/RES/40/173,R/40/173,2920,1985-12-03
A/RES/40/18,R/40/18,2796,1985-11-02
A/RES/40/182,R/40/182,2921,1985-12-03
A/RES/40/183,R/40/183,2922,1985-12-03
A/RES/40/185,R/40/185,2923,1985-12-03
A/RES/40/188,R/40/188,2924,1985-12-03
A/RES/40/19,R/40/19,2797,1985-11-05
A/RES/40/191,R/40/191,2925,1985-12-03
A/RES/40/197,R/40/197,2926,1985-12-03
A/RES/40/200,R/40/200,2927,1985-12-03
A/RES/40/201,R/40/201,2928,1985-12-03
A/RES/40/207,R/40/207,2929,1985-12-03
A/RES/40/21,R/40/21,2798,1985-11-04
A/RES/40/23,R/40/23,2799,1985-11-06
A/RES/40/239,R/40/239,2930,1985-12-04
A/RES/40/241B,R/40/241B,2931,1985-12-04
A/RES/40/243I,R/40/243I,2932,1985-12-04
A/RES/40/246A,R/40/246A,2933,1985-12-04
A/RES/40/246B,R/40/246B,2934,1985-12-04
A/RES/40/247,R/40/247,2935,1985-12-04
A/RES/40/248,R/40/248,2936,1985-12-04
A/RES/40/25,R/40/25,2800,1985-11-06
A/RES/40/253A,R/40/253A,2938,1985-12-04
A/RES/40/253B,R/40/253B,2939,1985-12-04
A/RES/40/253C,R/40/253C,2940,1985-12-04
A/RES/40/254,R/40/254,2941,1985-12-04
A/RES/40/255,R/40/255,2942,1985-12-04
A/RES/40/27,R/40/27,2801,1985-11-06
A/RES/40/28,R/40/28,2802,1985-11-06
A/RES/40/5,R/40/5,2791,1985-10-06
A/RES/40/50,R/40/50,2803,1985-12-02
A/RES/40/51,R/40/51,2804,1985-12-02
A/RES/40/52,R/40/52,2805,1985-12-02
A/RES/40/53,R/40/53,2806,1985-12-02
A/RES/40/56,R/40/56,2807,1985-12-02
A/RES/40/57,R/40/57,2808,1985-12-02
A/RES/40/58,R/40/58,2809,1985-12-02
A/RES/40/59A,R/40/59A,2810,1985-12-02
A/RES/40/59B,R/40/59B,2811,1985-12-02
A/RES/40/6,R/40/6,2792,1985-11-06
A/RES/40/62,R/40/62,2812,1985-12-02
A/RES/40/63,R/40/63,2813,1985-12-03
A/RES/40/64A,R/40/64A,2814,1985-12-03
A/RES/40/64B,R/40/64B,2815,1985-12-03
A/RES/40/64C,R/40/64C,2816,1985-12-03
A/RES/40/64D,R/40/64D,2817,1985-12-03
A/RES/40/64E,R/40/64E,2818,1985-12-03
A/RES/40/64F,R/40/64F,2819,1985-12-03
A/RES/40/64G,R/40/64G,2820,1985-12-03
A/RES/40/64I,R/40/64I,2821,1985-12-03
A/RES/40/67,R/40/67,2822,1985-12-04
A/RES/40/69,R/40/69,2823,1985-12-04
A/RES/40/7,R/40/7,2793,1985-11-03
A/RES/40/70,R/40/70,2824,1985-12-04
A/RES/40/79,R/40/79,2825,1985-12-05
A/RES/40/80A,R/40/80A,2826,1985-12-05
A/RES/40/80B,R/40/80B,2827,1985-12-05
A/RES/40/81,R/40/81,2828,1985-12-05
A/RES/40/83,R/40/83,2829,1985-12-05
A/RES/40/85,R/40/85,2830,1985-12-05
A/RES/40/86,R/40/86,2831,1985-12-05
A/RES/40/87,R/40/87,2832,1985-12-05
A/RES/40/88,R/40/88,2833,1985-12-05
A/RES/40/89A,R/40/89A,2834,1985-12-05
A/RES/40/89B,R/40/89B,2835,1985-12-05
A/RES/40/90,R/40/90,2836,1985-12-05
A/RES/40/91B,R/40/91B,2837,1985-12-05
A/RES/40/92A,R/40/92A,2838,1985-12-05
A/RES/40/92C,R/40/92C,2839,1985-12-05
A/RES/40/93,R/40/93,2840,1985-12-05
A/RES/40/94A,R/40/94A,2841,1985-12-05
A/RES/40/94F,R/40/94F,2842,1985-12-05
A/RES/40/94G,R/40/94G,2843,1985-12-05
A/RES/40/94H,R/40/94H,2844,1985-12-05
A/RES/40/94I,R/40/94I,2845,1985-12-05
A/RES/40/94K,R/40/94K,2846,1985-12-05
A/RES/40/94L,R/40/94L,2847,1985-12-05
A/RES/40/94M,R/40/94M,2848,1985-12-05
A/RES/40/94N,R/40/94N,2849,1985-12-05
A/RES/40/96A,R/40/96A,2850,1985-12-05
A/RES/40/96B,R/40/96B,2851,1985-12-05
A/RES/40/96C,R/40/96C,2852,1985-12-05
A/RES/40/96D,R/40/96D,2853,1985-12-05
A/RES/40/97A,R/40/97A,2854,1985-12-06
A/RES/40/97B,R/40/97B,2855,1985-12-06
A/RES/40/97C,R/40/97C,2856,1985-12-06
A/RES/40/97D,R/40/97D,2857,1985-12-06
A/RES/40/97E,R/40/97E,2858,1985-12-06
A/RES/40/97F,R/40/97F,2859,1985-12-06
A/RES/41/10,R/41/10,2949,1986-10-06
A/RES/41/101,R/41/101,3057,1986-12-05
A/RES/41/102,R/41/102,3058,1986-12-05
A/RES/41/103,R/41/103,3059,1986-12-05
A/RES/41/11,R/41/11,2950,1986-10-02
A/RES/41/113,R/41/113,3060,1986-12-05
A/RES/41/115,R/41/115,3061,1986-12-05
A/RES/41/117,R/41/117,3062,1986-12-05
A/RES/41/12,R/41/12,2951,1986-10-03
A/RES/41/123,R/41/123,3063,1986-12-05
A/RES/41/128,R/41/128,3064,1986-12-05
A/RES/41/13,R/41/13,2952,1986-10-06
A/RES/41/131,R/41/131,3065,1986-12-05
A/RES/41/132,R/41/132,3066,1986-12-05
A/RES/41/133,R/41/133,3067,1986-12-05
A/RES/41/14,R/41/14,2953,1986-10-06
A/RES/41/141,R/41/141,3068,1986-12-05
A/RES/41/143,R/41/143,3069,1986-12-05
A/RES/41/146,R/41/146,3070,1986-12-05
A/RES/41/15,R/41/15,2954,1986-10-06
A/RES/41/151,R/41/151,3071,1986-12-05
A/RES/41/155,R/41/155,3072,1986-12-05
A/RES/41/156,R/41/156,3073,1986-12-05
A/RES/41/157,R/41/157,3074,1986-12-05
A/RES/41/158,R/41/158,3075,1986-12-05
A/RES/41/159,R/41/159,3076,1986-12-05
A/RES/41/16,R/41/16,2955,1986-10-06
A/RES/41/161,R/41/161,3077,1986-12-05
A/RES/41/162A,R/41/162A,3078,1986-12-05
A/RES/41/162B,R/41/162B,3079,1986-12-05
A/RES/41/162C,R/41/162C,3080,1986-12-05
A/RES/41/164,R/41/164,3081,1986-12-06
A/RES/41/165,R/41/165,3082,1986-12-06
A/RES/41/179A,R/41/179A,3083,1986-12-06
A/RES/41/179B,R/41/179B,3084,1986-12-06
A/RES/41/180,R/41/180,3085,1986-12-02
A/RES/41/181,R/41/181,3086,1986-12-02
A/RES/41/184,R/41/184,3087,1986-12-02
A/RES/41/187,R/41/187,3088,1986-12-02
A/RES/41/195,R/41/195,3089,1986-12-02
A/RES/41/197,R/41/197,3090,1986-12-02
A/RES/41/199,R/41/199,3091,1986-12-02
A/RES/41/200,R/41/200,3092,1986-12-02
A/RES/41/211A,R/41/211A,3098,1986-12-05
A/RES/41/211B,R/41/211B,3099,1986-12-05
A/RES/41/211C,R/41/211C,3100,1986-12-05
A/RES/41/212B,R/41/212B,3101,1986-12-05
A/RES/41/30,R/41/30,2956,1986-11-02
A/RES/41/31,R/41/31,2957,1986-11-02
A/RES/41/33,R/41/33,2958,1986-11-04
A/RES/41/34,R/41/34,2959,1986-11-04
A/RES/41/35A,R/41/35A,2960,1986-11-02
A/RES/41/35B,R/41/35B,2961,1986-11-02
A/RES/41/35C,R/41/35C,2962,1986-11-02
A/RES/41/35D,R/41/35D,2963,1986-11-02
A/RES/41/35E,R/41/35E,2964,1986-11-02
A/RES/41/35F,R/41/35F,2965,1986-11-02
A/RES/41/35H,R/41/35H,2966,1986-11-02
A/RES/41/38,R/41/38,2967,1986-11-05
A/RES/41/39A,R/41/39A,2968,1986-11-05
A/RES/41/39B,R/41/39B,2969,1986-11-05
A/RES/41/39C,R/41/39C,2970,1986-11-05
A/RES/41/39D,R/41/39D,2971,1986-11-05
A/RES/41/39E,R/41/39E,2972,1986-11-05
A/RES/41/4,R/41/4,2947,1986-10-06
A/RES/41/40,R/41/40,2973,1986-11-03
A/RES/41/41A,R/41/41A,2974,1986-12-03
A/RES/41/41B,R/41/41B,2975,1986-12-03
A/RES/41/42,R/41/42,2976,1986-12-03
A/RES/41/43A,R/41/43A,2977,1986-12-03
A/RES/41/43B,R/41/43B,2978,1986-12-03
A/RES/41/43C,R/41/43C,2979,1986-12-03
A/RES/41/43D,R/41/43D,2980,1986-12-03
A/RES/41/44A,R/41/44A,2981,1986-12-04
A/RES/41/44B,R/41/44B,2982,1986-12-04
A/RES/41/45,R/41/45,2983,1986-12-04
A/RES/41/46A,R/41/46A,2984,1986-12-04
A/RES/41/46B,R/41/46B,2985,1986-12-04
A/RES/41/47,R/41/47,2986,1986-12-04
A/RES/41/49,R/41/49,2987,1986-12-04
A/RES/41/51,R/41/51,2988,1986-12-04
A/RES/41/52,R/41/52,2989,1986-12-04
A/RES/41/53,R/41/53,2990,1986-12-04
A/RES/41/54,R/41/54,2991,1986-12-04
A/RES/41/55A,R/41/55A,2992,1986-12-04
A/RES/41/55B,R/41/55B,2993,1986-12-04
A/RES/41/56,R/41/56,2994,1986-12-04
A/RES/41/58B,R/41/58B,2995,1986-12-04
A/RES/41/58C,R/41/58C,2996,1986-12-04
A/RES/41/59B,R/41/59B,2997,1986-12-04
A/RES/41/59D,R/41/59D,2998,1986-12-04
A/RES/41/59E,R/41/59E,2999,1986-12-04
A/RES/41/59G,R/41/59G,3000,1986-12-04
A/RES/41/59H,R/41/59H,3001,1986-12-04
A/RES/41/59I,R/41/59I,3002,1986-12-04
A/RES/41/59K,R/41/59K,3003,1986-12-04
A/RES/41/59L,R/41/59L,3004,1986-12-04
A/RES/41/59M,R/41/59M,3005,1986-12-04
A/RES/41/59N,R/41/59N,3006,1986-12-04
A/RES/41/6,R/41/6,2948,1986-10-03
A/RES/41/60A,R/41/60A,3007,1986-12-04
A/RES/41/60B,R/41/60B,3008,1986-12-04
A/RES/41/60C,R/41/60C,3009,1986-12-04
A/RES/41/60E,R/41/60E,3010,1986-12-04
A/RES/41/60F,R/41/60F,3011,1986-12-04
A/RES/41/60H,R/41/60H,3012,1986-12-04
A/RES/41/60I,R/41/60I,3013,1986-12-04
A/RES/41/63A,R/41/63A,3014,1986-12-04
A/RES/41/63B,R/41/63B,3015,1986-12-04
A/RES/41/63C,R/41/63C,3016,1986-12-04
A/RES/41/63D,R/41/63D,3017,1986-12-04
A/RES/41/63E,R/41/63E,3018,1986-12-04
A/RES/41/63F,R/41/63F,3019,1986-12-04
A/RES/41/63G,R/41/63G,3020,1986-12-04
A/RES/41/68A,R/41/68A,3021,1986-12-04
A/RES/41/68B,R/41/68B,3022,1986-12-04
A/RES/41/68E,R/41/68E,3023,1986-12-04
A/RES/41/69A,R/41/69A,3024,1986-12-04
A/RES/41/69D,R/41/69D,3025,1986-12-04
A/RES/41/69E,R/41/69E,3026,1986-12-04
A/RES/41/69F,R/41/69F,3027,1986-12-04
A/RES/41/69G,R/41/69G,3028,1986-12-04
A/RES/41/69H,R/41/69H,3029,1986-12-04
A/RES/41/69I,R/41/69I,3030,1986-12-04
A/RES/41/69J,R/41/69J,3031,1986-12-04
A/RES/41/69K,R/41/69K,3032,1986-12-04
A/RES/41/71,R/41/71,3033,1986-12-04
A/RES/41/73,R/41/73,3034,1986-12-04
A/RES/41/75,R/41/75,3035,1986-12-04
A/RES/41/86A,R/41/86A,3036,1986-12-05
A/RES/41/86B,R/41/86B,3037,1986-12-05
A/RES/41/86D,R/41/86D,3038,1986-12-05
A/RES/41/86F,R/41/86F,3039,1986-12-05
A/RES/41/86G,R/41/86G,3040,1986-12-05
A/RES/41/86H,R/41/86H,3041,1986-12-05
A/RES/41/86I,R/41/86I,3042,1986-12-05
A/RES/41/86J,R/41/86J,3043,1986-12-05
A/RES/41/86K,R/41/86K,3044,1986-12-05
A/RES/41/86M,R/41/86M,3045,1986-12-05
A/RES/41/86N,R/41/86N,3046,1986-12-05
A/RES/41/86O,R/41/86O,3047,1986-12-05
A/RES/41/86P,R/41/86P,3048,1986-12-05
A/RES/41/88A,R/41/88A,3049,1986-12-05
A/RES/41/88B,R/41/88B,3050,1986-12-05
A/RES/41/88C,R/41/88C,3051,1986-12-05
A/RES/41/90,R/41/90,3052,1986-12-05
A/RES/41/91,R/41/91,3053,1986-12-05
A/RES/41/92,R/41/92,3054,1986-12-05
A/RES/41/93,R/41/93,3055,1986-12-05
A/RES/41/95,R/41/95,3056,1986-12-05
A/RES/42/100,R/42/100,3193,1987-12-02
A/RES/42/101,R/42/101,3194,1987-12-02
A/RES/42/102,R/42/102,3195,1987-12-02
A/RES/42/115,R/42/115,3196,1987-12-02
A/RES/42/119,R/42/119,3197,1987-12-02
A/RES/42/134,R/42/134,3198,1987-12-02
A/RES/42/135,R/42/135,3199,1987-12-02
A/RES/42/136,R/42/136,3200,1987-12-02
A/RES/42/139,R/42/139,3201,1987-12-02
A/RES/42/140,R/42/140,3202,1987-12-02
A/RES/42/145,R/42/145,3203,1987-12-02
A/RES/42/146,R/42/146,3204,1987-12-02
A/RES/42/147,R/42/147,3205,1987-12-02
A/RES/42/149,R/42/149,3206,1987-12-02
A/RES/42/14A,R/42/14A,3105,1987-11-06
A/RES/42/14B,R/42/14B,3106,1987-11-06
A/RES/42/14C,R/42/14C,3107,1987-11-06
A/RES/42/14D,R/42/14D,3108,1987-11-06
A/RES/42/14E,R/42/14E,3109,1987-11-06
A/RES/42/15,R/42/15,3110,1987-11-03
A/RES/42/150,R/42/150,3207,1987-12-02
A/RES/42/151,R/42/151,3208,1987-12-02
A/RES/42/153,R/42/153,3209,1987-12-02
A/RES/42/158,R/42/158,3210,1987-12-02
A/RES/42/159,R/42/159,3211,1987-12-02
A/RES/42/16,R/42/16,3111,1987-11-03
A/RES/42/160A,R/42/160A,3212,1987-12-03
A/RES/42/160B,R/42/160B,3213,1987-12-03
A/RES/42/160C,R/42/160C,3214,1987-12-03
A/RES/42/160D,R/42/160D,3215,1987-12-03
A/RES/42/160E,R/42/160E,3216,1987-12-03
A/RES/42/160F,R/42/160F,3217,1987-12-03
A/RES/42/160G,R/42/160G,3218,1987-12-03
A/RES/42/162A,R/42/162A,3219,1987-12-03
A/RES/42/162B,R/42/162B,3220,1987-12-03
A/RES/42/165,R/42/165,3221,1987-12-06
A/RES/42/166,R/42/166,3222,1987-12-06
A/RES/42/17,R/42/17,3112,1987-11-04
A/RES/42/173,R/42/173,3223,1987-12-06
A/RES/42/174,R/42/174,3224,1987-12-06
A/RES/42/176,R/42/176,3225,1987-12-06
A/RES/42/18,R/42/18,3113,1987-11-05
A/RES/42/184,R/42/184,3226,1987-12-06
A/RES/42/19,R/42/19,3114,1987-11-03
A/RES/42/190,R/42/190,3227,1987-12-06
A/RES/42/198,R/42/198,3228,1987-12-06
A/RES/42/199,R/42/199,3229,1987-12-06
A/RES/42/20,R/42/20,3115,1987-11-04
A/RES/42/200,R/42/200,3230,1987-12-06
A/RES/42/201,R/42/201,3231,1987-12-06
A/RES/42/202,R/42/202,3232,1987-12-06
A/RES/42/203,R/42/203,3233,1987-12-06
A/RES/42/204,R/42/204,3234,1987-12-06
A/RES/42/205,R/42/205,3235,1987-12-06
A/RES/42/210B,R/42/210B,3240,1987-12-05
A/RES/42/223,R/42/223,3241,1987-12-02
A/RES/42/224,R/42/224,3242,1987-12-02
A/RES/42/226A,R/42/226A,3243,1987-12-02
A/RES/42/229A,R/42/229A,3244,1988-03-04
A/RES/42/229B,R/42/229B,3245,1988-03-04
A/RES/42/230,R/42/230,3246,1988-03-04
A/RES/42/232,R/42/232,3247,1988-05-06
A/RES/42/23A,R/42/23A,3116,1987-11-06
A/RES/42/23B,R/42/23B,3117,1987-11-06
A/RES/42/23C,R/42/23C,3118,1987-11-06
A/RES/42/23D,R/42/23D,3119,1987-11-06
A/RES/42/23E,R/42/23E,3120,1987-11-06
A/RES/42/23F,R/42/23F,3121,1987-11-06
A/RES/42/23G,R/42/23G,3122,1987-11-06
A/RES/42/25,R/42/25,3123,1987-11-02
A/RES/42/26A,R/42/26A,3124,1987-11-02
A/RES/42/26B,R/42/26B,3125,1987-11-02
A/RES/42/27,R/42/27,3126,1987-11-02
A/RES/42/29,R/42/29,3127,1987-11-02
A/RES/42/3,R/42/3,3102,1987-10-04
A/RES/42/31,R/42/31,3128,1987-11-02
A/RES/42/32,R/42/32,3129,1987-11-02
A/RES/42/33,R/42/33,3130,1987-11-02
A/RES/42/34A,R/42/34A,3131,1987-11-02
A/RES/42/34B,R/42/34B,3132,1987-11-02
A/RES/42/35,R/42/35,3133,1987-11-02
A/RES/42/38A,R/42/38A,3134,1987-11-02
A/RES/42/38C,R/42/38C,3135,1987-11-02
A/RES/42/38D,R/42/38D,3136,1987-11-02
A/RES/42/38F,R/42/38F,3137,1987-11-02
A/RES/42/38I,R/42/38I,3138,1987-11-02
A/RES/42/38J,R/42/38J,3139,1987-11-02
A/RES/42/38K,R/42/38K,3140,1987-11-02
A/RES/42/38L,R/42/38L,3141,1987-11-02
A/RES/42/38N,R/42/38N,3142,1987-11-02
A/RES/42/39A,R/42/39A,3143,1987-11-02
A/RES/42/39B,R/42/39B,3144,1987-11-02
A/RES/42/39C,R/42/39C,3145,1987-11-02
A/RES/42/39G,R/42/39G,3146,1987-11-02
A/RES/42/39H,R/42/39H,3147,1987-11-02
A/RES/42/39I,R/42/39I,3148,1987-11-02
A/RES/42/42A,R/42/42A,3149,1987-11-02
A/RES/42/42B,R/42/42B,3150,1987-11-02
A/RES/42/42C,R/42/42C,3151,1987-11-02
A/RES/42/42D,R/42/42D,3152,1987-11-02
A/RES/42/42E,R/42/42E,3153,1987-11-02
A/RES/42/42H,R/42/42H,3154,1987-11-02
A/RES/42/42K,R/42/42K,3155,1987-11-02
A/RES/42/42L,R/42/42L,3156,1987-11-02
A/RES/42/42M,R/42/42M,3157,1987-11-02
A/RES/42/42N,R/42/42N,3158,1987-11-02
A/RES/42/44,R/42/44,3159,1987-11-02
A/RES/42/46A,R/42/46A,3160,1987-11-02
A/RES/42/46B,R/42/46B,3161,1987-11-02
A/RES/42/5,R/42/5,3103,1987-10-05
A/RES/42/50,R/42/50,3162,1987-11-02
A/RES/42/52,R/42/52,3163,1987-11-02
A/RES/42/56,R/42/56,3164,1987-11-02
A/RES/42/66A,R/42/66A,3165,1987-12-04
A/RES/42/66B,R/42/66B,3166,1987-12-04
A/RES/42/66C,R/42/66C,3167,1987-12-04
A/RES/42/66D,R/42/66D,3168,1987-12-04
A/RES/42/69A,R/42/69A,3169,1987-12-04
A/RES/42/69D,R/42/69D,3170,1987-12-04
A/RES/42/69E,R/42/69E,3171,1987-12-04
A/RES/42/69F,R/42/69F,3172,1987-12-04
A/RES/42/69G,R/42/69G,3173,1987-12-04
A/RES/42/69H,R/42/69H,3174,1987-12-04
A/RES/42/69I,R/42/69I,3175,1987-12-04
A/RES/42/69J,R/42/69J,3176,1987-12-04
A/RES/42/69K,R/42/69K,3177,1987-12-04
A/RES/42/7,R/42/7,3104,1987-10-05
A/RES/42/71,R/42/71,3180,1987-12-06
A/RES/42/72,R/42/72,3181,1987-12-06
A/RES/42/73,R/42/73,3182,1987-12-06
A/RES/42/74,R/42/74,3183,1987-12-06
A/RES/42/75,R/42/75,3184,1987-12-06
A/RES/42/78,R/42/78,3185,1987-12-06
A/RES/42/79,R/42/79,3186,1987-12-06
A/RES/42/91,R/42/91,3187,1987-12-02
A/RES/42/92,R/42/92,3188,1987-12-02
A/RES/42/93,R/42/93,3189,1987-12-02
A/RES/42/95,R/42/95,3190,1987-12-02
A/RES/42/96,R/42/96,3191,1987-12-02
A/RES/42/99,R/42/99,3192,1987-12-02
A/RES/43/106,R/43/106,3350,1988-12-05
A/RES/43/107,R/43/107,3351,1988-12-05
A/RES/43/11,R/43/11,3249,1988-10-03
A/RES/43/110,R/43/110,3352,1988-12-05
A/RES/43/113,R/43/113,3353,1988-12-05
A/RES/43/12,R/43/12,3250,1988-10-03
A/RES/43/124,R/43/124,3354,1988-12-05
A/RES/43/125,R/43/125,3355,1988-12-05
A/RES/43/126,R/43/126,3356,1988-12-05
A/RES/43/13,R/43/13,3251,1988-10-04
A/RES/43/137,R/43/137,3357,1988-12-05
A/RES/43/14,R/43/14,3252,1988-10-04
A/RES/43/146,R/43/146,3358,1988-12-05
A/RES/43/156,R/43/156,3359,1988-12-05
A/RES/43/158,R/43/158,3360,1988-12-05
A/RES/43/160A,R/43/160A,3361,1988-12-06
A/RES/43/160B,R/43/160B,3362,1988-12-06
A/RES/43/162,R/43/162,3363,1988-12-06
A/RES/43/163,R/43/163,3364,1988-12-06
A/RES/43/164,R/43/164,3365,1988-12-06
A/RES/43/171A,R/43/171A,3366,1988-12-06
A/RES/43/171B,R/43/171B,3367,1988-12-06
A/RES/43/175A,R/43/175A,3368,1988-12-05
A/RES/43/175B,R/43/175B,3369,1988-12-05
A/RES/43/175C,R/43/175C,3370,1988-12-05
A/RES/43/176,R/43/176,3371,1988-12-05
A/RES/43/177,R/43/177,3372,1988-12-05
A/RES/43/178,R/43/178,3373,1988-12-05
A/RES/43/18,R/43/18,3253,1988-11-03
A/RES/43/182,R/43/182,3374,1988-12-03
A/RES/43/185,R/43/185,3375,1988-12-03
A/RES/43/187,R/43/187,3376,1988-12-03
A/RES/43/19,R/43/19,3254,1988-11-05
A/RES/43/195,R/43/195,3377,1988-12-03
A/RES/43/197,R/43/197,3378,1988-12-03
A/RES/43/198,R/43/198,3379,1988-12-03
A/RES/43/209,R/43/209,3380,1988-12-03
A/RES/43/21,R/43/21,3255,1988-11-05
A/RES/43/22,R/43/22,3256,1988-11-06
A/RES/43/222B,R/43/222B,3381,1988-12-04
A/RES/43/228,R/43/228,3382,1988-12-04
A/RES/43/229,R/43/229,3383,1988-12-04
A/RES/43/23,R/43/23,3257,1988-11-02
A/RES/43/233,R/43/233,3384,1989-04-05
A/RES/43/25,R/43/25,3258,1988-11-05
A/RES/43/26A,R/43/26A,3259,1988-11-05
A/RES/43/26B,R/43/26B,3260,1988-11-05
A/RES/43/26C,R/43/26C,3261,1988-11-05
A/RES/43/26D,R/43/26D,3262,1988-11-05
A/RES/43/26E,R/43/26E,3263,1988-11-05
A/RES/43/28,R/43/28,3264,1988-11-03
A/RES/43/29,R/43/29,3265,1988-11-03
A/RES/43/3,R/43/3,3248,1988-10-02
A/RES/43/30,R/43/30,3266,1988-11-03
A/RES/43/33,R/43/33,3267,1988-11-03
A/RES/43/45,R/43/45,3268,1988-11-03
A/RES/43/46,R/43/46,3269,1988-11-03
A/RES/43/47,R/43/47,3270,1988-11-03
A/RES/43/48,R/43/48,3271,1988-11-04
A/RES/43/49,R/43/49,3272,1988-12-06
A/RES/43/50A,R/43/50A,3273,1988-12-02
A/RES/43/50B,R/43/50B,3274,1988-12-02
A/RES/43/50C,R/43/50C,3275,1988-12-02
A/RES/43/50D,R/43/50D,3276,1988-12-02
A/RES/43/50E,R/43/50E,3277,1988-12-02
A/RES/43/50F,R/43/50F,3278,1988-12-02
A/RES/43/50H,R/43/50H,3279,1988-12-02
A/RES/43/50J,R/43/50J,3280,1988-12-02
A/RES/43/50K,R/43/50K,3281,1988-12-02
A/RES/43/54A,R/43/54A,3282,1988-12-03
A/RES/43/54B,R/43/54B,3283,1988-12-03
A/RES/43/54C,R/43/54C,3284,1988-12-03
A/RES/43/57A,R/43/57A,3285,1988-12-03
A/RES/43/57D,R/43/57D,3286,1988-12-03
A/RES/43/57E,R/43/57E,3287,1988-12-03
A/RES/43/57F,R/43/57F,3288,1988-12-03
A/RES/43/57G,R/43/57G,3289,1988-12-03
A/RES/43/57H,R/43/57H,3290,1988-12-03
A/RES/43/57I,R/43/57I,3291,1988-12-03
A/RES/43/57J,R/43/57J,3292,1988-12-03
A/RES/43/58A,R/43/58A,3293,1988-12-03
A/RES/43/58B,R/43/58B,3294,1988-12-03
A/RES/43/58C,R/43/58C,3295,1988-12-03
A/RES/43/58D,R/43/58D,3296,1988-12-03
A/RES/43/58E,R/43/58E,3297,1988-12-03
A/RES/43/58F,R/43/58F,3298,1988-12-03
A/RES/43/58G,R/43/58G,3299,1988-12-03
A/RES/43/60A,R/43/60A,3300,1988-12-03
A/RES/43/60B,R/43/60B,3301,1988-12-03
A/RES/43/63A,R/43/63A,3303,1988-12-04
A/RES/43/63B,R/43/63B,3304,1988-12-04
A/RES/43/64,R/43/64,3305,1988-12-04
A/RES/43/66,R/43/66,3306,1988-12-04
A/RES/43/68,R/43/68,3307,1988-12-04
A/RES/43/69,R/43/69,3308,1988-12-04
A/RES/43/70,R/43/70,3309,1988-12-04
A/RES/43/71A,R/43/71A,3310,1988-12-04
A/RES/43/71B,R/43/71B,3311,1988-12-04
A/RES/43/72,R/43/72,3312,1988-12-04
A/RES/43/75A,R/43/75A,3313,1988-12-04
A/RES/43/75G,R/43/75G,3314,1988-12-04
A/RES/43/75H,R/43/75H,3315,1988-12-04
A/RES/43/75I,R/43/75I,3316,1988-12-04
A/RES/43/75J,R/43/75J,3317,1988-12-04
A/RES/43/75K,R/43/75K,3318,1988-12-04
A/RES/43/75L,R/43/75L,3319,1988-12-04
A/RES/43/75N,R/43/75N,3320,1988-12-04
A/RES/43/75O,R/43/75O,3321,1988-12-04
A/RES/43/75Q,R/43/75Q,3322,1988-12-04
A/RES/43/75S,R/43/75S,3323,1988-12-04
A/RES/43/75T,R/43/75T,3324,1988-12-04
A/RES/43/76A,R/43/76A,3325,1988-12-04
A/RES/43/76B,R/43/76B,3326,1988-12-04
A/RES/43/76C,R/43/76C,3327,1988-12-04
A/RES/43/76E,R/43/76E,3328,1988-12-04
A/RES/43/77A,R/43/77A,3329,1988-12-04
A/RES/43/77B,R/43/77B,3330,1988-12-04
A/RES/43/78B,R/43/78B,3331,1988-12-04
A/RES/43/78C,R/43/78C,3332,1988-12-04
A/RES/43/78D,R/43/78D,3333,1988-12-04
A/RES/43/78E,R/43/78E,3334,1988-12-04
A/RES/43/78F,R/43/78F,3335,1988-12-04
A/RES/43/78I,R/43/78I,3336,1988-12-04
A/RES/43/78J,R/43/78J,3337,1988-12-04
A/RES/43/78M,R/43/78M,3338,1988-12-04
A/RES/43/80,R/43/80,3339,1988-12-04
A/RES/43/81B,R/43/81B,3340,1988-12-04
A/RES/43/82,R/43/82,3341,1988-12-04
A/RES/43/83A,R/43/83A,3342,1988-12-04
A/RES/43/83B,R/43/83B,3343,1988-12-04
A/RES/43/86,R/43/86,3344,1988-12-04
A/RES/43/87,R/43/87,3345,1988-12-04
A/RES/43/88,R/43/88,3346,1988-12-04
A/RES/43/89,R/43/89,3347,1988-12-04
A/RES/43/92,R/43/92,3348,1988-12-05
A/RES/43/97,R/43/97,3349,1988-12-05
A/RES/44/1,R/44/1,3385,1989-09-05
A/RES/44/100,R/44/100,3440,1989-12-02
A/RES/44/101,R/44/101,3441,1989-12-02
A/RES/44/102,R/44/102,3442,1989-12-02
A/RES/44/104,R/44/104,3443,1989-12-06
A/RES/44/105,R/44/105,3444,1989-12-06
A/RES/44/106,R/44/106,3445,1989-12-06
A/RES/44/107,R/44/107,3446,1989-12-06
A/RES/44/109,R/44/109,3447,1989-12-06
A/RES/44/110,R/44/110,3448,1989-12-06
A/RES/44/111,R/44/111,3449,1989-12-06
A/RES/44/112,R/44/112,3450,1989-12-06
A/RES/44/113A,R/44/113A,3451,1989-12-06
A/RES/44/113B,R/44/113B,3452,1989-12-06
A/RES/44/114A,R/44/114A,3453,1989-12-06
A/RES/44/114B,R/44/114B,3454,1989-12-06
A/RES/44/116A,R/44/116A,3455,1989-12-06
A/RES/44/116B,R/44/116B,3456,1989-12-06
A/RES/44/116E,R/44/116E,3457,1989-12-06
A/RES/44/116G,R/44/116G,3458,1989-12-06
A/RES/44/116H,R/44/116H,3459,1989-12-06
A/RES/44/116J,R/44/116J,3460,1989-12-06
A/RES/44/116K,R/44/116K,3461,1989-12-06
A/RES/44/116M,R/44/116M,3462,1989-12-06
A/RES/44/116N,R/44/116N,3463,1989-12-06
A/RES/44/116P,R/44/116P,3464,1989-12-06
A/RES/44/116R,R/44/116R,3465,1989-12-06
A/RES/44/116S,R/44/116S,3466,1989-12-06
A/RES/44/117A,R/44/117A,3467,1989-12-06
A/RES/44/117C,R/44/117C,3468,1989-12-06
A/RES/44/117D,R/44/117D,3469,1989-12-06
A/RES/44/117F,R/44/117F,3470,1989-12-06
A/RES/44/118A,R/44/118A,3471,1989-12-06
A/RES/44/118B,R/44/118B,3472,1989-12-06
A/RES/44/119A,R/44/119A,3473,1989-12-06
A/RES/44/119B,R/44/119B,3474,1989-12-06
A/RES/44/119D,R/44/119D,3475,1989-12-06
A/RES/44/119E,R/44/119E,3476,1989-12-06
A/RES/44/119F,R/44/119F,3477,1989-12-06
A/RES/44/120,R/44/120,3478,1989-12-06
A/RES/44/121,R/44/121,3479,1989-12-06
A/RES/44/123,R/44/123,3480,1989-12-06
A/RES/44/124A,R/44/124A,3481,1989-12-06
A/RES/44/124B,R/44/124B,3482,1989-12-06
A/RES/44/126,R/44/126,3483,1989-12-06
A/RES/44/128,R/44/128,3484,1989-12-06
A/RES/44/130,R/44/130,3485,1989-12-06
A/RES/44/147,R/44/147,3486,1989-12-06
A/RES/44/166,R/44/166,3487,1989-12-06
A/RES/44/167,R/44/167,3488,1989-12-06
A/RES/44/168,R/44/168,3489,1989-12-06
A/RES/44/170,R/44/170,3490,1989-12-03
A/RES/44/174,R/44/174,3491,1989-12-03
A/RES/44/18,R/44/18,3389,1989-11-02
A/RES/44/181,R/44/181,3492,1989-12-03
A/RES/44/2,R/44/2,3386,1989-10-06
A/RES/44/20,R/44/20,3390,1989-11-03
A/RES/44/205,R/44/205,3493,1989-12-06
A/RES/44/214,R/44/214,3494,1989-12-06
A/RES/44/215,R/44/215,3495,1989-12-06
A/RES/44/217,R/44/217,3496,1989-12-06
A/RES/44/218,R/44/218,3497,1989-12-06
A/RES/44/22,R/44/22,3391,1989-11-05
A/RES/44/232,R/44/232,3498,1989-12-06
A/RES/44/235,R/44/235,3499,1989-12-06
A/RES/44/24,R/44/24,3392,1989-11-06
A/RES/44/240,R/44/240,3500,1989-12-06
A/RES/44/26,R/44/26,3393,1989-11-02
A/RES/44/27A,R/44/27A,3394,1989-11-04
A/RES/44/27C,R/44/27C,3395,1989-11-04
A/RES/44/27D,R/44/27D,3396,1989-11-04
A/RES/44/27E,R/44/27E,3397,1989-11-04
A/RES/44/27F,R/44/27F,3398,1989-11-04
A/RES/44/27G,R/44/27G,3399,1989-11-04
A/RES/44/27H,R/44/27H,3400,1989-11-04
A/RES/44/27I,R/44/27I,3401,1989-11-04
A/RES/44/27K,R/44/27K,3402,1989-11-04
A/RES/44/27L,R/44/27L,3403,1989-11-04
A/RES/44/30,R/44/30,3404,1989-12-02
A/RES/44/31,R/44/31,3405,1989-12-02
A/RES/44/32,R/44/32,3406,1989-12-02
A/RES/44/40A,R/44/40A,3407,1989-12-02
A/RES/44/40B,R/44/40B,3408,1989-12-02
A/RES/44/40C,R/44/40C,3409,1989-12-02
A/RES/44/41A,R/44/41A,3410,1989-12-04
A/RES/44/41B,R/44/41B,3411,1989-12-04
A/RES/44/41C,R/44/41C,3412,1989-12-04
A/RES/44/42,R/44/42,3413,1989-12-04
A/RES/44/43,R/44/43,3414,1989-12-05
A/RES/44/47A,R/44/47A,3415,1989-12-06
A/RES/44/47D,R/44/47D,3416,1989-12-06
A/RES/44/47E,R/44/47E,3417,1989-12-06
A/RES/44/47F,R/44/47F,3418,1989-12-06
A/RES/44/47G,R/44/47G,3419,1989-12-06
A/RES/44/47H,R/44/47H,3420,1989-12-06
A/RES/44/47I,R/44/47I,3421,1989-12-06
A/RES/44/47J,R/44/47J,3422,1989-12-06
A/RES/44/47K,R/44/47K,3423,1989-12-06
A/RES/44/48A,R/44/48A,3424,1989-12-06
A/RES/44/48B,R/44/48B,3425,1989-12-06
A/RES/44/48C,R/44/48C,3426,1989-12-06
A/RES/44/48D,R/44/48D,3427,1989-12-06
A/RES/44/48E,R/44/48E,3428,1989-12-06
A/RES/44/48F,R/44/48F,3429,1989-12-06
A/RES/44/48G,R/44/48G,3430,1989-12-06
A/RES/44/50,R/44/50,3431,1989-12-06
A/RES/44/56,R/44/56,3432,1989-12-06
A/RES/44/63,R/44/63,3433,1989-12-06
A/RES/44/69,R/44/69,3434,1989-12-06
A/RES/44/7,R/44/7,3387,1989-10-03
A/RES/44/79,R/44/79,3435,1989-12-06
A/RES/44/81,R/44/81,3436,1989-12-06
A/RES/44/83,R/44/83,3437,1989-12-02
A/RES/44/84,R/44/84,3438,1989-12-02
A/RES/44/85,R/44/85,3439,1989-12-02
A/RES/44/9,R/44/9,3388,1989-10-04
A/RES/45/11,R/45/11,3501,1990-11-05
A/RES/45/130,R/45/130,3572,1990-12-06
A/RES/45/132,R/45/132,3573,1990-12-06
A/RES/45/145,R/45/145,3574,1990-12-06
A/RES/45/150,R/45/150,3575,1990-12-03
A/RES/45/151,R/45/151,3576,1990-12-03
A/RES/45/16,R/45/16,3502,1990-11-03
A/RES/45/164,R/45/164,3577,1990-12-03
A/RES/45/17,R/45/17,3503,1990-11-03
A/RES/45/170,R/45/170,3578,1990-12-04
A/RES/45/176B,R/45/176B,3579,1990-12-04
A/RES/45/176C,R/45/176C,3580,1990-12-04
A/RES/45/176D,R/45/176D,3581,1990-12-04
A/RES/45/176E,R/45/176E,3582,1990-12-04
A/RES/45/176F,R/45/176F,3583,1990-12-04
A/RES/45/176G,R/45/176G,3584,1990-12-04
A/RES/45/18,R/45/18,3504,1990-11-03
A/RES/45/183,R/45/183,3585,1990-12-06
A/RES/45/188,R/45/188,3586,1990-12-06
A/RES/45/32,R/45/32,3505,1990-11-03
A/RES/45/33,R/45/33,3506,1990-11-03
A/RES/45/34,R/45/34,3507,1990-11-03
A/RES/45/35,R/45/35,3508,1990-11-03
A/RES/45/36,R/45/36,3509,1990-11-03
A/RES/45/37,R/45/37,3510,1990-11-04
A/RES/45/39,R/45/39,3511,1990-11-04
A/RES/45/44,R/45/44,3512,1990-11-04
A/RES/45/45,R/45/45,3513,1990-11-04
A/RES/45/48,R/45/48,3514,1990-12-03
A/RES/45/49,R/45/49,3515,1990-12-03
A/RES/45/50,R/45/50,3516,1990-12-03
A/RES/45/51,R/45/51,3517,1990-12-03
A/RES/45/53,R/45/53,3518,1990-12-03
A/RES/45/54,R/45/54,3519,1990-12-03
A/RES/45/55A,R/45/55A,3520,1990-12-03
A/RES/45/55B,R/45/55B,3521,1990-12-03
A/RES/45/56A,R/45/56A,3522,1990-12-03
A/RES/45/56B,R/45/56B,3523,1990-12-03
A/RES/45/58B,R/45/58B,3524,1990-12-03
A/RES/45/58H,R/45/58H,3525,1990-12-03
A/RES/45/58J,R/45/58J,3526,1990-12-03
A/RES/45/58K,R/45/58K,3527,1990-12-03
A/RES/45/58L,R/45/58L,3528,1990-12-03
A/RES/45/58N,R/45/58N,3529,1990-12-03
A/RES/45/58O,R/45/58O,3530,1990-12-03
A/RES/45/58P,R/45/58P,3531,1990-12-03
A/RES/45/59B,R/45/59B,3532,1990-12-03
A/RES/45/59D,R/45/59D,3533,1990-12-03
A/RES/45/60,R/45/60,3534,1990-12-03
A/RES/45/62C,R/45/62C,3535,1990-12-03
A/RES/45/62D,R/45/62D,3536,1990-12-03
A/RES/45/62E,R/45/62E,3537,1990-12-03
A/RES/45/63,R/45/63,3538,1990-12-03
A/RES/45/67A,R/45/67A,3539,1990-12-05
A/RES/45/67B,R/45/67B,3540,1990-12-05
A/RES/45/67C,R/45/67C,3541,1990-12-05
A/RES/45/68,R/45/68,3542,1990-12-05
A/RES/45/69,R/45/69,3543,1990-12-05
A/RES/45/73A,R/45/73A,3544,1990-12-03
A/RES/45/73D,R/45/73D,3545,1990-12-03
A/RES/45/73E,R/45/73E,3546,1990-12-03
A/RES/45/73F,R/45/73F,3547,1990-12-03
A/RES/45/73G,R/45/73G,3548,1990-12-03
A/RES/45/73H,R/45/73H,3549,1990-12-03
A/RES/45/73I,R/45/73I,3550,1990-12-03
A/RES/45/73J,R/45/73J,3551,1990-12-03
A/RES/45/73K,R/45/73K,3552,1990-12-03
A/RES/45/74A,R/45/74A,3553,1990-12-03
A/RES/45/74B,R/45/74B,3554,1990-12-03
A/RES/45/74C,R/45/74C,3555,1990-12-03
A/RES/45/74D,R/45/74D,3556,1990-12-03
A/RES/45/74E,R/45/74E,3557,1990-12-03
A/RES/45/74F,R/45/74F,3558,1990-12-03
A/RES/45/74G,R/45/74G,3559,1990-12-03
A/RES/45/77,R/45/77,3560,1990-12-04
A/RES/45/78A,R/45/78A,3561,1990-12-04
A/RES/45/78B,R/45/78B,3562,1990-12-04
A/RES/45/80,R/45/80,3563,1990-12-04
A/RES/45/82,R/45/82,3564,1990-12-05
A/RES/45/83A,R/45/83A,3565,1990-12-05
A/RES/45/83B,R/45/83B,3566,1990-12-05
A/RES/45/83C,R/45/83C,3567,1990-12-05
A/RES/45/84,R/45/84,3568,1990-12-06
A/RES/45/87,R/45/87,3569,1990-12-06
A/RES/45/90,R/45/90,3570,1990-12-06
A/RES/45/96,R/45/96,3571,1990-12-06
A/RES/46/10,R/46/10,3588,1991-10-03
A/RES/46/117,R/46/117,3651,1991-12-03
A/RES/46/130,R/46/130,3652,1991-12-03
A/RES/46/134,R/46/134,3653,1991-12-03
A/RES/46/135,R/46/135,3654,1991-12-03
A/RES/46/137,R/46/137,3655,1991-12-03
A/RES/46/153,R/46/153,3656,1991-12-04
A/RES/46/16,R/46/16,3589,1991-11-04
A/RES/46/162,R/46/162,3657,1991-12-05
A/RES/46/19,R/46/19,3590,1991-11-02
A/RES/46/199,R/46/199,3658,1991-12-06
A/RES/46/201,R/46/201,3659,1991-12-06
A/RES/46/210,R/46/210,3660,1991-12-06
A/RES/46/216,R/46/216,3661,1991-12-06
A/RES/46/24,R/46/24,3592,1991-12-05
A/RES/46/242,R/46/242,3662,1992-08-03
A/RES/46/28,R/46/28,3593,1991-12-06
A/RES/46/29,R/46/29,3594,1991-12-06
A/RES/46/31,R/46/31,3595,1991-12-06
A/RES/46/32,R/46/32,3596,1991-12-06
A/RES/46/33,R/46/33,3597,1991-12-06
A/RES/46/34A,R/46/34A,3598,1991-12-06
A/RES/46/36D,R/46/36D,3599,1991-12-06
A/RES/46/36I,R/46/36I,3600,1991-12-06
A/RES/46/36J,R/46/36J,3601,1991-12-06
A/RES/46/36L,R/46/36L,3602,1991-12-06
A/RES/46/37C,R/46/37C,3603,1991-12-06
A/RES/46/37D,R/46/37D,3604,1991-12-06
A/RES/46/37F,R/46/37F,3605,1991-12-06
A/RES/46/38B,R/46/38B,3606,1991-12-06
A/RES/46/38C,R/46/38C,3607,1991-12-06
A/RES/46/39,R/46/39,3608,1991-12-06
A/RES/46/41A,R/46/41A,3609,1991-12-06
A/RES/46/41B,R/46/41B,3610,1991-12-06
A/RES/46/46A,R/46/46A,3611,1991-12-02
A/RES/46/46D,R/46/46D,3612,1991-12-02
A/RES/46/46E,R/46/46E,3613,1991-12-02
A/RES/46/46F,R/46/46F,3614,1991-12-02
A/RES/46/46G,R/46/46G,3615,1991-12-02
A/RES/46/46H,R/46/46H,3616,1991-12-02
A/RES/46/46I,R/46/46I,3617,1991-12-02
A/RES/46/46J,R/46/46J,3618,1991-12-02
A/RES/46/46K,R/46/46K,3619,1991-12-02
A/RES/46/47A,R/46/47A,3620,1991-12-02
A/RES/46/47B,R/46/47B,3621,1991-12-02
A/RES/46/47C,R/46/47C,3622,1991-12-02
A/RES/46/47D,R/46/47D,3623,1991-12-02
A/RES/46/47E,R/46/47E,3624,1991-12-02
A/RES/46/47F,R/46/47F,3625,1991-12-02
A/RES/46/47G,R/46/47G,3626,1991-12-02
A/RES/46/49,R/46/49,3627,1991-12-02
A/RES/46/52,R/46/52,3628,1991-12-02
A/RES/46/63,R/46/63,3629,1991-12-04
A/RES/46/64,R/46/64,3630,1991-12-04
A/RES/46/65,R/46/65,3631,1991-12-04
A/RES/46/71,R/46/71,3632,1991-12-04
A/RES/46/72,R/46/72,3633,1991-12-04
A/RES/46/74A,R/46/74A,3634,1991-12-04
A/RES/46/74B,R/46/74B,3635,1991-12-04
A/RES/46/74C,R/46/74C,3636,1991-12-04
A/RES/46/75,R/46/75,3637,1991-12-04
A/RES/46/76,R/46/76,3638,1991-12-04
A/RES/46/78,R/46/78,3639,1991-12-05
A/RES/46/79B,R/46/79B,3640,1991-12-06
A/RES/46/79C,R/46/79C,3641,1991-12-06
A/RES/46/79D,R/46/79D,3642,1991-12-06
A/RES/46/79E,R/46/79E,3643,1991-12-06
A/RES/46/82A,R/46/82A,3644,1991-12-02
A/RES/46/82B,R/46/82B,3645,1991-12-02
A/RES/46/84,R/46/84,3646,1991-12-02
A/RES/46/86,R/46/86,3647,1991-12-02
A/RES/46/87,R/46/87,3648,1991-12-02
A/RES/46/89,R/46/89,3649,1991-12-02
A/RES/46/9,R/46/9,3587,1991-10-04
A/RES/46/95,R/46/95,3650,1991-12-02
A/RES/47/1,R/47/1,3663,1992-09-03
A/RES/47/116D,R/47/116D,3721,1992-12-06
A/RES/47/116E,R/47/116E,3722,1992-12-06
A/RES/47/116F,R/47/116F,3723,1992-12-06
A/RES/47/116G,R/47/116G,3724,1992-12-06
A/RES/47/12,R/47/12,3666,1992-10-05
A/RES/47/121,R/47/121,3725,1992-12-06
A/RES/47/130,R/47/130,3726,1992-12-06
A/RES/47/137,R/47/137,3727,1992-12-06
A/RES/47/138,R/47/138,3728,1992-12-06
A/RES/47/139,R/47/139,3729,1992-12-06
A/RES/47/14,R/47/14,3667,1992-11-02
A/RES/47/142,R/47/142,3730,1992-12-06
A/RES/47/145,R/47/145,3731,1992-12-06
A/RES/47/146,R/47/146,3732,1992-12-06
A/RES/47/15,R/47/15,3668,1992-11-02
A/RES/47/151,R/47/151,3733,1992-12-06
A/RES/47/16,R/47/16,3669,1992-11-02
A/RES/47/170,R/47/170,3734,1992-12-03
A/RES/47/172,R/47/172,3735,1992-12-03
A/RES/47/19,R/47/19,3670,1992-11-03
A/RES/47/198,R/47/198,3736,1992-12-03
A/RES/47/229,R/47/229,3737,1993-04-05
A/RES/47/23,R/47/23,3671,1992-11-04
A/RES/47/24,R/47/24,3672,1992-11-04
A/RES/47/29,R/47/29,3673,1992-11-04
A/RES/47/43,R/47/43,3674,1992-12-04
A/RES/47/46,R/47/46,3675,1992-12-04
A/RES/47/47,R/47/47,3676,1992-12-04
A/RES/47/49,R/47/49,3677,1992-12-04
A/RES/47/50,R/47/50,3678,1992-12-04
A/RES/47/51,R/47/51,3679,1992-12-04
A/RES/47/52A,R/47/52A,3680,1992-12-04
A/RES/47/52C,R/47/52C,3681,1992-12-04
A/RES/47/52J,R/47/52J,3682,1992-12-04
A/RES/47/53C,R/47/53C,3683,1992-12-04
A/RES/47/53E,R/47/53E,3684,1992-12-04
A/RES/47/53F,R/47/53F,3685,1992-12-04
A/RES/47/54F,R/47/54F,3686,1992-12-04
A/RES/47/55,R/47/55,3687,1992-12-04
A/RES/47/57,R/47/57,3688,1992-12-04
A/RES/47/59,R/47/59,3689,1992-12-04
A/RES/47/60A,R/47/60A,3690,1992-12-04
A/RES/47/60B,R/47/60B,3691,1992-12-04
A/RES/47/63A,R/47/63A,3692,1992-12-06
A/RES/47/63B,R/47/63B,3693,1992-12-06
A/RES/47/64A,R/47/64A,3694,1992-12-06
A/RES/47/64B,R/47/64B,3695,1992-12-06
A/RES/47/64C,R/47/64C,3696,1992-12-06
A/RES/47/64D,R/47/64D,3697,1992-12-06
A/RES/47/64E,R/47/64E,3698,1992-12-06
A/RES/47/65,R/47/65,3699,1992-12-06
A/RES/47/69A,R/47/69A,3700,1992-12-02
A/RES/47/69D,R/47/69D,3701,1992-12-02
A/RES/47/69E,R/47/69E,3702,1992-12-02
A/RES/47/69F,R/47/69F,3703,1992-12-02
A/RES/47/69G,R/47/69G,3704,1992-12-02
A/RES/47/69H,R/47/69H,3705,1992-12-02
A/RES/47/69I,R/47/69I,3706,1992-12-02
A/RES/47/69J,R/47/69J,3707,1992-12-02
A/RES/47/69K,R/47/69K,3708,1992-12-02
A/RES/47/70A,R/47/70A,3709,1992-12-02
A/RES/47/70B,R/47/70B,3710,1992-12-02
A/RES/47/70C,R/47/70C,3711,1992-12-02
A/RES/47/70D,R/47/70D,3712,1992-12-02
A/RES/47/70E,R/47/70E,3713,1992-12-02
A/RES/47/70F,R/47/70F,3714,1992-12-02
A/RES/47/70G,R/47/70G,3715,1992-12-02
A/RES/47/74,R/47/74,3716,1992-12-04
A/RES/47/8,R/47/8,3664,1992-10-05
A/RES/47/81,R/47/81,3717,1992-12-04
A/RES/47/82,R/47/82,3718,1992-12-04
A/RES/47/84,R/47/84,3719,1992-12-04
A/RES/47/89,R/47/89,3720,1992-12-04
A/RES/47/9,R/47/9,3665,1992-10-03
A/RES/48/101,R/48/101,3788,1993-12-02
A/RES/48/123,R/48/123,3789,1993-12-02
A/RES/48/124,R/48/124,3790,1993-12-02
A/RES/48/131,R/48/131,3791,1993-12-02
A/RES/48/14,R/48/14,3739,1993-11-02
A/RES/48/142,R/48/142,3792,1993-12-02
A/RES/48/144,R/48/144,3793,1993-12-02
A/RES/48/145,R/48/145,3794,1993-12-02
A/RES/48/147,R/48/147,3795,1993-12-02
A/RES/48/15,R/48/15,3740,1993-11-03
A/RES/48/158A,R/48/158A,3796,1993-12-02
A/RES/48/158B,R/48/158B,3797,1993-12-02
A/RES/48/158C,R/48/158C,3798,1993-12-02
A/RES/48/158D,R/48/158D,3799,1993-12-02
A/RES/48/16,R/48/16,3741,1993-11-04
A/RES/48/168,R/48/168,3800,1993-12-03
A/RES/48/182,R/48/182,3801,1993-12-03
A/RES/48/212,R/48/212,3802,1993-12-03
A/RES/48/23,R/48/23,3742,1993-11-04
A/RES/48/263,R/48/263,3803,1994-07-06
A/RES/48/28,R/48/28,3743,1993-12-05
A/RES/48/40A,R/48/40A,3744,1993-12-06
A/RES/48/40D,R/48/40D,3745,1993-12-06
A/RES/48/40E,R/48/40E,3746,1993-12-06
A/RES/48/40F,R/48/40F,3747,1993-12-06
A/RES/48/40G,R/48/40G,3748,1993-12-06
A/RES/48/40H,R/48/40H,3749,1993-12-06
A/RES/48/40I,R/48/40I,3750,1993-12-06
A/RES/48/40J,R/48/40J,3751,1993-12-06
A/RES/48/41A,R/48/41A,3752,1993-12-06
A/RES/48/41B,R/48/41B,3753,1993-12-06
A/RES/48/41C,R/48/41C,3754,1993-12-06
A/RES/48/41D,R/48/41D,3755,1993-12-06
A/RES/48/45,R/48/45,3756,1993-12-06
A/RES/48/46,R/48/46,3757,1993-12-06
A/RES/48/47,R/48/47,3758,1993-12-06
A/RES/48/52,R/48/52,3759,1993-12-06
A/RES/48/53,R/48/53,3760,1993-12-06
A/RES/48/56,R/48/56,3761,1993-12-02
A/RES/48/58,R/48/58,3762,1993-12-03
A/RES/48/59A,R/48/59A,3763,1993-12-03
A/RES/48/59B,R/48/59B,3764,1993-12-03
A/RES/48/66,R/48/66,3765,1993-12-05
A/RES/48/67,R/48/67,3766,1993-12-05
A/RES/48/68,R/48/68,3767,1993-12-05
A/RES/48/69,R/48/69,3768,1993-12-05
A/RES/48/72,R/48/72,3769,1993-12-05
A/RES/48/73,R/48/73,3770,1993-12-05
A/RES/48/74A,R/48/74A,3771,1993-12-05
A/RES/48/75C,R/48/75C,3772,1993-12-05
A/RES/48/75H,R/48/75H,3773,1993-12-05
A/RES/48/75I,R/48/75I,3774,1993-12-05
A/RES/48/75J,R/48/75J,3775,1993-12-05
A/RES/48/76A,R/48/76A,3776,1993-12-05
A/RES/48/76B,R/48/76B,3777,1993-12-05
A/RES/48/78,R/48/78,3778,1993-12-05
A/RES/48/79,R/48/79,3779,1993-12-05
A/RES/48/80,R/48/80,3780,1993-12-05
A/RES/48/82,R/48/82,3781,1993-12-05
A/RES/48/83,R/48/83,3782,1993-12-05
A/RES/48/84A,R/48/84A,3783,1993-12-05
A/RES/48/88,R/48/88,3784,1993-12-02
A/RES/48/89,R/48/89,3785,1993-12-02
A/RES/48/92,R/48/92,3786,1993-12-02
A/RES/48/94,R/48/94,3787,1993-12-02
A/RES/49/10,R/49/10,3805,1994-11-05
A/RES/49/132,R/49/132,3857,1994-12-02
A/RES/49/149,R/49/149,3858,1994-12-06
A/RES/49/150,R/49/150,3859,1994-12-06
A/RES/49/151,R/49/151,3860,1994-12-06
A/RES/49/18,R/49/18,3806,1994-11-02
A/RES/49/180,R/49/180,3861,1994-12-06
A/RES/49/182,R/49/182,3862,1994-12-06
A/RES/49/186,R/49/186,3863,1994-12-06
A/RES/49/190,R/49/190,3864,1994-12-06
A/RES/49/196,R/49/196,3865,1994-12-06
A/RES/49/198,R/49/198,3866,1994-12-06
A/RES/49/200,R/49/200,3867,1994-12-06
A/RES/49/202,R/49/202,3868,1994-12-06
A/RES/49/203,R/49/203,3869,1994-12-06
A/RES/49/204,R/49/204,3870,1994-12-06
A/RES/49/243,R/49/243,3873,1995-04-03
A/RES/49/26,R/49/26,3807,1994-12-06
A/RES/49/28,R/49/28,3808,1994-12-03
A/RES/49/33,R/49/33,3809,1994-12-06
A/RES/49/35A,R/49/35A,3810,1994-12-06
A/RES/49/35C,R/49/35C,3811,1994-12-06
A/RES/49/35D,R/49/35D,3812,1994-12-06
A/RES/49/35E,R/49/35E,3813,1994-12-06
A/RES/49/35F,R/49/35F,3814,1994-12-06
A/RES/49/35G,R/49/35G,3815,1994-12-06
A/RES/49/36A,R/49/36A,3816,1994-12-06
A/RES/49/36B,R/49/36B,3817,1994-12-06
A/RES/49/36C,R/49/36C,3818,1994-12-06
A/RES/49/36D,R/49/36D,3819,1994-12-06
A/RES/49/39,R/49/39,3820,1994-12-06
A/RES/49/40,R/49/40,3821,1994-12-06
A/RES/49/41,R/49/41,3822,1994-12-06
A/RES/49/43,R/49/43,3823,1994-12-06
A/RES/49/52,R/49/52,3824,1994-12-06
A/RES/49/58,R/49/58,3825,1994-12-06
A/RES/49/62A,R/49/62A,3826,1994-12-04
A/RES/49/62B,R/49/62B,3827,1994-12-04
A/RES/49/62C,R/49/62C,3828,1994-12-04
A/RES/49/62D,R/49/62D,3829,1994-12-04
A/RES/49/65,R/49/65,3830,1994-12-05
A/RES/49/67,R/49/67,3831,1994-12-05
A/RES/49/68,R/49/68,3832,1994-12-05
A/RES/49/69,R/49/69,3833,1994-12-05
A/RES/49/72,R/49/72,3834,1994-12-05
A/RES/49/73,R/49/73,3835,1994-12-05
A/RES/49/74,R/49/74,3836,1994-12-05
A/RES/49/75B,R/49/75B,3837,1994-12-05
A/RES/49/75C,R/49/75C,3838,1994-12-05
A/RES/49/75E,R/49/75E,3839,1994-12-05
A/RES/49/75F,R/49/75F,3840,1994-12-05
A/RES/49/75G,R/49/75G,3841,1994-12-05
A/RES/49/75H,R/49/75H,3842,1994-12-05
A/RES/49/75K,R/49/75K,3843,1994-12-05
A/RES/49/75N,R/49/75N,3844,1994-12-05
A/RES/49/75O,R/49/75O,3845,1994-12-05
A/RES/49/75P,R/49/75P,3846,1994-12-05
A/RES/49/76E,R/49/76E,3847,1994-12-05
A/RES/49/77D,R/49/77D,3848,1994-12-05
A/RES/49/78,R/49/78,3849,1994-12-05
A/RES/49/82,R/49/82,3850,1994-12-05
A/RES/49/84,R/49/84,3851,1994-12-05
A/RES/49/87A,R/49/87A,3852,1994-12-06
A/RES/49/87B,R/49/87B,3853,1994-12-06
A/RES/49/88,R/49/88,3854,1994-12-06
A/RES/49/89,R/49/89,3855,1994-12-06
A/RES/49/9,R/49/9,3804,1994-10-04
A/RES/49/90,R/49/90,3856,1994-12-06
A/RES/50/10,R/50/10,3876,1995-11-05
A/RES/50/11,R/50/11,3877,1995-11-05
A/RES/50/129,R/50/129,3949,1995-12-04
A/RES/50/138,R/50/138,3950,1995-12-05
A/RES/50/140,R/50/140,3951,1995-12-05
A/RES/50/172,R/50/172,3952,1995-12-06
A/RES/50/175,R/50/175,3953,1995-12-06
A/RES/50/18,R/50/18,3878,1995-11-02
A/RES/50/185,R/50/185,3954,1995-12-06
A/RES/50/188,R/50/188,3955,1995-12-06
A/RES/50/190,R/50/190,3956,1995-12-06
A/RES/50/191,R/50/191,3957,1995-12-06
A/RES/50/193,R/50/193,3958,1995-12-06
A/RES/50/197,R/50/197,3959,1995-12-06
A/RES/50/198,R/50/198,3960,1995-12-06
A/RES/50/199,R/50/199,3961,1995-12-06
A/RES/50/21,R/50/21,3879,1995-12-02
A/RES/50/22A,R/50/22A,3880,1995-12-02
A/RES/50/22B,R/50/22B,3881,1995-12-02
A/RES/50/22C,R/50/22C,3882,1996-04-05
A/RES/50/23,R/50/23,3883,1995-12-03
A/RES/50/245,R/50/245,3962,1996-09-03
A/RES/50/28A,R/50/28A,3884,1995-12-04
A/RES/50/28C,R/50/28C,3885,1995-12-04
A/RES/50/28D,R/50/28D,3886,1995-12-04
A/RES/50/28E,R/50/28E,3887,1995-12-04
A/RES/50/28F,R/50/28F,3888,1995-12-04
A/RES/50/28G,R/50/28G,3889,1995-12-04
A/RES/50/29A,R/50/29A,3890,1995-12-04
A/RES/50/29B,R/50/29B,3891,1995-12-04
A/RES/50/29C,R/50/29C,3892,1995-12-04
A/RES/50/29D,R/50/29D,3893,1995-12-04
A/RES/50/32,R/50/32,3894,1995-12-04
A/RES/50/33,R/50/33,3895,1995-12-04
A/RES/50/34,R/50/34,3896,1995-12-04
A/RES/50/39,R/50/39,3910,1995-12-04
A/RES/50/40,R/50/40,3911,1995-12-04
A/RES/50/52,R/50/52,3917,1995-12-02
A/RES/50/56,R/50/56,3920,1995-12-02
A/RES/50/61,R/50/61,3921,1995-12-03
A/RES/50/62,R/50/62,3922,1995-12-03
A/RES/50/63,R/50/63,3923,1995-12-03
A/RES/50/64,R/50/64,3924,1995-12-03
A/RES/50/67,R/50/67,3925,1995-12-03
A/RES/50/68,R/50/68,3926,1995-12-03
A/RES/50/69,R/50/69,3927,1995-12-03
A/RES/50/70A,R/50/70A,3928,1995-12-03
A/RES/50/70B,R/50/70B,3929,1995-12-03
A/RES/50/70C,R/50/70C,3930,1995-12-03
A/RES/50/70D,R/50/70D,3931,1995-12-03
A/RES/50/70F,R/50/70F,3932,1995-12-03
A/RES/50/70I,R/50/70I,3933,1995-12-03
A/RES/50/70K,R/50/70K,3934,1995-12-03
A/RES/50/70L,R/50/70L,3935,1995-12-03
A/RES/50/70M,R/50/70M,3936,1995-12-03
A/RES/50/70N,R/50/70N,3937,1995-12-03
A/RES/50/70P,R/50/70P,3938,1995-12-03
A/RES/50/70Q,R/50/70Q,3939,1995-12-03
A/RES/50/71E,R/50/71E,3940,1995-12-03
A/RES/50/73,R/50/73,3941,1995-12-03
A/RES/50/76,R/50/76,3942,1995-12-03
A/RES/50/84A,R/50/84A,3943,1995-12-06
A/RES/50/84B,R/50/84B,3944,1995-12-06
A/RES/50/84C,R/50/84C,3945,1995-12-06
A/RES/50/84D,R/50/84D,3946,1995-12-06
A/RES/50/89B,R/50/89B,3947,1996-06-06
A/RES/50/9,R/50/9,3875,1995-11-04
A/RES/50/96,R/50/96,3948,1995-12-04
A/RES/51/10,R/51/10,3963,1996-10-03
A/RES/51/100,R/51/100,4004,1996-12-05
A/RES/51/103,R/51/103,4005,1996-12-05
A/RES/51/106,R/51/106,4006,1996-12-05
A/RES/51/107,R/51/107,4007,1996-12-05
A/RES/51/109,R/51/109,4008,1996-12-05
A/RES/51/111,R/51/111,4009,1996-12-05
A/RES/51/112,R/51/112,4010,1996-12-05
A/RES/51/113,R/51/113,4011,1996-12-05
A/RES/51/116,R/51/116,4012,1996-12-05
A/RES/51/124,R/51/124,4013,1996-12-06
A/RES/51/126,R/51/126,4014,1996-12-06
A/RES/51/127,R/51/127,4015,1996-12-06
A/RES/51/128,R/51/128,4016,1996-12-06
A/RES/51/129,R/51/129,4017,1996-12-06
A/RES/51/130,R/51/130,4018,1996-12-06
A/RES/51/131,R/51/131,4019,1996-12-06
A/RES/51/132,R/51/132,4020,1996-12-06
A/RES/51/133,R/51/133,4021,1996-12-06
A/RES/51/134,R/51/134,4022,1996-12-06
A/RES/51/135,R/51/135,4023,1996-12-06
A/RES/51/136,R/51/136,4024,1996-12-06
A/RES/51/138B,R/51/138B,4025,1996-12-06
A/RES/51/139,R/51/139,4026,1996-12-06
A/RES/51/140,R/51/140,4027,1996-12-06
A/RES/51/141,R/51/141,4028,1996-12-06
A/RES/51/146,R/51/146,4029,1996-12-06
A/RES/51/147,R/51/147,4030,1996-12-06
A/RES/51/17,R/51/17,3964,1996-11-03
A/RES/51/19,R/51/19,3965,1996-12-07
A/RES/51/190,R/51/190,4031,1996-12-02
A/RES/51/193,R/51/193,4032,1996-12-03
A/RES/51/203,R/51/203,4033,1996-12-03
A/RES/51/205,R/51/205,4034,1996-12-03
A/RES/51/217,R/51/217,4035,1996-12-04
A/RES/51/22,R/51/22,3966,1996-11-04
A/RES/51/223,R/51/223,4036,1997-03-05
A/RES/51/229,R/51/229,4037,1997-05-04
A/RES/51/23,R/51/23,3967,1996-12-04
A/RES/51/233,R/51/233,4038,1997-06-06
A/RES/51/24,R/51/24,3968,1996-12-04
A/RES/51/25,R/51/25,3969,1996-12-04
A/RES/51/26,R/51/26,3970,1996-12-04
A/RES/51/27,R/51/27,3971,1996-12-04
A/RES/51/28,R/51/28,3972,1996-12-04
A/RES/51/29,R/51/29,3973,1996-12-04
A/RES/51/30I,R/51/30I,3974,1996-12-04
A/RES/51/34,R/51/34,3975,1996-12-03
A/RES/51/39,R/51/39,3976,1996-12-02
A/RES/51/40,R/51/40,3977,1996-12-03
A/RES/51/42,R/51/42,3978,1996-12-03
A/RES/51/43,R/51/43,3979,1996-12-03
A/RES/51/44,R/51/44,3980,1996-12-03
A/RES/51/45A,R/51/45A,3981,1996-12-03
A/RES/51/45B,R/51/45B,3982,1996-12-03
A/RES/51/45C,R/51/45C,3983,1996-12-03
A/RES/51/45E,R/51/45E,3984,1996-12-03
A/RES/51/45G,R/51/45G,3985,1996-12-03
A/RES/51/45H,R/51/45H,3986,1996-12-03
A/RES/51/45I,R/51/45I,3987,1996-12-03
A/RES/51/45K,R/51/45K,3988,1996-12-03
A/RES/51/45M,R/51/45M,3989,1996-12-03
A/RES/51/45O,R/51/45O,3990,1996-12-03
A/RES/51/45P,R/51/45P,3991,1996-12-03
A/RES/51/45Q,R/51/45Q,3992,1996-12-03
A/RES/51/45R,R/51/45R,3993,1996-12-03
A/RES/51/45S,R/51/45S,3994,1996-12-03
A/RES/51/46D,R/51/46D,3995,1996-12-03
A/RES/51/47A,R/51/47A,3996,1996-12-03
A/RES/51/48,R/51/48,3997,1996-12-03
A/RES/51/51,R/51/51,3998,1996-12-03
A/RES/51/55,R/51/55,3999,1996-12-03
A/RES/51/57,R/51/57,4000,1996-12-05
A/RES/51/82,R/51/82,4001,1996-12-05
A/RES/51/83,R/51/83,4002,1996-12-05
A/RES/51/89,R/51/89,4003,1996-12-05
A/RES/52/10,R/52/10,4039,1997-11-04
A/RES/52/11,R/52/11,4040,1997-11-04
A/RES/52/112,R/52/112,4087,1997-12-06
A/RES/52/114,R/52/114,4088,1997-12-06
A/RES/52/119,R/52/119,4089,1997-12-06
A/RES/52/120,R/52/120,4090,1997-12-06
A/RES/52/121,R/52/121,4091,1997-12-06
A/RES/52/129,R/52/129,4092,1997-12-06
A/RES/52/131,R/52/131,4093,1997-12-06
A/RES/52/133,R/52/133,4094,1997-12-06
A/RES/52/136,R/52/136,4095,1997-12-06
A/RES/52/139,R/52/139,4096,1997-12-06
A/RES/52/14,R/52/14,4041,1997-11-05
A/RES/52/140,R/52/140,4097,1997-12-06
A/RES/52/141,R/52/141,4098,1997-12-06
A/RES/52/142,R/52/142,4099,1997-12-06
A/RES/52/143,R/52/143,4100,1997-12-06
A/RES/52/144,R/52/144,4101,1997-12-06
A/RES/52/147,R/52/147,4102,1997-12-06
A/RES/52/169F,R/52/169F,4103,1997-12-03
A/RES/52/181,R/52/181,4104,1997-12-05
A/RES/52/207,R/52/207,4105,1997-12-05
A/RES/52/22,R/52/22,4042,1997-11-03
A/RES/52/237,R/52/237,4106,1998-06-06
A/RES/52/24,R/52/24,4043,1997-11-03
A/RES/52/250,R/52/250,4107,1998-07-03
A/RES/52/26,R/52/26,4044,1997-11-04
A/RES/52/33,R/52/33,4045,1997-12-03
A/RES/52/35,R/52/35,4046,1997-12-03
A/RES/52/36,R/52/36,4047,1997-12-03
A/RES/52/37,R/52/37,4048,1997-12-03
A/RES/52/38A,R/52/38A,4049,1997-12-03
A/RES/52/38B,R/52/38B,4050,1997-12-03
A/RES/52/38E,R/52/38E,4051,1997-12-03
A/RES/52/38H,R/52/38H,4052,1997-12-03
A/RES/52/38J,R/52/38J,4053,1997-12-03
A/RES/52/38K,R/52/38K,4054,1997-12-03
A/RES/52/38L,R/52/38L,4055,1997-12-03
A/RES/52/38M,R/52/38M,4056,1997-12-03
A/RES/52/38N,R/52/38N,4057,1997-12-03
A/RES/52/38O,R/52/38O,4058,1997-12-03
A/RES/52/38Q,R/52/38Q,4059,1997-12-03
A/RES/52/38R,R/52/38R,4060,1997-12-03
A/RES/52/39C,R/52/39C,4061,1997-12-03
A/RES/52/40C,R/52/40C,4062,1997-12-03
A/RES/52/41,R/52/41,4063,1997-12-03
A/RES/52/44,R/52/44,4064,1997-12-03
A/RES/52/49,R/52/49,4065,1997-12-03
A/RES/52/50,R/52/50,4066,1997-12-03
A/RES/52/51,R/52/51,4067,1997-12-03
A/RES/52/52,R/52/52,4068,1997-12-03
A/RES/52/53,R/52/53,4069,1997-12-03
A/RES/52/54,R/52/54,4070,1997-12-03
A/RES/52/57,R/52/57,4071,1997-12-04
A/RES/52/59,R/52/59,4072,1997-12-04
A/RES/52/60,R/52/60,4073,1997-12-04
A/RES/52/61,R/52/61,4074,1997-12-04
A/RES/52/62,R/52/62,4075,1997-12-04
A/RES/52/63,R/52/63,4076,1997-12-04
A/RES/52/64,R/52/64,4077,1997-12-04
A/RES/52/65,R/52/65,4078,1997-12-04
A/RES/52/66,R/52/66,4079,1997-12-04
A/RES/52/67,R/52/67,4080,1997-12-04
A/RES/52/68,R/52/68,4081,1997-12-04
A/RES/52/71,R/52/71,4082,1997-12-04
A/RES/52/72,R/52/72,4083,1997-12-04
A/RES/52/73,R/52/73,4084,1997-12-04
A/RES/52/78,R/52/78,4085,1997-12-04
A/RES/52/79,R/52/79,4086,1997-12-04
A/RES/53/10,R/53/10,4109,1998-10-02
A/RES/53/135,R/53/135,4158,1998-12-04
A/RES/53/136,R/53/136,4159,1998-12-04
A/RES/53/141,R/53/141,4160,1998-12-04
A/RES/53/143,R/53/143,4161,1998-12-04
A/RES/53/155,R/53/155,4162,1998-12-04
A/RES/53/157,R/53/157,4163,1998-12-04
A/RES/53/158,R/53/158,4164,1998-12-04
A/RES/53/163,R/53/163,4165,1998-12-04
A/RES/53/164,R/53/164,4166,1998-12-04
A/RES/53/196,R/53/196,4167,1998-12-03
A/RES/53/21,R/53/21,4110,1998-11-02
A/RES/53/227,R/53/227,4168,1999-06-03
A/RES/53/32,R/53/32,4111,1998-11-03
A/RES/53/34,R/53/34,4112,1998-11-04
A/RES/53/37,R/53/37,4113,1998-12-04
A/RES/53/38,R/53/38,4114,1998-12-04
A/RES/53/39,R/53/39,4115,1998-12-04
A/RES/53/4,R/53/4,4108,1998-10-04
A/RES/53/40,R/53/40,4116,1998-12-04
A/RES/53/41,R/53/41,4117,1998-12-04
A/RES/53/42,R/53/42,4118,1998-12-04
A/RES/53/46,R/53/46,4119,1998-12-05
A/RES/53/48,R/53/48,4120,1998-12-05
A/RES/53/49,R/53/49,4121,1998-12-05
A/RES/53/50,R/53/50,4122,1998-12-05
A/RES/53/51,R/53/51,4123,1998-12-05
A/RES/53/52,R/53/52,4124,1998-12-05
A/RES/53/53,R/53/53,4125,1998-12-05
A/RES/53/54,R/53/54,4126,1998-12-05
A/RES/53/55,R/53/55,4127,1998-12-05
A/RES/53/56,R/53/56,4128,1998-12-05
A/RES/53/57,R/53/57,4129,1998-12-05
A/RES/53/60,R/53/60,4130,1998-12-05
A/RES/53/61,R/53/61,4131,1998-12-05
A/RES/53/62,R/53/62,4132,1998-12-05
A/RES/53/68,R/53/68,4133,1998-12-05
A/RES/53/69,R/53/69,4134,1998-12-05
A/RES/53/71,R/53/71,4135,1998-12-06
A/RES/53/73,R/53/73,4136,1998-12-06
A/RES/53/75,R/53/75,4137,1998-12-06
A/RES/53/76,R/53/76,4138,1998-12-06
A/RES/53/77E,R/53/77E,4139,1998-12-06
A/RES/53/77F,R/53/77F,4140,1998-12-06
A/RES/53/77G,R/53/77G,4141,1998-12-06
A/RES/53/77H,R/53/77H,4142,1998-12-06
A/RES/53/77J,R/53/77J,4143,1998-12-06
A/RES/53/77L,R/53/77L,4144,1998-12-06
A/RES/53/77N,R/53/77N,4145,1998-12-06
A/RES/53/77P,R/53/77P,4146,1998-12-06
A/RES/53/77Q,R/53/77Q,4147,1998-12-06
A/RES/53/77S,R/53/77S,4148,1998-12-06
A/RES/53/77U,R/53/77U,4149,1998-12-06
A/RES/53/77V,R/53/77V,4150,1998-12-06
A/RES/53/77W,R/53/77W,4151,1998-12-06
A/RES/53/77X,R/53/77X,4152,1998-12-06
A/RES/53/77Y,R/53/77Y,4153,1998-12-06
A/RES/53/77Z,R/53/77Z,4154,1998-12-06
A/RES/53/80,R/53/80,4156,1998-12-06
A/RES/53/85,R/53/85,4157,1998-12-06
A/RES/54/110,R/54/110,4217,1999-12-05
A/RES/54/117,R/54/117,4218,1999-12-04
A/RES/54/151,R/54/151,4219,1999-12-06
A/RES/54/152,R/54/152,4220,1999-12-06
A/RES/54/164,R/54/164,4221,1999-12-06
A/RES/54/165,R/54/165,4222,1999-12-06
A/RES/54/168,R/54/168,4223,1999-12-06
A/RES/54/169,R/54/169,4224,1999-12-06
A/RES/54/172,R/54/172,4225,1999-12-06
A/RES/54/173,R/54/173,4226,1999-12-06
A/RES/54/175,R/54/175,4227,1999-12-06
A/RES/54/177,R/54/177,4228,1999-12-06
A/RES/54/178,R/54/178,4229,1999-12-06
A/RES/54/179,R/54/179,4230,1999-12-06
A/RES/54/182,R/54/182,4231,1999-12-06
A/RES/54/183,R/54/183,4232,1999-12-06
A/RES/54/184,R/54/184,4233,1999-12-06
A/RES/54/197,R/54/197,4234,1999-12-04
A/RES/54/200,R/54/200,4235,1999-12-04
A/RES/54/21,R/54/21,4169,1999-11-03
A/RES/54/230,R/54/230,4236,1999-12-04
A/RES/54/26,R/54/26,4170,1999-11-02
A/RES/54/267,R/54/267,4237,2000-06-06
A/RES/54/35,R/54/35,4171,1999-11-04
A/RES/54/37,R/54/37,4172,1999-12-04
A/RES/54/38,R/54/38,4173,1999-12-04
A/RES/54/39,R/54/39,4174,1999-12-04
A/RES/54/40,R/54/40,4175,1999-12-04
A/RES/54/41,R/54/41,4176,1999-12-04
A/RES/54/42,R/54/42,4177,1999-12-04
A/RES/54/47,R/54/47,4178,1999-12-04
A/RES/54/50,R/54/50,4179,1999-12-04
A/RES/54/52,R/54/52,4180,1999-12-04
A/RES/54/53,R/54/53,4181,1999-12-04
A/RES/54/54A,R/54/54A,4182,1999-12-04
A/RES/54/54B,R/54/54B,4183,1999-12-04
A/RES/54/54D,R/54/54D,4184,1999-12-04
A/RES/54/54F,R/54/54F,4185,1999-12-04
A/RES/54/54G,R/54/54G,4186,1999-12-04
A/RES/54/54I,R/54/54I,4187,1999-12-04
A/RES/54/54K,R/54/54K,4188,1999-12-04
A/RES/54/54L,R/54/54L,4189,1999-12-04
A/RES/54/54M,R/54/54M,4190,1999-12-04
A/RES/54/54O,R/54/54O,4191,1999-12-04
A/RES/54/54P,R/54/54P,4192,1999-12-04
A/RES/54/54Q,R/54/54Q,4193,1999-12-04
A/RES/54/54S,R/54/54S,4194,1999-12-04
A/RES/54/54V,R/54/54V,4195,1999-12-04
A/RES/54/55D,R/54/55D,4196,1999-12-04
A/RES/54/57,R/54/57,4197,1999-12-04
A/RES/54/62,R/54/62,4199,1999-12-04
A/RES/54/63,R/54/63,4200,1999-12-04
A/RES/54/69,R/54/69,4201,1999-12-02
A/RES/54/71,R/54/71,4202,1999-12-02
A/RES/54/72,R/54/72,4203,1999-12-02
A/RES/54/73,R/54/73,4204,1999-12-02
A/RES/54/74,R/54/74,4205,1999-12-02
A/RES/54/75,R/54/75,4206,1999-12-02
A/RES/54/76,R/54/76,4207,1999-12-02
A/RES/54/77,R/54/77,4208,1999-12-02
A/RES/54/78,R/54/78,4209,1999-12-02
A/RES/54/79,R/54/79,4210,1999-12-02
A/RES/54/80,R/54/80,4211,1999-12-02
A/RES/54/83,R/54/83,4212,1999-12-02
A/RES/54/84,R/54/84,4213,1999-12-02
A/RES/54/85,R/54/85,4214,1999-12-02
A/RES/54/91,R/54/91,4215,1999-12-02
A/RES/54/92,R/54/92,4216,1999-12-02
A/RES/55/100,R/55/100,4274,2000-12-03
A/RES/55/101,R/55/101,4275,2000-12-03
A/RES/55/102,R/55/102,4276,2000-12-03
A/RES/55/107,R/55/107,4277,2000-12-03
A/RES/55/110,R/55/110,4278,2000-12-03
A/RES/55/114,R/55/114,4279,2000-12-03
A/RES/55/115,R/55/115,4280,2000-12-03
A/RES/55/116,R/55/116,4281,2000-12-03
A/RES/55/117,R/55/117,4282,2000-12-03
A/RES/55/123,R/55/123,4283,2000-12-07
A/RES/55/125,R/55/125,4284,2000-12-07
A/RES/55/126,R/55/126,4285,2000-12-07
A/RES/55/127,R/55/127,4286,2000-12-07
A/RES/55/128,R/55/128,4287,2000-12-07
A/RES/55/129,R/55/129,4288,2000-12-07
A/RES/55/130,R/55/130,4289,2000-12-07
A/RES/55/131,R/55/131,4290,2000-12-07
A/RES/55/132,R/55/132,4291,2000-12-07
A/RES/55/133,R/55/133,4292,2000-12-07
A/RES/55/134,R/55/134,4293,2000-12-07
A/RES/55/137,R/55/137,4294,2000-12-07
A/RES/55/138,R/55/138,4295,2000-12-07
A/RES/55/139,R/55/139,4296,2000-12-07
A/RES/55/145,R/55/145,4297,2000-12-07
A/RES/55/146,R/55/146,4298,2000-12-07
A/RES/55/147,R/55/147,4299,2000-12-07
A/RES/55/158,R/55/158,4300,2000-12-04
A/RES/55/179,R/55/179,4301,2000-12-04
A/RES/55/180A,R/55/180A,4302,2000-12-04
A/RES/55/180B,R/55/180B,4303,2001-06-06
A/RES/55/20,R/55/20,4241,2000-11-06
A/RES/55/209,R/55/209,4304,2000-12-05
A/RES/55/29,R/55/29,4242,2000-11-03
A/RES/55/31,R/55/31,4243,2000-11-03
A/RES/55/32,R/55/32,4244,2000-11-03
A/RES/55/36,R/55/36,4260,2000-11-03
A/RES/55/41,R/55/41,4261,2000-11-03
A/RES/55/49,R/55/49,4262,2000-11-05
A/RES/55/50,R/55/50,4263,2000-12-07
A/RES/55/51,R/55/51,4264,2000-12-07
A/RES/55/52,R/55/52,4265,2000-12-07
A/RES/55/53,R/55/53,4266,2000-12-07
A/RES/55/54,R/55/54,4267,2000-12-07
A/RES/55/55,R/55/55,4268,2000-12-07
A/RES/55/6,R/55/6,4238,2000-10-05
A/RES/55/66,R/55/66,4269,2000-12-03
A/RES/55/7,R/55/7,4239,2000-10-03
A/RES/55/8,R/55/8,4240,2000-10-03
A/RES/55/86,R/55/86,4270,2000-12-03
A/RES/55/87,R/55/87,4271,2000-12-03
A/RES/55/92,R/55/92,4272,2000-12-03
A/RES/55/96,R/55/96,4273,2000-12-03
A/RES/56/12,R/56/12,4307,2001-11-05
A/RES/56/142,R/56/142,4350,2001-12-05
A/RES/56/146,R/56/146,4351,2001-12-05
A/RES/56/148,R/56/148,4352,2001-12-05
A/RES/56/150,R/56/150,4353,2001-12-05
A/RES/56/151,R/56/151,4354,2001-12-05
A/RES/56/152,R/56/152,4355,2001-12-05
A/RES/56/154,R/56/154,4356,2001-12-05
A/RES/56/155,R/56/155,4357,2001-12-05
A/RES/56/159,R/56/159,4358,2001-12-05
A/RES/56/16,R/56/16,4308,2001-11-06
A/RES/56/160,R/56/160,4359,2001-12-05
A/RES/56/165,R/56/165,4360,2001-12-05
A/RES/56/171,R/56/171,4361,2001-12-05
A/RES/56/173,R/56/173,4362,2001-12-05
A/RES/56/174,R/56/174,4363,2001-12-05
A/RES/56/175,R/56/175,4364,2001-12-05
A/RES/56/179,R/56/179,4365,2001-12-07
A/RES/56/20,R/56/20,4309,2001-11-06
A/RES/56/204,R/56/204,4366,2001-12-07
A/RES/56/214A,R/56/214A,4367,2001-12-07
A/RES/56/214B,R/56/214B,4368,2001-12-07
A/RES/56/216,R/56/216,4369,2001-12-07
A/RES/56/22,R/56/22,4310,2001-11-06
A/RES/56/23,R/56/23,4311,2001-11-06
A/RES/56/232,R/56/232,4370,2001-12-03
A/RES/56/25B,R/56/25B,4324,2001-11-06
A/RES/56/266,R/56/266,4371,2002-03-05
A/RES/56/27,R/56/27,4325,2001-11-06
A/RES/56/31,R/56/31,4326,2001-12-03
A/RES/56/32,R/56/32,4327,2001-12-03
A/RES/56/33,R/56/33,4328,2001-12-03
A/RES/56/34,R/56/34,4329,2001-12-03
A/RES/56/35,R/56/35,4330,2001-12-03
A/RES/56/36,R/56/36,4331,2001-12-03
A/RES/56/49,R/56/49,4332,2001-12-07
A/RES/56/52,R/56/52,4333,2001-12-03
A/RES/56/54,R/56/54,4334,2001-12-03
A/RES/56/55,R/56/55,4335,2001-12-03
A/RES/56/56,R/56/56,4336,2001-12-03
A/RES/56/57,R/56/57,4337,2001-12-03
A/RES/56/58,R/56/58,4338,2001-12-03
A/RES/56/59,R/56/59,4339,2001-12-03
A/RES/56/60,R/56/60,4340,2001-12-03
A/RES/56/61,R/56/61,4341,2001-12-03
A/RES/56/62,R/56/62,4342,2001-12-03
A/RES/56/63,R/56/63,4343,2001-12-03
A/RES/56/65,R/56/65,4344,2001-12-03
A/RES/56/66,R/56/66,4345,2001-12-03
A/RES/56/67,R/56/67,4346,2001-12-03
A/RES/56/7,R/56/7,4305,2001-11-05
A/RES/56/73,R/56/73,4347,2001-12-03
A/RES/56/74,R/56/74,4348,2001-12-03
A/RES/56/9,R/56/9,4306,2001-11-04
A/RES/56/94,R/56/94,4349,2001-12-07
A/RES/57/100,R/57/100,4397,2002-11-07
A/RES/57/107,R/57/107,4398,2002-12-04
A/RES/57/108,R/57/108,4399,2002-12-04
A/RES/57/109,R/57/109,4400,2002-12-04
A/RES/57/11,R/57/11,4374,2002-11-04
A/RES/57/110,R/57/110,4401,2002-12-04
A/RES/57/111,R/57/111,4402,2002-12-04
A/RES/57/112,R/57/112,4403,2002-12-04
A/RES/57/117,R/57/117,4404,2002-12-05
A/RES/57/119,R/57/119,4405,2002-12-05
A/RES/57/120,R/57/120,4406,2002-12-05
A/RES/57/121,R/57/121,4407,2002-12-05
A/RES/57/122,R/57/122,4408,2002-12-05
A/RES/57/123,R/57/123,4409,2002-12-05
A/RES/57/124,R/57/124,4410,2002-12-05
A/RES/57/125,R/57/125,4411,2002-12-05
A/RES/57/126,R/57/126,4412,2002-12-05
A/RES/57/127,R/57/127,4413,2002-12-05
A/RES/57/128,R/57/128,4414,2002-12-05
A/RES/57/131,R/57/131,4415,2002-12-05
A/RES/57/132,R/57/132,4416,2002-12-05
A/RES/57/133,R/57/133,4417,2002-12-05
A/RES/57/139,R/57/139,4418,2002-12-05
A/RES/57/140,R/57/140,4419,2002-12-05
A/RES/57/141,R/57/141,4420,2002-12-06
A/RES/57/156,R/57/156,4421,2002-12-03
A/RES/57/175,R/57/175,4422,2002-12-05
A/RES/57/188,R/57/188,4423,2002-12-05
A/RES/57/190,R/57/190,4424,2002-12-05
A/RES/57/195,R/57/195,4425,2002-12-05
A/RES/57/196,R/57/196,4426,2002-12-05
A/RES/57/198,R/57/198,4427,2002-12-05
A/RES/57/199,R/57/199,4428,2002-12-05
A/RES/57/205,R/57/205,4429,2002-12-05
A/RES/57/213,R/57/213,4430,2002-12-05
A/RES/57/214,R/57/214,4431,2002-12-05
A/RES/57/216,R/57/216,4432,2002-12-05
A/RES/57/217,R/57/217,4433,2002-12-05
A/RES/57/222,R/57/222,4434,2002-12-05
A/RES/57/223,R/57/223,4435,2002-12-05
A/RES/57/226,R/57/226,4436,2002-12-05
A/RES/57/227,R/57/227,4437,2002-12-05
A/RES/57/230,R/57/230,4439,2002-12-05
A/RES/57/232,R/57/232,4440,2002-12-05
A/RES/57/233,R/57/233,4441,2002-12-05
A/RES/57/269,R/57/269,4442,2002-12-07
A/RES/57/298,R/57/298,4443,2002-12-07
A/RES/57/325,R/57/325,4444,2003-06-05
A/RES/57/49,R/57/49,4375,2002-11-06
A/RES/57/5,R/57/5,4372,2002-09-03
A/RES/57/54,R/57/54,4376,2002-11-07
A/RES/57/56,R/57/56,4377,2002-11-07
A/RES/57/57,R/57/57,4378,2002-11-07
A/RES/57/58,R/57/58,4379,2002-11-07
A/RES/57/59,R/57/59,4380,2002-11-07
A/RES/57/62,R/57/62,4381,2002-11-07
A/RES/57/63,R/57/63,4382,2002-11-07
A/RES/57/64,R/57/64,4383,2002-11-07
A/RES/57/65,R/57/65,4384,2002-11-07
A/RES/57/66,R/57/66,4385,2002-11-07
A/RES/57/71,R/57/71,4386,2002-11-07
A/RES/57/73,R/57/73,4387,2002-11-07
A/RES/57/74,R/57/74,4388,2002-11-07
A/RES/57/75,R/57/75,4389,2002-11-07
A/RES/57/77,R/57/77,4390,2002-11-07
A/RES/57/78,R/57/78,4391,2002-11-07
A/RES/57/79,R/57/79,4392,2002-11-07
A/RES/57/84,R/57/84,4393,2002-11-07
A/RES/57/85,R/57/85,4394,2002-11-07
A/RES/57/9,R/57/9,4373,2002-11-03
A/RES/57/94,R/57/94,4395,2002-11-07
A/RES/57/97,R/57/97,4396,2002-11-07
A/RES/58/100,R/58/100,4480,2003-12-09
A/RES/58/102,R/58/102,4489,2003-12-09
A/RES/58/103,R/58/103,4481,2003-12-09
A/RES/58/104,R/58/104,4479,2003-12-09
A/RES/58/110,R/58/110,4478,2003-12-09
A/RES/58/111,R/58/111,4477,2003-12-09
A/RES/58/113,R/58/113,4476,2003-12-17
A/RES/58/123,R/58/123,4475,2003-12-17
A/RES/58/155,R/58/155,4474,2003-12-22
A/RES/58/157,R/58/157,4473,2003-12-22
A/RES/58/160,R/58/160,4453,2003-12-22
A/RES/58/161,R/58/161,4472,2003-12-22
A/RES/58/162,R/58/162,4471,2003-12-22
A/RES/58/163,R/58/163,4454,2003-12-22
A/RES/58/171,R/58/171,4470,2003-12-22
A/RES/58/172,R/58/172,4469,2003-12-22
A/RES/58/173,R/58/173,4468,2003-12-22
A/RES/58/174,R/58/174,4467,2003-12-22
A/RES/58/179,R/58/179,4466,2003-12-22
A/RES/58/18,R/58/18,4515,2003-12-03
A/RES/58/180,R/58/180,4465,2003-12-22
A/RES/58/184,R/58/184,4464,2003-12-22
A/RES/58/186,R/58/186,4463,2003-12-22
A/RES/58/187,R/58/187,4462,2003-12-22
A/RES/58/188,R/58/188,4461,2003-12-22
A/RES/58/189,R/58/189,4460,2003-12-22
A/RES/58/19,R/58/19,4517,2003-12-03
A/RES/58/192,R/58/192,4459,2003-12-22
A/RES/58/193,R/58/193,4458,2003-12-22
A/RES/58/194,R/58/194,4457,2003-12-22
A/RES/58/195,R/58/195,4456,2003-12-22
A/RES/58/196,R/58/196,4455,2003-12-22
A/RES/58/198,R/58/198,4452,2003-12-23
A/RES/58/20,R/58/20,4516,2003-12-03
A/RES/58/21,R/58/21,4514,2003-12-03
A/RES/58/22,R/58/22,4513,2003-12-03
A/RES/58/229,R/58/229,4451,2003-12-23
A/RES/58/23,R/58/23,4512,2003-12-03
A/RES/58/240,R/58/240,4450,2003-12-23
A/RES/58/244,R/58/244,4449,2003-12-23
A/RES/58/245,R/58/245,4448,2003-12-23
A/RES/58/29,R/58/29,4500,2003-12-08
A/RES/58/292,R/58/292,4447,2004-05-06
A/RES/58/307,R/58/307,4446,2004-06-18
A/RES/58/317,R/58/317,4445,2004-08-05
A/RES/58/33,R/58/33,4508,2003-12-08
A/RES/58/35,R/58/35,4520,2003-12-08
A/RES/58/36,R/58/36,4507,2003-12-08
A/RES/58/37,R/58/37,4505,2003-12-08
A/RES/58/39,R/58/39,4504,2003-12-08
A/RES/58/43,R/58/43,4502,2003-12-08
A/RES/58/44,R/58/44,4501,2003-12-08
A/RES/58/45,R/58/45,4498,2003-12-08
A/RES/58/46,R/58/46,4511,2003-12-08
A/RES/58/47,R/58/47,4492,2003-12-08
A/RES/58/49,R/58/49,4493,2003-12-08
A/RES/58/50,R/58/50,4494,2003-12-08
A/RES/58/51,R/58/51,4510,2003-12-08
A/RES/58/53,R/58/53,4495,2003-12-08
A/RES/58/54,R/58/54,4496,2003-12-08
A/RES/58/56,R/58/56,4497,2003-12-08
A/RES/58/59,R/58/59,4503,2003-12-08
A/RES/58/64,R/58/64,4506,2003-12-08
A/RES/58/68,R/58/68,4509,2003-12-08
A/RES/58/7,R/58/7,4519,2003-11-04
A/RES/58/71,R/58/71,4499,2003-12-08
A/RES/58/8,R/58/8,4518,2003-11-05
A/RES/58/91,R/58/91,4490,2003-12-09
A/RES/58/92,R/58/92,4491,2003-12-09
A/RES/58/93,R/58/93,4487,2003-12-09
A/RES/58/94,R/58/94,4486,2003-12-09
A/RES/58/95,R/58/95,4485,2003-12-09
A/RES/58/96,R/58/96,4484,2003-12-09
A/RES/58/97,R/58/97,4483,2003-12-09
A/RES/58/98,R/58/98,4482,2003-12-09
A/RES/58/99,R/58/99,4488,2003-12-09
A/RES/59/102,R/59/102,4570,2004-12-03
A/RES/59/106,R/59/106,4571,2004-12-03
A/RES/59/109,R/59/109,4572,2004-12-03
A/RES/59/11,R/59/11,4590,2004-10-28
A/RES/59/117,R/59/117,4560,2004-12-10
A/RES/59/118,R/59/118,4559,2004-12-10
A/RES/59/119,R/59/119,4558,2004-12-10
A/RES/59/120,R/59/120,4557,2004-12-10
A/RES/59/121,R/59/121,4556,2004-12-10
A/RES/59/122,R/59/122,4555,2004-12-10
A/RES/59/123,R/59/123,4554,2004-12-10
A/RES/59/124,R/59/124,4553,2004-12-10
A/RES/59/125,R/59/125,4552,2004-12-10
A/RES/59/127,R/59/127,4550,2004-12-10
A/RES/59/128,R/59/128,4551,2004-12-10
A/RES/59/129,R/59/129,4549,2004-12-10
A/RES/59/131,R/59/131,4548,2004-12-10
A/RES/59/135,R/59/135,4547,2004-12-10
A/RES/59/136,R/59/136,4546,2004-12-10
A/RES/59/173,R/59/173,4545,2004-12-20
A/RES/59/177,R/59/177,4544,2004-12-20
A/RES/59/178,R/59/178,4543,2004-12-20
A/RES/59/179,R/59/179,4542,2004-12-20
A/RES/59/18,R/59/18,4589,2004-11-01
A/RES/59/181,R/59/181,4541,2004-12-20
A/RES/59/184,R/59/184,4540,2004-12-20
A/RES/59/185,R/59/185,4539,2004-12-20
A/RES/59/188,R/59/188,4536,2004-12-20
A/RES/59/193,R/59/193,4538,2004-12-20
A/RES/59/195,R/59/195,4537,2004-12-20
A/RES/59/197,R/59/197,4535,2004-12-20
A/RES/59/199,R/59/199,4534,2004-12-20
A/RES/59/201,R/59/201,4533,2004-12-20
A/RES/59/202,R/59/202,4532,2004-12-20
A/RES/59/203,R/59/203,4531,2004-12-20
A/RES/59/204,R/59/204,4530,2004-12-20
A/RES/59/205,R/59/205,4529,2004-12-20
A/RES/59/206,R/59/206,4528,2004-12-20
A/RES/59/207,R/59/207,4527,2004-12-20
A/RES/59/221,R/59/221,4526,2004-12-22
A/RES/59/24,R/59/24,4588,2004-11-17
A/RES/59/251,R/59/251,4525,2004-12-22
A/RES/59/260,R/59/260,4524,2004-12-23
A/RES/59/261,R/59/261,4523,2004-12-23
A/RES/59/28,R/59/28,4587,2004-12-01
A/RES/59/280,R/59/280,4522,2005-03-08
A/RES/59/29,R/59/29,4586,2004-12-01
A/RES/59/30,R/59/30,4582,2004-12-01
A/RES/59/307,R/59/307,4521,2005-12-08
A/RES/59/31,R/59/31,4585,2004-12-01
A/RES/59/32,R/59/32,4584,2004-12-01
A/RES/59/33,R/59/33,4583,2004-12-01
A/RES/59/6,R/59/6,4591,2004-10-22
A/RES/59/62,R/59/62,4576,2004-12-03
A/RES/59/64,R/59/64,4580,2004-12-03
A/RES/59/65,R/59/65,4579,2004-12-03
A/RES/59/67,R/59/67,4578,2004-12-03
A/RES/59/68,R/59/68,4577,2004-12-03
A/RES/59/69,R/59/69,4575,2004-12-03
A/RES/59/70,R/59/70,4574,2004-12-03
A/RES/59/75,R/59/75,4567,2004-12-03
A/RES/59/76,R/59/76,4573,2004-12-03
A/RES/59/77,R/59/77,4561,2004-12-03
A/RES/59/78,R/59/78,4562,2004-12-03
A/RES/59/79,R/59/79,4563,2004-12-03
A/RES/59/81,R/59/81,4564,2004-12-03
A/RES/59/83,R/59/83,4565,2004-12-03
A/RES/59/84,R/59/84,4566,2004-12-03
A/RES/59/85,R/59/85,4581,2004-12-03
A/RES/59/88,R/59/88,4568,2004-12-03
A/RES/59/91,R/59/91,4569,2004-12-03
A/RES/60/100,R/60/100,4642,2005-12-08
A/RES/60/101,R/60/101,4643,2005-12-08
A/RES/60/102,R/60/102,4657,2005-12-08
A/RES/60/103,R/60/103,4644,2005-12-08
A/RES/60/104,R/60/104,4645,2005-12-08
A/RES/60/105,R/60/105,4646,2005-12-08
A/RES/60/106,R/60/106,4647,2005-12-08
A/RES/60/107,R/60/107,4648,2005-12-08
A/RES/60/108,R/60/108,4649,2005-12-08
A/RES/60/110,R/60/110,4650,2005-12-08
A/RES/60/111,R/60/111,4651,2005-12-08
A/RES/60/112,R/60/112,4652,2005-12-08
A/RES/60/118,R/60/118,4653,2005-12-08
A/RES/60/119,R/60/119,4654,2005-12-08
A/RES/60/12,R/60/12,4664,2005-11-08
A/RES/60/120,R/60/120,4655,2005-12-08
A/RES/60/143,R/60/143,4617,2005-12-16
A/RES/60/144,R/60/144,4616,2005-12-16
A/RES/60/146,R/60/146,4615,2005-12-16
A/RES/60/150,R/60/150,4614,2005-12-16
A/RES/60/152,R/60/152,4613,2005-12-16
A/RES/60/155,R/60/155,4612,2005-12-16
A/RES/60/157,R/60/157,4611,2005-12-16
A/RES/60/162,R/60/162,4610,2005-12-16
A/RES/60/163,R/60/163,4609,2005-12-16
A/RES/60/164,R/60/164,4608,2005-12-16
A/RES/60/165,R/60/165,4607,2005-12-16
A/RES/60/170,R/60/170,4602,2005-12-16
A/RES/60/171,R/60/171,4606,2005-12-16
A/RES/60/172,R/60/172,4605,2005-12-16
A/RES/60/173,R/60/173,4604,2005-12-16
A/RES/60/174,R/60/174,4603,2005-12-16
A/RES/60/183,R/60/183,4601,2005-12-22
A/RES/60/184,R/60/184,4600,2005-12-22
A/RES/60/185,R/60/185,4599,2005-12-22
A/RES/60/200,R/60/200,4598,2005-12-22
A/RES/60/226,R/60/226,4597,2005-12-23
A/RES/60/229,R/60/229,4596,2005-12-23
A/RES/60/230,R/60/230,4595,2005-12-23
A/RES/60/231,R/60/231,4594,2005-12-23
A/RES/60/251,R/60/251,4593,2006-03-15
A/RES/60/260,R/60/260,4592,2006-05-08
A/RES/60/278,R/60/278,4666,2006-06-30
A/RES/60/30,R/60/30,4663,2005-11-29
A/RES/60/36,R/60/36,4662,2005-12-01
A/RES/60/37,R/60/37,4661,2005-12-01
A/RES/60/38,R/60/38,4660,2005-12-01
A/RES/60/39,R/60/39,4659,2005-12-01
A/RES/60/41,R/60/41,4658,2005-12-01
A/RES/60/45,R/60/45,4618,2005-12-08
A/RES/60/46,R/60/46,4619,2005-12-08
A/RES/60/48,R/60/48,4620,2005-12-08
A/RES/60/51,R/60/51,4621,2005-12-08
A/RES/60/53,R/60/53,4622,2005-12-08
A/RES/60/54,R/60/54,4623,2005-12-08
A/RES/60/55,R/60/55,4624,2005-12-08
A/RES/60/56,R/60/56,4637,2005-12-08
A/RES/60/58,R/60/58,4625,2005-12-08
A/RES/60/59,R/60/59,4626,2005-12-08
A/RES/60/6,R/60/6,4665,2005-10-31
A/RES/60/60,R/60/60,4627,2005-12-08
A/RES/60/61,R/60/61,4628,2005-12-08
A/RES/60/62,R/60/62,4629,2005-12-08
A/RES/60/65,R/60/65,4630,2005-12-08
A/RES/60/66,R/60/66,4631,2005-12-08
A/RES/60/68,R/60/68,4632,2005-12-08
A/RES/60/70,R/60/70,4633,2005-12-08
A/RES/60/72,R/60/72,4634,2005-12-08
A/RES/60/75,R/60/75,4635,2005-12-08
A/RES/60/76,R/60/76,4636,2005-12-08
A/RES/60/79,R/60/79,4656,2005-12-08
A/RES/60/80,R/60/80,4638,2005-12-08
A/RES/60/88,R/60/88,4639,2005-12-08
A/RES/60/92,R/60/92,4640,2005-12-08
A/RES/60/95,R/60/95,4641,2005-12-08
A/RES/61/103,R/61/103,4704,2006-12-06
A/RES/61/104,R/61/104,4703,2006-12-06
A/RES/61/11,R/61/11,4668,2006-11-08
A/RES/61/112,R/61/112,4715,2006-12-14
A/RES/61/113,R/61/113,4716,2006-12-14
A/RES/61/114,R/61/114,4708,2006-12-14
A/RES/61/115,R/61/115,4709,2006-12-14
A/RES/61/116,R/61/116,4705,2006-12-14
A/RES/61/117,R/61/117,4717,2006-12-14
A/RES/61/118,R/61/118,4718,2006-12-14
A/RES/61/119,R/61/119,4719,2006-12-14
A/RES/61/120,R/61/120,4720,2006-12-14
A/RES/61/122,R/61/122,4721,2006-12-14
A/RES/61/123,R/61/123,4722,2006-12-14
A/RES/61/125,R/61/125,4714,2006-12-14
A/RES/61/129,R/61/129,4712,2006-12-14
A/RES/61/130,R/61/130,4711,2006-12-14
A/RES/61/135,R/61/135,4710,2006-12-14
A/RES/61/146,R/61/146,4741,2006-12-19
A/RES/61/147,R/61/147,4740,2006-12-19
A/RES/61/149,R/61/149,4739,2006-12-19
A/RES/61/151,R/61/151,4738,2006-12-19
A/RES/61/152,R/61/152,4737,2006-12-19
A/RES/61/154,R/61/154,4736,2006-12-19
A/RES/61/156,R/61/156,4735,2006-12-19
A/RES/61/159,R/61/159,4734,2006-12-19
A/RES/61/160,R/61/160,4733,2006-12-19
A/RES/61/162,R/61/162,4732,2006-12-19
A/RES/61/163,R/61/163,4731,2006-12-19
A/RES/61/164,R/61/164,4730,2006-12-19
A/RES/61/166,R/61/166,4729,2006-12-19
A/RES/61/169,R/61/169,4728,2006-12-19
A/RES/61/170,R/61/170,4727,2006-12-19
A/RES/61/173,R/61/173,4726,2006-12-19
A/RES/61/174,R/61/174,4725,2006-12-19
A/RES/61/175,R/61/175,4724,2006-12-19
A/RES/61/176,R/61/176,4723,2006-12-19
A/RES/61/178,R/61/178,4747,2006-12-20
A/RES/61/184,R/61/184,4746,2006-12-20
A/RES/61/186,R/61/186,4745,2006-12-20
A/RES/61/194,R/61/194,4744,2006-12-20
A/RES/61/201,R/61/201,4743,2006-12-20
A/RES/61/22,R/61/22,4674,2006-12-01
A/RES/61/222,R/61/222,4742,2006-12-20
A/RES/61/23,R/61/23,4673,2006-12-01
A/RES/61/231,R/61/231,4750,2006-12-22
A/RES/61/232,R/61/232,4749,2006-12-22
A/RES/61/24,R/61/24,4672,2006-12-01
A/RES/61/25,R/61/25,4670,2006-12-01
A/RES/61/250A,R/61/250A,4748,2006-12-22
A/RES/61/250B,R/61/250B,4751,2007-04-02
A/RES/61/250C,R/61/250C,4752,2007-06-29
A/RES/61/26,R/61/26,4671,2006-12-01
A/RES/61/27,R/61/27,4669,2006-12-01
A/RES/61/295,R/61/295,4753,2007-09-13
A/RES/61/47,R/61/47,4675,2006-12-04
A/RES/61/54,R/61/54,4700,2006-12-06
A/RES/61/55,R/61/55,4699,2006-12-06
A/RES/61/57,R/61/57,4698,2006-12-06
A/RES/61/58,R/61/58,4697,2006-12-06
A/RES/61/59,R/61/59,4696,2006-12-06
A/RES/61/60,R/61/60,4695,2006-12-06
A/RES/61/62,R/61/62,4694,2006-12-06
A/RES/61/63,R/61/63,4693,2006-12-06
A/RES/61/64,R/61/64,4692,2006-12-06
A/RES/61/65,R/61/65,4691,2006-12-06
A/RES/61/66,R/61/66,4689,2006-12-06
A/RES/61/67,R/61/67,4688,2006-12-06
A/RES/61/69,R/61/69,4701,2006-12-06
A/RES/61/70,R/61/70,4690,2006-12-06
A/RES/61/72,R/61/72,4686,2006-12-06
A/RES/61/74,R/61/74,4687,2006-12-06
A/RES/61/75,R/61/75,4685,2006-12-06
A/RES/61/76,R/61/76,4702,2006-12-06
A/RES/61/77,R/61/77,4678,2006-12-06
A/RES/61/78,R/61/78,4679,2006-12-06
A/RES/61/8,R/61/8,4667,2006-10-30
A/RES/61/82,R/61/82,4683,2006-12-06
A/RES/61/83,R/61/83,4684,2006-12-06
A/RES/61/84,R/61/84,4682,2006-12-06
A/RES/61/85,R/61/85,4681,2006-12-06
A/RES/61/88,R/61/88,4680,2006-12-06
A/RES/61/89,R/61/89,4676,2006-12-06
A/RES/61/97,R/61/97,4677,2006-12-06
A/RES/62/102,R/62/102,4794,2007-12-17
A/RES/62/103,R/62/103,4791,2007-12-17
A/RES/62/104,R/62/104,4797,2007-12-17
A/RES/62/105,R/62/105,4792,2007-12-17
A/RES/62/106,R/62/106,4789,2007-12-17
A/RES/62/107,R/62/107,4790,2007-12-17
A/RES/62/108,R/62/108,4795,2007-12-17
A/RES/62/110,R/62/110,4796,2007-12-17
A/RES/62/112,R/62/112,4788,2007-12-17
A/RES/62/113,R/62/113,4787,2007-12-17
A/RES/62/114,R/62/114,4793,2007-12-17
A/RES/62/119,R/62/119,4785,2007-12-17
A/RES/62/120,R/62/120,4786,2007-12-17
A/RES/62/14,R/62/14,4767,2007-12-05
A/RES/62/141,R/62/141,4812,2007-12-18
A/RES/62/142,R/62/142,4798,2007-12-18
A/RES/62/143,R/62/143,4799,2007-12-18
A/RES/62/145,R/62/145,4809,2007-12-18
A/RES/62/146,R/62/146,4808,2007-12-18
A/RES/62/149,R/62/149,4801,2007-12-18
A/RES/62/150,R/62/150,4806,2007-12-18
A/RES/62/151,R/62/151,4805,2007-12-18
A/RES/62/154,R/62/154,4803,2007-12-18
A/RES/62/161,R/62/161,4810,2007-12-18
A/RES/62/162,R/62/162,4800,2007-12-18
A/RES/62/163,R/62/163,4802,2007-12-18
A/RES/62/164,R/62/164,4804,2007-12-18
A/RES/62/166,R/62/166,4811,2007-12-18
A/RES/62/167,R/62/167,4813,2007-12-18
A/RES/62/168,R/62/168,4814,2007-12-18
A/RES/62/169,R/62/169,4807,2007-12-18
A/RES/62/17,R/62/17,4770,2007-12-05
A/RES/62/181,R/62/181,4817,2007-12-19
A/RES/62/183,R/62/183,4816,2007-12-19
A/RES/62/184,R/62/184,4815,2007-12-19
A/RES/62/188,R/62/188,4819,2007-12-19
A/RES/62/19,R/62/19,4755,2007-12-05
A/RES/62/190,R/62/190,4818,2007-12-19
A/RES/62/20,R/62/20,4757,2007-12-05
A/RES/62/215,R/62/215,4824,2007-12-22
A/RES/62/216,R/62/216,4826,2007-12-22
A/RES/62/218,R/62/218,4823,2007-12-22
A/RES/62/219,R/62/219,4827,2007-12-22
A/RES/62/220,R/62/220,4825,2007-12-22
A/RES/62/222,R/62/222,4820,2007-12-22
A/RES/62/236,R/62/236,4822,2007-12-22
A/RES/62/24,R/62/24,4765,2007-12-05
A/RES/62/241,R/62/241,4821,2007-12-22
A/RES/62/243,R/62/243,4828,2008-03-14
A/RES/62/249,R/62/249,4829,2008-04-14
A/RES/62/25,R/62/25,4766,2007-12-05
A/RES/62/27,R/62/27,4769,2007-12-05
A/RES/62/270,R/62/270,4830,2008-06-30
A/RES/62/28,R/62/28,4763,2007-12-05
A/RES/62/29,R/62/29,4775,2007-12-05
A/RES/62/3,R/62/3,4754,2007-10-30
A/RES/62/30,R/62/30,4771,2007-12-05
A/RES/62/31,R/62/31,4772,2007-12-05
A/RES/62/32,R/62/32,4756,2007-12-05
A/RES/62/35,R/62/35,4768,2007-12-05
A/RES/62/36,R/62/36,4773,2007-12-05
A/RES/62/39,R/62/39,4759,2007-12-05
A/RES/62/41,R/62/41,4758,2007-12-05
A/RES/62/42,R/62/42,4761,2007-12-05
A/RES/62/43,R/62/43,4764,2007-12-05
A/RES/62/44,R/62/44,4760,2007-12-05
A/RES/62/47,R/62/47,4762,2007-12-05
A/RES/62/48,R/62/48,4774,2007-12-05
A/RES/62/51,R/62/51,4777,2007-12-05
A/RES/62/56,R/62/56,4778,2007-12-05
A/RES/62/59,R/62/59,4776,2007-12-05
A/RES/62/80,R/62/80,4780,2007-12-10
A/RES/62/81,R/62/81,4781,2007-12-10
A/RES/62/82,R/62/82,4784,2007-12-10
A/RES/62/83,R/62/83,4782,2007-12-10
A/RES/62/84,R/62/84,4779,2007-12-10
A/RES/62/85,R/62/85,4783,2007-12-10
A/RES/63/101,R/63/101,4868,2008-12-05
A/RES/63/102,R/63/102,4872,2008-12-05
A/RES/63/103,R/63/103,4871,2008-12-05
A/RES/63/109,R/63/109,4870,2008-12-05
A/RES/63/110,R/63/110,4869,2008-12-05
A/RES/63/111,R/63/111,4873,2008-12-05
A/RES/63/13,R/63/13,4834,2008-11-03
A/RES/63/160,R/63/160,4895,2008-12-18
A/RES/63/162,R/63/162,4894,2008-12-18
A/RES/63/164,R/63/164,4893,2008-12-18
A/RES/63/165,R/63/165,4892,2008-12-18
A/RES/63/167,R/63/167,4891,2008-12-18
A/RES/63/168,R/63/168,4890,2008-12-18
A/RES/63/171,R/63/171,4897,2008-12-18
A/RES/63/176,R/63/176,4896,2008-12-18
A/RES/63/178,R/63/178,4888,2008-12-18
A/RES/63/179,R/63/179,4887,2008-12-18
A/RES/63/182,R/63/182,4886,2008-12-18
A/RES/63/187,R/63/187,4885,2008-12-18
A/RES/63/188,R/63/188,4884,2008-12-18
A/RES/63/189,R/63/189,4883,2008-12-18
A/RES/63/190,R/63/190,4882,2008-12-18
A/RES/63/191,R/63/191,4889,2008-12-18
A/RES/63/201,R/63/201,4898,2008-12-19
A/RES/63/211,R/63/211,4899,2008-12-19
A/RES/63/224,R/63/224,4900,2008-12-19
A/RES/63/240,R/63/240,4901,2008-12-24
A/RES/63/241,R/63/241,4904,2008-12-24
A/RES/63/242,R/63/242,4903,2008-12-24
A/RES/63/245,R/63/245,4902,2008-12-24
A/RES/63/26,R/63/26,4840,2008-11-26
A/RES/63/27,R/63/27,4839,2008-11-26
A/RES/63/28,R/63/28,4838,2008-11-26
A/RES/63/29,R/63/29,4837,2008-11-26
A/RES/63/3,R/63/3,4831,2008-10-08
A/RES/63/30,R/63/30,4836,2008-11-26
A/RES/63/31,R/63/31,4835,2008-11-26
A/RES/63/36,R/63/36,4865,2008-12-02
A/RES/63/37,R/63/37,4864,2008-12-02
A/RES/63/39,R/63/39,4863,2008-12-02
A/RES/63/40,R/63/40,4862,2008-12-02
A/RES/63/41,R/63/41,4861,2008-12-02
A/RES/63/42,R/63/42,4860,2008-12-02
A/RES/63/44,R/63/44,4859,2008-12-02
A/RES/63/46,R/63/46,4857,2008-12-02
A/RES/63/47,R/63/47,4858,2008-12-02
A/RES/63/49,R/63/49,4856,2008-12-02
A/RES/63/50,R/63/50,4850,2008-12-02
A/RES/63/53,R/63/53,4844,2008-12-02
A/RES/63/54,R/63/54,4855,2008-12-02
A/RES/63/58,R/63/58,4854,2008-12-02
A/RES/63/59,R/63/59,4853,2008-12-02
A/RES/63/62,R/63/62,4852,2008-12-02
A/RES/63/63,R/63/63,4851,2008-12-02
A/RES/63/64,R/63/64,4849,2008-12-02
A/RES/63/65,R/63/65,4848,2008-12-02
A/RES/63/68,R/63/68,4847,2008-12-02
A/RES/63/69,R/63/69,4841,2008-12-02
A/RES/63/7,R/63/7,4833,2008-10-29
A/RES/63/72,R/63/72,4842,2008-12-02
A/RES/63/73,R/63/73,4843,2008-12-02
A/RES/63/75,R/63/75,4866,2008-12-02
A/RES/63/84,R/63/84,4845,2008-12-02
A/RES/63/87,R/63/87,4846,2008-12-02
A/RES/63/91,R/63/91,4867,2008-12-05
A/RES/63/92,R/63/92,4876,2008-12-05
A/RES/63/93,R/63/93,4879,2008-12-05
A/RES/63/94,R/63/94,4877,2008-12-05
A/RES/63/95,R/63/95,4878,2008-12-05
A/RES/63/96,R/63/96,4880,2008-12-05
A/RES/63/97,R/63/97,4881,2008-12-05
A/RES/63/98,R/63/98,4875,2008-12-05
A/RES/63/99,R/63/99,4874,2008-12-05
A/RES/64/10,R/64/10,4980,2009-11-05
A/RES/64/105,R/64/105,5016,2009-12-10
A/RES/64/106,R/64/106,5018,2009-12-10
A/RES/64/147,R/64/147,5023,2009-12-18
A/RES/64/148,R/64/148,5031,2009-12-18
A/RES/64/150,R/64/150,5032,2009-12-18
A/RES/64/151,R/64/151,5033,2009-12-18
A/RES/64/152,R/64/152,5034,2009-12-18
A/RES/64/156,R/64/156,5035,2009-12-18
A/RES/64/157,R/64/157,5036,2009-12-18
A/RES/64/16,R/64/16,4981,2009-12-02
A/RES/64/160,R/64/160,5024,2009-12-18
A/RES/64/17,R/64/17,4982,2009-12-02
A/RES/64/170,R/64/170,5025,2009-12-18
A/RES/64/172,R/64/172,5026,2009-12-18
A/RES/64/173,R/64/173,5027,2009-12-18
A/RES/64/174,R/64/174,5028,2009-12-18
A/RES/64/175,R/64/175,5029,2009-12-18
A/RES/64/176,R/64/176,5030,2009-12-18
A/RES/64/18,R/64/18,4983,2009-12-02
A/RES/64/185,R/64/185,5038,2009-12-21
A/RES/64/188,R/64/188,5039,2009-12-21
A/RES/64/189,R/64/189,5042,2009-12-21
A/RES/64/19,R/64/19,4984,2009-12-02
A/RES/64/195,R/64/195,5037,2009-12-21
A/RES/64/197,R/64/197,5041,2009-12-21
A/RES/64/20,R/64/20,4985,2009-12-02
A/RES/64/209,R/64/209,5040,2009-12-21
A/RES/64/21,R/64/21,4986,2009-12-02
A/RES/64/23,R/64/23,4987,2009-12-02
A/RES/64/238,R/64/238,5043,2009-12-24
A/RES/64/254,R/64/254,5044,2010-02-26
A/RES/64/27,R/64/27,5007,2009-12-02
A/RES/64/28,R/64/28,4988,2009-12-02
A/RES/64/282,R/64/282,5045,2010-06-24
A/RES/64/292,R/64/292,5046,2010-07-28
A/RES/64/296,R/64/296,5047,2010-09-07
A/RES/64/31,R/64/31,4989,2009-12-02
A/RES/64/34,R/64/34,4990,2009-12-02
A/RES/64/37,R/64/37,4991,2009-12-02
A/RES/64/39,R/64/39,4992,2009-12-02
A/RES/64/42,R/64/42,4993,2009-12-02
A/RES/64/44,R/64/44,4994,2009-12-02
A/RES/64/47,R/64/47,4995,2009-12-02
A/RES/64/48,R/64/48,4996,2009-12-02
A/RES/64/50,R/64/50,4997,2009-12-02
A/RES/64/52,R/64/52,4998,2009-12-02
A/RES/64/53,R/64/53,4999,2009-12-02
A/RES/64/54,R/64/54,5000,2009-12-02
A/RES/64/55,R/64/55,5001,2009-12-02
A/RES/64/56,R/64/56,5002,2009-12-02
A/RES/64/57,R/64/57,5003,2009-12-02
A/RES/64/59,R/64/59,5004,2009-12-02
A/RES/64/6,R/64/6,4979,2009-10-28
A/RES/64/66,R/64/66,5005,2009-12-02
A/RES/64/69,R/64/69,5006,2009-12-02
A/RES/64/71,R/64/71,5008,2009-12-04
A/RES/64/87,R/64/87,5019,2009-12-10
A/RES/64/88,R/64/88,5017,2009-12-10
A/RES/64/89,R/64/89,5009,2009-12-10
A/RES/64/90,R/64/90,5010,2009-12-10
A/RES/64/91,R/64/91,5011,2009-12-10
A/RES/64/92,R/64/92,5020,2009-12-10
A/RES/64/93,R/64/93,5012,2009-12-10
A/RES/64/94,R/64/94,5013,2009-12-10
A/RES/64/95,R/64/95,5021,2009-12-10
A/RES/64/97,R/64/97,5022,2009-12-10
A/RES/64/98,R/64/98,5014,2009-12-10
A/RES/64/99,R/64/99,5015,2009-12-10
A/RES/65/100,R/65/100,5080,2010-12-08
A/RES/65/101,R/65/101,5081,2010-12-10
A/RES/65/102,R/65/102,5082,2010-12-10
A/RES/65/103,R/65/103,5083,2010-12-10
A/RES/65/104,R/65/104,5084,2010-12-10
A/RES/65/105,R/65/105,5085,2010-12-10
A/RES/65/106,R/65/106,5086,2010-12-10
A/RES/65/109,R/65/109,5087,2010-12-10
A/RES/65/110,R/65/110,5088,2010-12-10
A/RES/65/116,R/65/116,5089,2010-12-10
A/RES/65/117,R/65/117,5090,2010-12-10
A/RES/65/118,R/65/118,5091,2010-12-10
A/RES/65/119,R/65/119,5092,2010-12-10
A/RES/65/13,R/65/13,5052,2010-11-30
A/RES/65/14,R/65/14,5053,2010-11-30
A/RES/65/142,R/65/142,5096,2010-12-20
A/RES/65/147,R/65/147,5095,2010-12-20
A/RES/65/15,R/65/15,5051,2010-11-30
A/RES/65/16,R/65/16,5050,2010-11-30
A/RES/65/17,R/65/17,5055,2010-11-30
A/RES/65/18,R/65/18,5054,2010-11-30
A/RES/65/195,R/65/195,5109,2010-12-21
A/RES/65/199,R/65/199,5099,2010-12-21
A/RES/65/202,R/65/202,5097,2010-12-21
A/RES/65/203,R/65/203,5098,2010-12-21
A/RES/65/206,R/65/206,5100,2010-12-21
A/RES/65/208,R/65/208,5101,2010-12-21
A/RES/65/216,R/65/216,5102,2010-12-21
A/RES/65/217,R/65/217,5103,2010-12-21
A/RES/65/219,R/65/219,5104,2010-12-21
A/RES/65/222,R/65/222,5105,2010-12-21
A/RES/65/223,R/65/223,5106,2010-12-21
A/RES/65/224,R/65/224,5107,2010-12-21
A/RES/65/225,R/65/225,5108,2010-12-21
A/RES/65/226,R/65/226,5110,2010-12-21
A/RES/65/272,R/65/272,5111,2011-04-18
A/RES/65/276,R/65/276,5112,2011-05-03
A/RES/65/281,R/65/281,5113,2011-06-17
A/RES/65/287,R/65/287,5114,2011-06-29
A/RES/65/303,R/65/303,5115,2011-06-30
A/RES/65/43,R/65/43,5057,2010-12-08
A/RES/65/44,R/65/44,5058,2010-12-08
A/RES/65/46,R/65/46,5059,2010-12-08
A/RES/65/48,R/65/48,5060,2010-12-08
A/RES/65/49,R/65/49,5061,2010-12-08
A/RES/65/51,R/65/51,5062,2010-12-08
A/RES/65/54,R/65/54,5071,2010-12-08
A/RES/65/55,R/65/55,5072,2010-12-08
A/RES/65/56,R/65/56,5073,2010-12-08
A/RES/65/58,R/65/58,5074,2010-12-08
A/RES/65/59,R/65/59,5075,2010-12-08
A/RES/65/6,R/65/6,5049,2010-10-26
A/RES/65/60,R/65/60,5076,2010-12-08
A/RES/65/65,R/65/65,5077,2010-12-08
A/RES/65/66,R/65/66,5063,2010-12-08
A/RES/65/68,R/65/68,5064,2010-12-08
A/RES/65/71,R/65/71,5065,2010-12-08
A/RES/65/72,R/65/72,5079,2010-12-08
A/RES/65/73,R/65/73,5066,2010-12-08
A/RES/65/75,R/65/75,5067,2010-12-08
A/RES/65/76,R/65/76,5068,2010-12-08
A/RES/65/80,R/65/80,5078,2010-12-08
A/RES/65/88,R/65/88,5069,2010-12-08
A/RES/65/91,R/65/91,5070,2010-12-08
A/RES/65/98,R/65/98,5094,2010-12-10
A/RES/65/99,R/65/99,5093,2010-12-10
A/RES/66/11,R/66/11,5116,2011-11-18
A/RES/66/12,R/66/12,5117,2011-11-18
A/RES/66/136,R/66/136,5118,2011-12-19
A/RES/66/14,R/66/14,5119,2011-11-30
A/RES/66/143,R/66/143,5120,2011-12-19
A/RES/66/144,R/66/144,5121,2011-12-19
A/RES/66/146,R/66/146,5122,2011-12-19
A/RES/66/147,R/66/147,5123,2011-12-19
A/RES/66/15,R/66/15,5124,2011-11-30
A/RES/66/153,R/66/153,5125,2011-12-19
A/RES/66/154,R/66/154,5126,2011-12-19
A/RES/66/155,R/66/155,5127,2011-12-19
A/RES/66/156,R/66/156,5128,2011-12-19
A/RES/66/159,R/66/159,5129,2011-12-19
A/RES/66/16,R/66/16,5130,2011-11-30
A/RES/66/161,R/66/161,5131,2011-12-19
A/RES/66/17,R/66/17,5132,2011-11-30
A/RES/66/174,R/66/174,5133,2011-12-19
A/RES/66/175,R/66/175,5134,2011-12-19
A/RES/66/176,R/66/176,5135,2011-12-19
A/RES/66/18,R/66/18,5136,2011-11-30
A/RES/66/186,R/66/186,5137,2011-12-22
A/RES/66/19,R/66/19,5138,2011-11-30
A/RES/66/192,R/66/192,5139,2011-12-22
A/RES/66/195,R/66/195,5140,2011-12-22
A/RES/66/1A,R/66/1A,5141,2011-09-16
A/RES/66/21,R/66/21,5142,2011-12-02
A/RES/66/22,R/66/22,5143,2011-12-02
A/RES/66/225,R/66/225,5144,2011-12-22
A/RES/66/230,R/66/230,5145,2011-12-24
A/RES/66/231,R/66/231,5146,2011-12-24
A/RES/66/257,R/66/257,5179,2012-04-09
A/RES/66/26,R/66/26,5147,2011-12-02
A/RES/66/27,R/66/27,5148,2011-12-02
A/RES/66/28,R/66/28,5149,2011-12-02
A/RES/66/29,R/66/29,5150,2011-12-02
A/RES/66/32,R/66/32,5151,2011-12-02
A/RES/66/33,R/66/33,5152,2011-12-02
A/RES/66/37,R/66/37,5153,2011-12-02
A/RES/66/39,R/66/39,5154,2011-12-02
A/RES/66/40,R/66/40,5155,2011-12-02
A/RES/66/44,R/66/44,5156,2011-12-02
A/RES/66/45,R/66/45,5157,2011-12-02
A/RES/66/46,R/66/46,5158,2011-12-02
A/RES/66/48,R/66/48,5159,2011-12-02
A/RES/66/49,R/66/49,5160,2011-12-02
A/RES/66/51,R/66/51,5161,2011-12-02
A/RES/66/57,R/66/57,5162,2011-12-02
A/RES/66/6,R/66/6,5163,2011-10-25
A/RES/66/61,R/66/61,5164,2011-12-02
A/RES/66/64,R/66/64,5165,2011-12-02
A/RES/66/72,R/66/72,5166,2011-12-09
A/RES/66/73,R/66/73,5167,2011-12-09
A/RES/66/74,R/66/74,5168,2011-12-09
A/RES/66/75,R/66/75,5169,2011-12-09
A/RES/66/76,R/66/76,5170,2011-12-09
A/RES/66/77,R/66/77,5171,2011-12-09
A/RES/66/78,R/66/78,5172,2011-12-09
A/RES/66/79,R/66/79,5173,2011-12-09
A/RES/66/80,R/66/80,5174,2011-12-09
A/RES/66/82,R/66/82,5175,2011-12-09
A/RES/66/83,R/66/83,5176,2011-12-09
A/RES/66/84,R/66/84,5177,2011-12-09
A/RES/66/90,R/66/90,5178,2011-12-09
A/RES/67/114,R/67/114,5213,2012-12-18
A/RES/67/115,R/67/115,5214,2012-12-18
A/RES/67/116,R/67/116,5215,2012-12-18
A/RES/67/117,R/67/117,5216,2012-12-18
A/RES/67/118,R/67/118,5217,2012-12-18
A/RES/67/119,R/67/119,5218,2012-12-18
A/RES/67/120,R/67/120,5219,2012-12-18
A/RES/67/121,R/67/121,5220,2012-12-18
A/RES/67/122,R/67/122,5221,2012-12-18
A/RES/67/125,R/67/125,5222,2012-12-18
A/RES/67/126,R/67/126,5223,2012-12-18
A/RES/67/127,R/67/127,5224,2012-12-18
A/RES/67/133,R/67/133,5225,2012-12-18
A/RES/67/134,R/67/134,5226,2012-12-18
A/RES/67/139,R/67/139,5227,2012-12-20
A/RES/67/154,R/67/154,5228,2012-12-20
A/RES/67/155,R/67/155,5229,2012-12-20
A/RES/67/158,R/67/158,5230,2012-12-20
A/RES/67/159,R/67/159,5231,2012-12-20
A/RES/67/162,R/67/162,5232,2012-12-20
A/RES/67/165,R/67/165,5233,2012-12-20
A/RES/67/168,R/67/168,5234,2012-12-20
A/RES/67/170,R/67/170,5235,2012-12-20
A/RES/67/171,R/67/171,5236,2012-12-20
A/RES/67/173,R/67/173,5237,2012-12-20
A/RES/67/175,R/67/175,5238,2012-12-20
A/RES/67/176,R/67/176,5239,2012-12-20
A/RES/67/182,R/67/182,5240,2012-12-20
A/RES/67/183,R/67/183,5241,2012-12-20
A/RES/67/19,R/67/19,5182,2012-11-29
A/RES/67/20,R/67/20,5183,2012-11-30
A/RES/67/201,R/67/201,5242,2012-12-21
A/RES/67/202,R/67/202,5243,2012-12-21
A/RES/67/21,R/67/21,5184,2012-11-30
A/RES/67/217,R/67/217,5244,2012-12-21
A/RES/67/219,R/67/219,5245,2012-12-21
A/RES/67/22,R/67/22,5185,2012-11-30
A/RES/67/229,R/67/229,5246,2012-12-21
A/RES/67/23,R/67/23,5186,2012-11-30
A/RES/67/24,R/67/24,5187,2012-11-30
A/RES/67/243,R/67/243,5248,2012-12-24
A/RES/67/25,R/67/25,5188,2012-11-30
A/RES/67/29,R/67/29,5189,2012-12-03
A/RES/67/30,R/67/30,5190,2012-12-03
A/RES/67/31,R/67/31,5191,2012-12-03
A/RES/67/32,R/67/32,5192,2012-12-03
A/RES/67/33,R/67/33,5193,2012-12-03
A/RES/67/34,R/67/34,5194,2012-12-03
A/RES/67/35,R/67/35,5195,2012-12-03
A/RES/67/36,R/67/36,5196,2012-12-03
A/RES/67/38,R/67/38,5197,2012-12-03
A/RES/67/39,R/67/39,5198,2012-12-03
A/RES/67/4,R/67/4,5181,2012-11-13
A/RES/67/42,R/67/42,5199,2012-12-03
A/RES/67/43,R/67/43,5200,2012-12-03
A/RES/67/45,R/67/45,5201,2012-12-03
A/RES/67/46,R/67/46,5202,2012-12-03
A/RES/67/53,R/67/53,5203,2012-12-03
A/RES/67/55,R/67/55,5204,2012-12-03
A/RES/67/56,R/67/56,5205,2012-12-03
A/RES/67/59,R/67/59,5206,2012-12-03
A/RES/67/60,R/67/60,5207,2012-12-03
A/RES/67/62,R/67/62,5208,2012-12-03
A/RES/67/64,R/67/64,5209,2012-12-03
A/RES/67/73,R/67/73,5210,2012-12-03
A/RES/67/76,R/67/76,5211,2012-12-03
A/RES/67/78,R/67/78,5212,2012-12-11
A/RES/68/12,R/68/12,5255,2013-11-26
A/RES/68/13,R/68/13,5254,2013-11-26
A/RES/68/14,R/68/14,5253,2013-11-26
A/RES/68/144,R/68/144,5302,2013-12-18
A/RES/68/15,R/68/15,5252,2013-11-26
A/RES/68/150,R/68/150,5301,2013-12-18
A/RES/68/151,R/68/151,5300,2013-12-18
A/RES/68/152,R/68/152,5299,2013-12-18
A/RES/68/154,R/68/154,5298,2013-12-18
A/RES/68/158,R/68/158,5296,2013-12-18
A/RES/68/159,R/68/159,5297,2013-12-18
A/RES/68/16,R/68/16,5251,2013-11-26
A/RES/68/161,R/68/161,5294,2013-12-18
A/RES/68/162,R/68/162,5295,2013-12-18
A/RES/68/168,R/68/168,5293,2013-12-18
A/RES/68/17,R/68/17,5250,2013-11-26
A/RES/68/175,R/68/175,5292,2013-12-18
A/RES/68/182,R/68/182,5291,2013-12-18
A/RES/68/184,R/68/184,5303,2013-12-18
A/RES/68/200,R/68/200,5304,2013-12-20
A/RES/68/206,R/68/206,5307,2013-12-20
A/RES/68/209,R/68/209,5305,2013-12-20
A/RES/68/235,R/68/235,5306,2013-12-20
A/RES/68/24,R/68/24,5256,2013-12-05
A/RES/68/241,R/68/241,5308,2013-12-27
A/RES/68/262,R/68/262,5309,2014-03-27
A/RES/68/274,R/68/274,5310,2014-06-05
A/RES/68/28,R/68/28,5257,2013-12-05
A/RES/68/29,R/68/29,5258,2013-12-05
A/RES/68/292,R/68/292,5311,2014-06-30
A/RES/68/30,R/68/30,5259,2013-12-05
A/RES/68/304,R/68/304,5312,2014-09-09
A/RES/68/31,R/68/31,5260,2013-12-05
A/RES/68/32,R/68/32,5261,2013-12-05
A/RES/68/35,R/68/35,5262,2013-12-05
A/RES/68/38,R/68/38,5263,2013-12-05
A/RES/68/39,R/68/39,5264,2013-12-05
A/RES/68/40,R/68/40,5265,2013-12-05
A/RES/68/42,R/68/42,5266,2013-12-05
A/RES/68/43,R/68/43,5267,2013-12-05
A/RES/68/44,R/68/44,5268,2013-12-05
A/RES/68/46,R/68/46,5269,2013-12-05
A/RES/68/47,R/68/47,5275,2013-12-05
A/RES/68/51,R/68/51,5270,2013-12-05
A/RES/68/56,R/68/56,5271,2013-12-05
A/RES/68/58,R/68/58,5272,2013-12-05
A/RES/68/65,R/68/65,5273,2013-12-05
A/RES/68/68,R/68/68,5274,2013-12-05
A/RES/68/70,R/68/70,5276,2013-12-09
A/RES/68/76,R/68/76,5285,2013-12-11
A/RES/68/77,R/68/77,5290,2013-12-11
A/RES/68/78,R/68/78,5289,2013-12-11
A/RES/68/79,R/68/79,5286,2013-12-11
A/RES/68/8,R/68/8,5249,2013-10-29
A/RES/68/80,R/68/80,5284,2013-12-11
A/RES/68/81,R/68/81,5283,2013-12-11
A/RES/68/82,R/68/82,5282,2013-12-11
A/RES/68/83,R/68/83,5281,2013-12-11
A/RES/68/84,R/68/84,5287,2013-12-11
A/RES/68/87,R/68/87,5288,2013-12-11
A/RES/68/88,R/68/88,5277,2013-12-11
A/RES/68/89,R/68/89,5280,2013-12-11
A/RES/68/96,R/68/96,5279,2013-12-11
A/RES/68/97,R/68/97,5278,2013-12-11
A/RES/69/106,R/69/106,5349,2014-12-05
A/RES/69/107,R/69/107,5350,2014-12-05
A/RES/69/14,R/69/14,5314,2014-11-11
A/RES/69/155,R/69/155,5363,2014-12-18
A/RES/69/160,R/69/160,5364,2014-12-18
A/RES/69/162,R/69/162,5365,2014-12-18
A/RES/69/163,R/69/163,5366,2014-12-18
A/RES/69/165,R/69/165,5367,2014-12-18
A/RES/69/170,R/69/170,5368,2014-12-18
A/RES/69/171,R/69/171,5369,2014-12-18
A/RES/69/173,R/69/173,5370,2014-12-18
A/RES/69/176,R/69/176,5371,2014-12-18
A/RES/69/178,R/69/178,5372,2014-12-18
A/RES/69/180,R/69/180,5373,2014-12-18
A/RES/69/181,R/69/181,5374,2014-12-18
A/RES/69/182,R/69/182,5375,2014-12-18
A/RES/69/186,R/69/186,5376,2014-12-18
A/RES/69/188,R/69/188,5377,2014-12-18
A/RES/69/189,R/69/189,5378,2014-12-18
A/RES/69/190,R/69/190,5379,2014-12-18
A/RES/69/20,R/69/20,5315,2014-11-25
A/RES/69/207,R/69/207,5380,2014-12-19
A/RES/69/21,R/69/21,5316,2014-11-25
A/RES/69/210,R/69/210,5381,2014-12-19
A/RES/69/212,R/69/212,5382,2014-12-19
A/RES/69/22,R/69/22,5317,2014-11-25
A/RES/69/227,R/69/227,5383,2014-12-19
A/RES/69/23,R/69/23,5318,2014-11-25
A/RES/69/238,R/69/238,5384,2014-12-19
A/RES/69/239,R/69/239,5385,2014-12-19
A/RES/69/24,R/69/24,5319,2014-11-25
A/RES/69/241,R/69/241,5386,2014-12-19
A/RES/69/245,R/69/245,5387,2014-12-29
A/RES/69/247,R/69/247,5388,2014-12-29
A/RES/69/25,R/69/25,5320,2014-11-25
A/RES/69/27,R/69/27,5321,2014-12-02
A/RES/69/286,R/69/286,5389,2015-06-03
A/RES/69/30,R/69/30,5322,2014-12-02
A/RES/69/302,R/69/302,5390,2015-06-25
A/RES/69/31,R/69/31,5323,2014-12-02
A/RES/69/319,R/69/319,5391,2015-09-10
A/RES/69/32,R/69/32,5324,2014-12-02
A/RES/69/320,R/69/320,5392,2015-09-10
A/RES/69/326,R/69/326,5393,2015-09-11
A/RES/69/34,R/69/34,5325,2014-12-02
A/RES/69/35,R/69/35,5326,2014-12-02
A/RES/69/37,R/69/37,5327,2014-12-02
A/RES/69/40,R/69/40,5328,2014-12-02
A/RES/69/41,R/69/41,5329,2014-12-02
A/RES/69/42,R/69/42,5330,2014-12-02
A/RES/69/43,R/69/43,5331,2014-12-02
A/RES/69/44,R/69/44,5332,2014-12-02
A/RES/69/47,R/69/47,5333,2014-12-02
A/RES/69/48,R/69/48,5334,2014-12-02
A/RES/69/49,R/69/49,5335,2014-12-02
A/RES/69/5,R/69/5,5313,2014-10-28
A/RES/69/52,R/69/52,5336,2014-12-02
A/RES/69/53,R/69/53,5337,2014-12-02
A/RES/69/54,R/69/54,5338,2014-12-02
A/RES/69/57,R/69/57,5339,2014-12-02
A/RES/69/58,R/69/58,5340,2014-12-02
A/RES/69/59,R/69/59,5341,2014-12-02
A/RES/69/61,R/69/61,5342,2014-12-02
A/RES/69/62,R/69/62,5343,2014-12-02
A/RES/69/66,R/69/66,5344,2014-12-02
A/RES/69/67,R/69/67,5345,2014-12-02
A/RES/69/69,R/69/69,5346,2014-12-02
A/RES/69/78,R/69/78,5347,2014-12-02
A/RES/69/81,R/69/81,5348,2014-12-02
A/RES/69/86,R/69/86,5351,2014-12-05
A/RES/69/87,R/69/87,5352,2014-12-05
A/RES/69/88,R/69/88,5353,2014-12-05
A/RES/69/89,R/69/89,5354,2014-12-05
A/RES/69/90,R/69/90,5355,2014-12-05
A/RES/69/91,R/69/91,5356,2014-12-05
A/RES/69/92,R/69/92,5357,2014-12-05
A/RES/69/93,R/69/93,5358,2014-12-05
A/RES/69/94,R/69/94,5359,2014-12-05
A/RES/69/97,R/69/97,5360,2014-12-05
A/RES/69/98,R/69/98,5361,2014-12-05
A/RES/69/99,R/69/99,5362,2014-12-05
A/RES/70/10,R/70/10,5395,2015-11-17
A/RES/70/103,R/70/103,5430,2015-12-09
A/RES/70/12,R/70/12,5396,2015-11-24
A/RES/70/13,R/70/13,5397,2015-11-24
A/RES/70/136,R/70/136,5443,2015-12-17
A/RES/70/137,R/70/137,5444,2015-12-17
A/RES/70/139,R/70/139,5445,2015-12-17
A/RES/70/14,R/70/14,5398,2015-11-24
A/RES/70/140,R/70/140,5446,2015-12-17
A/RES/70/141,R/70/141,5447,2015-12-17
A/RES/70/142,R/70/142,5448,2015-12-17
A/RES/70/149,R/70/149,5449,2015-12-17
A/RES/70/15,R/70/15,5399,2015-11-24
A/RES/70/151,R/70/151,5450,2015-12-17
A/RES/70/152,R/70/152,5451,2015-12-17
A/RES/70/155,R/70/155,5452,2015-12-17
A/RES/70/156,R/70/156,5453,2015-12-17
A/RES/70/159,R/70/159,5454,2015-12-17
A/RES/70/16,R/70/16,5400,2015-11-24
A/RES/70/161,R/70/161,5455,2015-12-17
A/RES/70/168,R/70/168,5456,2015-12-17
A/RES/70/17,R/70/17,5401,2015-11-24
A/RES/70/171,R/70/171,5457,2015-12-17
A/RES/70/172,R/70/172,5458,2015-12-17
A/RES/70/173,R/70/173,5459,2015-12-17
A/RES/70/185,R/70/185,5460,2015-12-22
A/RES/70/194,R/70/194,5461,2015-12-22
A/RES/70/198,R/70/198,5462,2015-12-22
A/RES/70/22,R/70/22,5402,2015-12-07
A/RES/70/225,R/70/225,5463,2015-12-22
A/RES/70/231,R/70/231,5464,2015-12-23
A/RES/70/234,R/70/234,5465,2015-12-23
A/RES/70/235,R/70/235,5466,2015-12-23
A/RES/70/25,R/70/25,5403,2015-12-07
A/RES/70/26,R/70/26,5404,2015-12-07
A/RES/70/27,R/70/27,5405,2015-12-07
A/RES/70/28,R/70/28,5406,2015-12-07
A/RES/70/31,R/70/31,5407,2015-12-07
A/RES/70/33,R/70/33,5408,2015-12-07
A/RES/70/34,R/70/34,5409,2015-12-07
A/RES/70/37,R/70/37,5410,2015-12-07
A/RES/70/38,R/70/38,5411,2015-12-07
A/RES/70/39,R/70/39,5412,2015-12-07
A/RES/70/40,R/70/40,5413,2015-12-07
A/RES/70/41,R/70/41,5414,2015-12-07
A/RES/70/44,R/70/44,5415,2015-12-07
A/RES/70/45,R/70/45,5416,2015-12-07
A/RES/70/47,R/70/47,5417,2015-12-07
A/RES/70/48,R/70/48,5418,2015-12-07
A/RES/70/5,R/70/5,5394,2015-10-27
A/RES/70/50,R/70/50,5419,2015-12-07
A/RES/70/51,R/70/51,5420,2015-12-07
A/RES/70/52,R/70/52,5421,2015-12-07
A/RES/70/54,R/70/54,5422,2015-12-07
A/RES/70/55,R/70/55,5423,2015-12-07
A/RES/70/56,R/70/56,5424,2015-12-07
A/RES/70/57,R/70/57,5425,2015-12-07
A/RES/70/58,R/70/58,5426,2015-12-07
A/RES/70/62,R/70/62,5427,2015-12-07
A/RES/70/70,R/70/70,5428,2015-12-07
A/RES/70/73,R/70/73,5429,2015-12-07
A/RES/70/83,R/70/83,5431,2015-12-09
A/RES/70/84,R/70/84,5432,2015-12-09
A/RES/70/85,R/70/85,5433,2015-12-09
A/RES/70/86,R/70/86,5434,2015-12-09
A/RES/70/87,R/70/87,5435,2015-12-09
A/RES/70/88,R/70/88,5436,2015-12-09
A/RES/70/89,R/70/89,5437,2015-12-09
A/RES/70/90,R/70/90,5438,2015-12-09
A/RES/70/91,R/70/91,5439,2015-12-09
A/RES/70/94,R/70/94,5440,2015-12-09
A/RES/70/95,R/70/95,5441,2015-12-09
A/RES/70/96,R/70/96,5442,2015-12-09
