country_iso3,date,gprh_raw
CHN,1900-01-01,18
CHN,1900-02-01,7
CHN,1900-03-01,11
CHN,1900-04-01,8
CHN,1900-05-01,8
CHN,1900-06-01,109
CHN,1900-07-01,211
CHN,1900-08-01,196
CHN,1900-09-01,67
CHN,1900-10-01,32
CHN,1900-11-01,33
CHN,1900-12-01,25
CHN,1901-01-01,22
CHN,1901-02-01,21
CHN,1901-03-01,41
CHN,1901-04-01,24
CHN,1901-05-01,11
CHN,1901-06-01,14
CHN,1901-07-01,8
CHN,1901-08-01,24
CHN,1901-09-01,13
CHN,1901-10-01,10
CHN,1901-11-01,7
CHN,1901-12-01,9
CHN,1902-01-01,8
CHN,1902-02-01,12
CHN,1902-03-01,11
CHN,1902-04-01,9
CHN,1902-05-01,7
CHN,1902-06-01,9
CHN,1902-07-01,6
CHN,1902-08-01,9
CHN,1902-09-01,7
CHN,1902-10-01,5
CHN,1902-11-01,11
CHN,1902-12-01,8
CHN,1903-01-01,10
CHN,1903-02-01,12
CHN,1903-03-01,3
CHN,1903-04-01,10
CHN,1903-05-01,16
CHN,1903-06-01,6
CHN,1903-07-01,14
CHN,1903-08-01,7
CHN,1903-09-01,2
CHN,1903-10-01,27
CHN,1903-11-01,17
CHN,1903-12-01,26
CHN,1904-01-01,52
CHN,1904-02-01,91
CHN,1904-03-01,69
CHN,1904-04-01,34
CHN,1904-05-01,65
CHN,1904-06-01,33
CHN,1904-07-01,35
CHN,1904-08-01,47
CHN,1904-09-01,34
CHN,1904-10-01,22
CHN,1904-11-01,13
CHN,1904-12-01,13
CHN,1905-01-01,29
CHN,1905-02-01,13
CHN,1905-03-01,21
CHN,1905-04-01,17
CHN,1905-05-01,30
CHN,1905-06-01,23
CHN,1905-07-01,13
CHN,1905-08-01,24
CHN,1905-09-01,18
CHN,1905-10-01,12
CHN,1905-11-01,9
CHN,1905-12-01,7
CHN,1906-01-01,8
CHN,1906-02-01,18
CHN,1906-03-01,16
CHN,1906-04-01,8
CHN,1906-05-01,8
CHN,1906-06-01,2
CHN,1906-07-01,3
CHN,1906-08-01,2
CHN,1906-09-01,8
CHN,1906-10-01,7
CHN,1906-11-01,0
CHN,1906-12-01,6
CHN,1907-01-01,4
CHN,1907-02-01,8
CHN,1907-03-01,2
CHN,1907-04-01,6
CHN,1907-05-01,8
CHN,1907-06-01,19
CHN,1907-07-01,10
CHN,1907-08-01,11
CHN,1907-09-01,2
CHN,1907-10-01,7
CHN,1907-11-01,4
CHN,1907-12-01,4
CHN,1908-01-01,11
CHN,1908-02-01,3
CHN,1908-03-01,11
CHN,1908-04-01,4
CHN,1908-05-01,7
CHN,1908-06-01,2
CHN,1908-07-01,8
CHN,1908-08-01,5
CHN,1908-09-01,3
CHN,1908-10-01,3
CHN,1908-11-01,7
CHN,1908-12-01,7
CHN,1909-01-01,12
CHN,1909-02-01,6
CHN,1909-03-01,1
CHN,1909-04-01,3
CHN,1909-05-01,3
CHN,1909-06-01,2
CHN,1909-07-01,4
CHN,1909-08-01,8
CHN,1909-09-01,6
CHN,1909-10-01,4
CHN,1909-11-01,1
CHN,1909-12-01,5
CHN,1910-01-01,5
CHN,1910-02-01,3
CHN,1910-03-01,6
CHN,1910-04-01,3
CHN,1910-05-01,4
CHN,1910-06-01,7
CHN,1910-07-01,7
CHN,1910-08-01,4
CHN,1910-09-01,4
CHN,1910-10-01,2
CHN,1910-11-01,2
CHN,1910-12-01,5
CHN,1911-01-01,8
CHN,1911-02-01,8
CHN,1911-03-01,25
CHN,1911-04-01,6
CHN,1911-05-01,13
CHN,1911-06-01,2
CHN,1911-07-01,6
CHN,1911-08-01,4
CHN,1911-09-01,20
CHN,1911-10-01,55
CHN,1911-11-01,42
CHN,1911-12-01,20
CHN,1912-01-01,29
CHN,1912-02-01,6
CHN,1912-03-01,23
CHN,1912-04-01,7
CHN,1912-05-01,4
CHN,1912-06-01,6
CHN,1912-07-01,3
CHN,1912-08-01,9
CHN,1912-09-01,6
CHN,1912-10-01,13
CHN,1912-11-01,5
CHN,1912-12-01,3
CHN,1913-01-01,7
CHN,1913-02-01,5
CHN,1913-03-01,4
CHN,1913-04-01,7
CHN,1913-05-01,7
CHN,1913-06-01,2
CHN,1913-07-01,27
CHN,1913-08-01,17
CHN,1913-09-01,11
CHN,1913-10-01,2
CHN,1913-11-01,11
CHN,1913-12-01,4
CHN,1914-01-01,6
CHN,1914-02-01,5
CHN,1914-03-01,5
CHN,1914-04-01,12
CHN,1914-05-01,8
CHN,1914-06-01,6
CHN,1914-07-01,8
CHN,1914-08-01,97
CHN,1914-09-01,44
CHN,1914-10-01,27
CHN,1914-11-01,20
CHN,1914-12-01,32
CHN,1915-01-01,14
CHN,1915-02-01,33
CHN,1915-03-01,22
CHN,1915-04-01,28
CHN,1915-05-01,46
CHN,1915-06-01,23
CHN,1915-07-01,15
CHN,1915-08-01,18
CHN,1915-09-01,11
CHN,1915-10-01,13
CHN,1915-11-01,12
CHN,1915-12-01,35
CHN,1916-01-01,25
CHN,1916-02-01,25
CHN,1916-03-01,17
CHN,1916-04-01,14
CHN,1916-05-01,12
CHN,1916-06-01,15
CHN,1916-07-01,16
CHN,1916-08-01,24
CHN,1916-09-01,21
CHN,1916-10-01,20
CHN,1916-11-01,15
CHN,1916-12-01,20
CHN,1917-01-01,11
CHN,1917-02-01,16
CHN,1917-03-01,36
CHN,1917-04-01,15
CHN,1917-05-01,21
CHN,1917-06-01,35
CHN,1917-07-01,31
CHN,1917-08-01,35
CHN,1917-09-01,13
CHN,1917-10-01,15
CHN,1917-11-01,19
CHN,1917-12-01,20
CHN,1918-01-01,16
CHN,1918-02-01,18
CHN,1918-03-01,37
CHN,1918-04-01,14
CHN,1918-05-01,22
CHN,1918-06-01,22
CHN,1918-07-01,29
CHN,1918-08-01,24
CHN,1918-09-01,20
CHN,1918-10-01,6
CHN,1918-11-01,12
CHN,1918-12-01,11
CHN,1919-01-01,31
CHN,1919-02-01,23
CHN,1919-03-01,35
CHN,1919-04-01,29
CHN,1919-05-01,24
CHN,1919-06-01,10
CHN,1919-07-01,42
CHN,1919-08-01,46
CHN,1919-09-01,31
CHN,1919-10-01,17
CHN,1919-11-01,14
CHN,1919-12-01,10
CHN,1920-01-01,10
CHN,1920-02-01,14
CHN,1920-03-01,9
CHN,1920-04-01,5
CHN,1920-05-01,7
CHN,1920-06-01,4
CHN,1920-07-01,21
CHN,1920-08-01,10
CHN,1920-09-01,8
CHN,1920-10-01,11
CHN,1920-11-01,7
CHN,1920-12-01,9
CHN,1921-01-01,6
CHN,1921-02-01,3
CHN,1921-03-01,13
CHN,1921-04-01,9
CHN,1921-05-01,5
CHN,1921-06-01,14
CHN,1921-07-01,14
CHN,1921-08-01,18
CHN,1921-09-01,11
CHN,1921-10-01,26
CHN,1921-11-01,44
CHN,1921-12-01,24
CHN,1922-01-01,28
CHN,1922-02-01,19
CHN,1922-03-01,20
CHN,1922-04-01,23
CHN,1922-05-01,34
CHN,1922-06-01,23
CHN,1922-07-01,17
CHN,1922-08-01,11
CHN,1922-09-01,9
CHN,1922-10-01,2
CHN,1922-11-01,7
CHN,1922-12-01,8
CHN,1923-01-01,6
CHN,1923-02-01,5
CHN,1923-03-01,7
CHN,1923-04-01,6
CHN,1923-05-01,51
CHN,1923-06-01,10
CHN,1923-07-01,4
CHN,1923-08-01,7
CHN,1923-09-01,10
CHN,1923-10-01,5
CHN,1923-11-01,4
CHN,1923-12-01,6
CHN,1924-01-01,4
CHN,1924-02-01,5
CHN,1924-03-01,3
CHN,1924-04-01,4
CHN,1924-05-01,4
CHN,1924-06-01,3
CHN,1924-07-01,4
CHN,1924-08-01,15
CHN,1924-09-01,67
CHN,1924-10-01,41
CHN,1924-11-01,20
CHN,1924-12-01,6
CHN,1925-01-01,16
CHN,1925-02-01,6
CHN,1925-03-01,13
CHN,1925-04-01,4
CHN,1925-05-01,2
CHN,1925-06-01,24
CHN,1925-07-01,22
CHN,1925-08-01,22
CHN,1925-09-01,19
CHN,1925-10-01,14
CHN,1925-11-01,13
CHN,1925-12-01,10
CHN,1926-01-01,9
CHN,1926-02-01,3
CHN,1926-03-01,22
CHN,1926-04-01,11
CHN,1926-05-01,17
CHN,1926-06-01,9
CHN,1926-07-01,9
CHN,1926-08-01,13
CHN,1926-09-01,34
CHN,1926-10-01,20
CHN,1926-11-01,18
CHN,1926-12-01,15
CHN,1927-01-01,45
CHN,1927-02-01,44
CHN,1927-03-01,65
CHN,1927-04-01,94
CHN,1927-05-01,35
CHN,1927-06-01,29
CHN,1927-07-01,20
CHN,1927-08-01,17
CHN,1927-09-01,9
CHN,1927-10-01,27
CHN,1927-11-01,18
CHN,1927-12-01,27
CHN,1928-01-01,10
CHN,1928-02-01,6
CHN,1928-03-01,16
CHN,1928-04-01,14
CHN,1928-05-01,64
CHN,1928-06-01,20
CHN,1928-07-01,15
CHN,1928-08-01,24
CHN,1928-09-01,10
CHN,1928-10-01,10
CHN,1928-11-01,5
CHN,1928-12-01,3
CHN,1929-01-01,6
CHN,1929-02-01,28
CHN,1929-03-01,31
CHN,1929-04-01,19
CHN,1929-05-01,27
CHN,1929-06-01,10
CHN,1929-07-01,111
CHN,1929-08-01,45
CHN,1929-09-01,37
CHN,1929-10-01,20
CHN,1929-11-01,43
CHN,1929-12-01,56
CHN,1930-01-01,15
CHN,1930-02-01,21
CHN,1930-03-01,24
CHN,1930-04-01,18
CHN,1930-05-01,27
CHN,1930-06-01,51
CHN,1930-07-01,19
CHN,1930-08-01,37
CHN,1930-09-01,31
CHN,1930-10-01,13
CHN,1930-11-01,16
CHN,1930-12-01,15
CHN,1931-01-01,7
CHN,1931-02-01,4
CHN,1931-03-01,7
CHN,1931-04-01,11
CHN,1931-05-01,34
CHN,1931-06-01,22
CHN,1931-07-01,10
CHN,1931-08-01,12
CHN,1931-09-01,51
CHN,1931-10-01,97
CHN,1931-11-01,167
CHN,1931-12-01,79
CHN,1932-01-01,131
CHN,1932-02-01,294
CHN,1932-03-01,140
CHN,1932-04-01,62
CHN,1932-05-01,61
CHN,1932-06-01,22
CHN,1932-07-01,26
CHN,1932-08-01,40
CHN,1932-09-01,30
CHN,1932-10-01,25
CHN,1932-11-01,27
CHN,1932-12-01,32
CHN,1933-01-01,63
CHN,1933-02-01,107
CHN,1933-03-01,82
CHN,1933-04-01,42
CHN,1933-05-01,55
CHN,1933-06-01,22
CHN,1933-07-01,26
CHN,1933-08-01,13
CHN,1933-09-01,23
CHN,1933-10-01,14
CHN,1933-11-01,26
CHN,1933-12-01,31
CHN,1934-01-01,33
CHN,1934-02-01,15
CHN,1934-03-01,9
CHN,1934-04-01,22
CHN,1934-05-01,28
CHN,1934-06-01,7
CHN,1934-07-01,11
CHN,1934-08-01,12
CHN,1934-09-01,16
CHN,1934-10-01,17
CHN,1934-11-01,22
CHN,1934-12-01,24
CHN,1935-01-01,24
CHN,1935-02-01,11
CHN,1935-03-01,14
CHN,1935-04-01,11
CHN,1935-05-01,16
CHN,1935-06-01,54
CHN,1935-07-01,31
CHN,1935-08-01,18
CHN,1935-09-01,28
CHN,1935-10-01,36
CHN,1935-11-01,44
CHN,1935-12-01,65
CHN,1936-01-01,26
CHN,1936-02-01,24
CHN,1936-03-01,23
CHN,1936-04-01,29
CHN,1936-05-01,24
CHN,1936-06-01,88
CHN,1936-07-01,35
CHN,1936-08-01,39
CHN,1936-09-01,30
CHN,1936-10-01,21
CHN,1936-11-01,47
CHN,1936-12-01,70
CHN,1937-01-01,35
CHN,1937-02-01,13
CHN,1937-03-01,22
CHN,1937-04-01,10
CHN,1937-05-01,5
CHN,1937-06-01,6
CHN,1937-07-01,141
CHN,1937-08-01,208
CHN,1937-09-01,230
CHN,1937-10-01,190
CHN,1937-11-01,142
CHN,1937-12-01,161
CHN,1938-01-01,121
CHN,1938-02-01,96
CHN,1938-03-01,70
CHN,1938-04-01,69
CHN,1938-05-01,85
CHN,1938-06-01,77
CHN,1938-07-01,73
CHN,1938-08-01,91
CHN,1938-09-01,75
CHN,1938-10-01,81
CHN,1938-11-01,59
CHN,1938-12-01,47
CHN,1939-01-01,77
CHN,1939-02-01,54
CHN,1939-03-01,56
CHN,1939-04-01,68
CHN,1939-05-01,36
CHN,1939-06-01,140
CHN,1939-07-01,117
CHN,1939-08-01,77
CHN,1939-09-01,75
CHN,1939-10-01,80
CHN,1939-11-01,80
CHN,1939-12-01,76
CHN,1940-01-01,84
CHN,1940-02-01,81
CHN,1940-03-01,33
CHN,1940-04-01,39
CHN,1940-05-01,34
CHN,1940-06-01,67
CHN,1940-07-01,60
CHN,1940-08-01,52
CHN,1940-09-01,108
CHN,1940-10-01,103
CHN,1940-11-01,49
CHN,1940-12-01,59
CHN,1941-01-01,75
CHN,1941-02-01,92
CHN,1941-03-01,72
CHN,1941-04-01,52
CHN,1941-05-01,57
CHN,1941-06-01,60
CHN,1941-07-01,110
CHN,1941-08-01,105
CHN,1941-09-01,49
CHN,1941-10-01,65
CHN,1941-11-01,103
CHN,1941-12-01,272
CHN,1942-01-01,194
CHN,1942-02-01,149
CHN,1942-03-01,155
CHN,1942-04-01,123
CHN,1942-05-01,141
CHN,1942-06-01,124
CHN,1942-07-01,97
CHN,1942-08-01,95
CHN,1942-09-01,68
CHN,1942-10-01,85
CHN,1942-11-01,56
CHN,1942-12-01,79
CHN,1943-01-01,74
CHN,1943-02-01,68
CHN,1943-03-01,113
CHN,1943-04-01,100
CHN,1943-05-01,125
CHN,1943-06-01,92
CHN,1943-07-01,75
CHN,1943-08-01,74
CHN,1943-09-01,95
CHN,1943-10-01,99
CHN,1943-11-01,102
CHN,1943-12-01,109
CHN,1944-01-01,66
CHN,1944-02-01,97
CHN,1944-03-01,95
CHN,1944-04-01,150
CHN,1944-05-01,183
CHN,1944-06-01,176
CHN,1944-07-01,177
CHN,1944-08-01,117
CHN,1944-09-01,109
CHN,1944-10-01,144
CHN,1944-11-01,175
CHN,1944-12-01,104
CHN,1945-01-01,137
CHN,1945-02-01,115
CHN,1945-03-01,128
CHN,1945-04-01,115
CHN,1945-05-01,136
CHN,1945-06-01,160
CHN,1945-07-01,163
CHN,1945-08-01,214
CHN,1945-09-01,82
CHN,1945-10-01,81
CHN,1945-11-01,84
CHN,1945-12-01,81
CHN,1946-01-01,80
CHN,1946-02-01,49
CHN,1946-03-01,82
CHN,1946-04-01,75
CHN,1946-05-01,51
CHN,1946-06-01,61
CHN,1946-07-01,65
CHN,1946-08-01,83
CHN,1946-09-01,74
CHN,1946-10-01,54
CHN,1946-11-01,48
CHN,1946-12-01,71
CHN,1947-01-01,45
CHN,1947-02-01,28
CHN,1947-03-01,51
CHN,1947-04-01,41
CHN,1947-05-01,33
CHN,1947-06-01,38
CHN,1947-07-01,46
CHN,1947-08-01,31
CHN,1947-09-01,22
CHN,1947-10-01,36
CHN,1947-11-01,33
CHN,1947-12-01,35
CHN,1948-01-01,20
CHN,1948-02-01,31
CHN,1948-03-01,80
CHN,1948-04-01,28
CHN,1948-05-01,27
CHN,1948-06-01,28
CHN,1948-07-01,39
CHN,1948-08-01,28
CHN,1948-09-01,23
CHN,1948-10-01,55
CHN,1948-11-01,54
CHN,1948-12-01,55
CHN,1949-01-01,59
CHN,1949-02-01,19
CHN,1949-03-01,25
CHN,1949-04-01,60
CHN,1949-05-01,56
CHN,1949-06-01,40
CHN,1949-07-01,37
CHN,1949-08-01,60
CHN,1949-09-01,49
CHN,1949-10-01,68
CHN,1949-11-01,43
CHN,1949-12-01,52
CHN,1950-01-01,78
CHN,1950-02-01,67
CHN,1950-03-01,51
CHN,1950-04-01,55
CHN,1950-05-01,71
CHN,1950-06-01,95
CHN,1950-07-01,151
CHN,1950-08-01,108
CHN,1950-09-01,108
CHN,1950-10-01,118
CHN,1950-11-01,256
CHN,1950-12-01,395
CHN,1951-01-01,312
CHN,1951-02-01,182
CHN,1951-03-01,166
CHN,1951-04-01,241
CHN,1951-05-01,354
CHN,1951-06-01,214
CHN,1951-07-01,161
CHN,1951-08-01,128
CHN,1951-09-01,128
CHN,1951-10-01,143
CHN,1951-11-01,135
CHN,1951-12-01,103
CHN,1952-01-01,149
CHN,1952-02-01,84
CHN,1952-03-01,107
CHN,1952-04-01,66
CHN,1952-05-01,97
CHN,1952-06-01,118
CHN,1952-07-01,84
CHN,1952-08-01,96
CHN,1952-09-01,87
CHN,1952-10-01,166
CHN,1952-11-01,161
CHN,1952-12-01,134
CHN,1953-01-01,121
CHN,1953-02-01,217
CHN,1953-03-01,145
CHN,1953-04-01,156
CHN,1953-05-01,187
CHN,1953-06-01,158
CHN,1953-07-01,155
CHN,1953-08-01,88
CHN,1953-09-01,96
CHN,1953-10-01,70
CHN,1953-11-01,40
CHN,1953-12-01,100
CHN,1954-01-01,79
CHN,1954-02-01,85
CHN,1954-03-01,98
CHN,1954-04-01,171
CHN,1954-05-01,109
CHN,1954-06-01,83
CHN,1954-07-01,105
CHN,1954-08-01,67
CHN,1954-09-01,81
CHN,1954-10-01,40
CHN,1954-11-01,80
CHN,1954-12-01,88
CHN,1955-01-01,118
CHN,1955-02-01,153
CHN,1955-03-01,127
CHN,1955-04-01,110
CHN,1955-05-01,77
CHN,1955-06-01,66
CHN,1955-07-01,47
CHN,1955-08-01,50
CHN,1955-09-01,20
CHN,1955-10-01,27
CHN,1955-11-01,33
CHN,1955-12-01,35
CHN,1956-01-01,79
CHN,1956-02-01,51
CHN,1956-03-01,34
CHN,1956-04-01,40
CHN,1956-05-01,45
CHN,1956-06-01,34
CHN,1956-07-01,38
CHN,1956-08-01,46
CHN,1956-09-01,35
CHN,1956-10-01,16
CHN,1956-11-01,57
CHN,1956-12-01,30
CHN,1957-01-01,33
CHN,1957-02-01,25
CHN,1957-03-01,27
CHN,1957-04-01,30
CHN,1957-05-01,58
CHN,1957-06-01,56
CHN,1957-07-01,38
CHN,1957-08-01,26
CHN,1957-09-01,17
CHN,1957-10-01,33
CHN,1957-11-01,22
CHN,1957-12-01,21
CHN,1958-01-01,21
CHN,1958-02-01,28
CHN,1958-03-01,19
CHN,1958-04-01,25
CHN,1958-05-01,40
CHN,1958-06-01,19
CHN,1958-07-01,58
CHN,1958-08-01,114
CHN,1958-09-01,250
CHN,1958-10-01,126
CHN,1958-11-01,48
CHN,1958-12-01,24
CHN,1959-01-01,28
CHN,1959-02-01,14
CHN,1959-03-01,29
CHN,1959-04-01,29
CHN,1959-05-01,25
CHN,1959-06-01,23
CHN,1959-07-01,23
CHN,1959-08-01,57
CHN,1959-09-01,65
CHN,1959-10-01,53
CHN,1959-11-01,55
CHN,1959-12-01,29
CHN,1960-01-01,20
CHN,1960-02-01,24
CHN,1960-03-01,22
CHN,1960-04-01,43
CHN,1960-05-01,52
CHN,1960-06-01,81
CHN,1960-07-01,41
CHN,1960-08-01,52
CHN,1960-09-01,70
CHN,1960-10-01,67
CHN,1960-11-01,55
CHN,1960-12-01,47
CHN,1961-01-01,70
CHN,1961-02-01,34
CHN,1961-03-01,71
CHN,1961-04-01,60
CHN,1961-05-01,69
CHN,1961-06-01,57
CHN,1961-07-01,38
CHN,1961-08-01,39
CHN,1961-09-01,53
CHN,1961-10-01,48
CHN,1961-11-01,37
CHN,1961-12-01,64
CHN,1962-01-01,46
CHN,1962-02-01,47
CHN,1962-03-01,70
CHN,1962-04-01,43
CHN,1962-05-01,69
CHN,1962-06-01,61
CHN,1962-07-01,54
CHN,1962-08-01,23
CHN,1962-09-01,65
CHN,1962-10-01,130
CHN,1962-11-01,176
CHN,1962-12-01,105
CHN,1963-01-01,76
CHN,1963-02-01,40
CHN,1963-03-01,49
CHN,1963-04-01,60
CHN,1963-05-01,51
CHN,1963-06-01,67
CHN,1963-07-01,182
CHN,1963-08-01,145
CHN,1963-09-01,122
CHN,1963-10-01,72
CHN,1963-11-01,58
CHN,1963-12-01,69
CHN,1964-01-01,93
CHN,1964-02-01,60
CHN,1964-03-01,60
CHN,1964-04-01,69
CHN,1964-05-01,84
CHN,1964-06-01,113
CHN,1964-07-01,91
CHN,1964-08-01,131
CHN,1964-09-01,63
CHN,1964-10-01,145
CHN,1964-11-01,76
CHN,1964-12-01,84
CHN,1965-01-01,72
CHN,1965-02-01,118
CHN,1965-03-01,92
CHN,1965-04-01,110
CHN,1965-05-01,99
CHN,1965-06-01,104
CHN,1965-07-01,105
CHN,1965-08-01,102
CHN,1965-09-01,212
CHN,1965-10-01,102
CHN,1965-11-01,80
CHN,1965-12-01,114
CHN,1966-01-01,124
CHN,1966-02-01,133
CHN,1966-03-01,119
CHN,1966-04-01,96
CHN,1966-05-01,105
CHN,1966-06-01,81
CHN,1966-07-01,115
CHN,1966-08-01,93
CHN,1966-09-01,93
CHN,1966-10-01,90
CHN,1966-11-01,88
CHN,1966-12-01,100
CHN,1967-01-01,113
CHN,1967-02-01,96
CHN,1967-03-01,87
CHN,1967-04-01,89
CHN,1967-05-01,87
CHN,1967-06-01,125
CHN,1967-07-01,103
CHN,1967-08-01,135
CHN,1967-09-01,132
CHN,1967-10-01,117
CHN,1967-11-01,71
CHN,1967-12-01,81
CHN,1968-01-01,85
CHN,1968-02-01,94
CHN,1968-03-01,53
CHN,1968-04-01,51
CHN,1968-05-01,54
CHN,1968-06-01,60
CHN,1968-07-01,48
CHN,1968-08-01,37
CHN,1968-09-01,60
CHN,1968-10-01,40
CHN,1968-11-01,42
CHN,1968-12-01,26
CHN,1969-01-01,39
CHN,1969-02-01,47
CHN,1969-03-01,114
CHN,1969-04-01,69
CHN,1969-05-01,48
CHN,1969-06-01,46
CHN,1969-07-01,43
CHN,1969-08-01,68
CHN,1969-09-01,51
CHN,1969-10-01,44
CHN,1969-11-01,42
CHN,1969-12-01,41
CHN,1970-01-01,44
CHN,1970-02-01,47
CHN,1970-03-01,63
CHN,1970-04-01,61
CHN,1970-05-01,82
CHN,1970-06-01,40
CHN,1970-07-01,59
CHN,1970-08-01,37
CHN,1970-09-01,59
CHN,1970-10-01,46
CHN,1970-11-01,29
CHN,1970-12-01,33
CHN,1971-01-01,37
CHN,1971-02-01,64
CHN,1971-03-01,47
CHN,1971-04-01,55
CHN,1971-05-01,25
CHN,1971-06-01,53
CHN,1971-07-01,97
CHN,1971-08-01,70
CHN,1971-09-01,47
CHN,1971-10-01,54
CHN,1971-11-01,88
CHN,1971-12-01,99
CHN,1972-01-01,64
CHN,1972-02-01,83
CHN,1972-03-01,45
CHN,1972-04-01,70
CHN,1972-05-01,119
CHN,1972-06-01,86
CHN,1972-07-01,55
CHN,1972-08-01,36
CHN,1972-09-01,57
CHN,1972-10-01,49
CHN,1972-11-01,33
CHN,1972-12-01,34
CHN,1973-01-01,41
CHN,1973-02-01,32
CHN,1973-03-01,36
CHN,1973-04-01,45
CHN,1973-05-01,21
CHN,1973-06-01,26
CHN,1973-07-01,42
CHN,1973-08-01,35
CHN,1973-09-01,37
CHN,1973-10-01,71
CHN,1973-11-01,59
CHN,1973-12-01,19
CHN,1974-01-01,27
CHN,1974-02-01,23
CHN,1974-03-01,23
CHN,1974-04-01,25
CHN,1974-05-01,37
CHN,1974-06-01,33
CHN,1974-07-01,20
CHN,1974-08-01,34
CHN,1974-09-01,19
CHN,1974-10-01,17
CHN,1974-11-01,31
CHN,1974-12-01,25
CHN,1975-01-01,25
CHN,1975-02-01,40
CHN,1975-03-01,56
CHN,1975-04-01,57
CHN,1975-05-01,45
CHN,1975-06-01,36
CHN,1975-07-01,24
CHN,1975-08-01,45
CHN,1975-09-01,24
CHN,1975-10-01,25
CHN,1975-11-01,39
CHN,1975-12-01,39
CHN,1976-01-01,33
CHN,1976-02-01,24
CHN,1976-03-01,22
CHN,1976-04-01,31
CHN,1976-05-01,29
CHN,1976-06-01,27
CHN,1976-07-01,21
CHN,1976-08-01,31
CHN,1976-09-01,31
CHN,1976-10-01,44
CHN,1976-11-01,28
CHN,1976-12-01,26
CHN,1977-01-01,24
CHN,1977-02-01,23
CHN,1977-03-01,25
CHN,1977-04-01,31
CHN,1977-05-01,35
CHN,1977-06-01,22
CHN,1977-07-01,33
CHN,1977-08-01,42
CHN,1977-09-01,26
CHN,1977-10-01,14
CHN,1977-11-01,22
CHN,1977-12-01,24
CHN,1978-01-01,31
CHN,1978-02-01,23
CHN,1978-03-01,22
CHN,1978-04-01,21
CHN,1978-05-01,54
CHN,1978-06-01,76
CHN,1978-07-01,25
CHN,1978-08-01,20
CHN,1978-09-01,11
CHN,1978-10-01,15
CHN,1978-11-01,39
CHN,1978-12-01,75
CHN,1979-01-01,90
CHN,1979-02-01,133
CHN,1979-03-01,80
CHN,1979-04-01,45
CHN,1979-05-01,36
CHN,1979-06-01,46
CHN,1979-07-01,33
CHN,1979-08-01,35
CHN,1979-09-01,30
CHN,1979-10-01,42
CHN,1979-11-01,33
CHN,1979-12-01,39
CHN,1980-01-01,132
CHN,1980-02-01,45
CHN,1980-03-01,24
CHN,1980-04-01,25
CHN,1980-05-01,26
CHN,1980-06-01,41
CHN,1980-07-01,21
CHN,1980-08-01,36
CHN,1980-09-01,28
CHN,1980-10-01,53
CHN,1980-11-01,31
CHN,1980-12-01,26
CHN,1981-01-01,26
CHN,1981-02-01,27
CHN,1981-03-01,22
CHN,1981-04-01,38
CHN,1981-05-01,21
CHN,1981-06-01,50
CHN,1981-07-01,22
CHN,1981-08-01,13
CHN,1981-09-01,23
CHN,1981-10-01,22
CHN,1981-11-01,33
CHN,1981-12-01,17
CHN,1982-01-01,36
CHN,1982-02-01,19
CHN,1982-03-01,20
CHN,1982-04-01,26
CHN,1982-05-01,24
CHN,1982-06-01,19
CHN,1982-07-01,28
CHN,1982-08-01,21
CHN,1982-09-01,23
CHN,1982-10-01,24
CHN,1982-11-01,25
CHN,1982-12-01,22
CHN,1983-01-01,21
CHN,1983-02-01,19
CHN,1983-03-01,15
CHN,1983-04-01,35
CHN,1983-05-01,15
CHN,1983-06-01,15
CHN,1983-07-01,12
CHN,1983-08-01,18
CHN,1983-09-01,44
CHN,1983-10-01,23
CHN,1983-11-01,37
CHN,1983-12-01,16
CHN,1984-01-01,30
CHN,1984-02-01,19
CHN,1984-03-01,17
CHN,1984-04-01,38
CHN,1984-05-01,43
CHN,1984-06-01,29
CHN,1984-07-01,21
CHN,1984-08-01,11
CHN,1984-09-01,15
CHN,1984-10-01,21
CHN,1984-11-01,16
CHN,1984-12-01,20
CHN,1985-01-01,20
CHN,1985-02-01,20
CHN,1985-03-01,15
CHN,1985-04-01,23
CHN,1985-05-01,17
CHN,1985-06-01,12
CHN,1985-07-01,20
CHN,1985-08-01,18
CHN,1985-09-01,17
CHN,1985-10-01,19
CHN,1985-11-01,10
CHN,1985-12-01,26
CHN,1986-01-01,12
CHN,1986-02-01,11
CHN,1986-03-01,10
CHN,1986-04-01,17
CHN,1986-05-01,11
CHN,1986-06-01,10
CHN,1986-07-01,9
CHN,1986-08-01,17
CHN,1986-09-01,12
CHN,1986-10-01,27
CHN,1986-11-01,24
CHN,1986-12-01,15
CHN,1987-01-01,8
CHN,1987-02-01,9
CHN,1987-03-01,11
CHN,1987-04-01,16
CHN,1987-05-01,33
CHN,1987-06-01,38
CHN,1987-07-01,28
CHN,1987-08-01,24
CHN,1987-09-01,46
CHN,1987-10-01,28
CHN,1987-11-01,13
CHN,1987-12-01,24
CHN,1988-01-01,19
CHN,1988-02-01,14
CHN,1988-03-01,37
CHN,1988-04-01,38
CHN,1988-05-01,29
CHN,1988-06-01,14
CHN,1988-07-01,23
CHN,1988-08-01,16
CHN,1988-09-01,17
CHN,1988-10-01,18
CHN,1988-11-01,13
CHN,1988-12-01,16
CHN,1989-01-01,18
CHN,1989-02-01,17
CHN,1989-03-01,14
CHN,1989-04-01,16
CHN,1989-05-01,51
CHN,1989-06-01,101
CHN,1989-07-01,39
CHN,1989-08-01,22
CHN,1989-09-01,20
CHN,1989-10-01,21
CHN,1989-11-01,26
CHN,1989-12-01,47
CHN,1990-01-01,29
CHN,1990-02-01,25
CHN,1990-03-01,14
CHN,1990-04-01,18
CHN,1990-05-01,21
CHN,1990-06-01,14
CHN,1990-07-01,25
CHN,1990-08-01,58
CHN,1990-09-01,32
CHN,1990-10-01,31
CHN,1990-11-01,60
CHN,1990-12-01,25
CHN,1991-01-01,23
CHN,1991-02-01,28
CHN,1991-03-01,30
CHN,1991-04-01,33
CHN,1991-05-01,37
CHN,1991-06-01,41
CHN,1991-07-01,33
CHN,1991-08-01,22
CHN,1991-09-01,27
CHN,1991-10-01,30
CHN,1991-11-01,36
CHN,1991-12-01,32
CHN,1992-01-01,39
CHN,1992-02-01,39
CHN,1992-03-01,39
CHN,1992-04-01,22
CHN,1992-05-01,29
CHN,1992-06-01,21
CHN,1992-07-01,14
CHN,1992-08-01,22
CHN,1992-09-01,39
CHN,1992-10-01,19
CHN,1992-11-01,33
CHN,1992-12-01,20
CHN,1993-01-01,26
CHN,1993-02-01,20
CHN,1993-03-01,26
CHN,1993-04-01,27
CHN,1993-05-01,30
CHN,1993-06-01,24
CHN,1993-07-01,32
CHN,1993-08-01,33
CHN,1993-09-01,27
CHN,1993-10-01,33
CHN,1993-11-01,42
CHN,1993-12-01,27
CHN,1994-01-01,22
CHN,1994-02-01,24
CHN,1994-03-01,48
CHN,1994-04-01,40
CHN,1994-05-01,56
CHN,1994-06-01,53
CHN,1994-07-01,27
CHN,1994-08-01,18
CHN,1994-09-01,16
CHN,1994-10-01,38
CHN,1994-11-01,20
CHN,1994-12-01,12
CHN,1995-01-01,19
CHN,1995-02-01,22
CHN,1995-03-01,17
CHN,1995-04-01,26
CHN,1995-05-01,35
CHN,1995-06-01,25
CHN,1995-07-01,17
CHN,1995-08-01,19
CHN,1995-09-01,18
CHN,1995-10-01,24
CHN,1995-11-01,15
CHN,1995-12-01,23
CHN,1996-01-01,20
CHN,1996-02-01,41
CHN,1996-03-01,40
CHN,1996-04-01,33
CHN,1996-05-01,35
CHN,1996-06-01,31
CHN,1996-07-01,13
CHN,1996-08-01,17
CHN,1996-09-01,19
CHN,1996-10-01,14
CHN,1996-11-01,22
CHN,1996-12-01,16
CHN,1997-01-01,8
CHN,1997-02-01,15
CHN,1997-03-01,19
CHN,1997-04-01,22
CHN,1997-05-01,25
CHN,1997-06-01,16
CHN,1997-07-01,14
CHN,1997-08-01,11
CHN,1997-09-01,20
CHN,1997-10-01,33
CHN,1997-11-01,52
CHN,1997-12-01,18
CHN,1998-01-01,32
CHN,1998-02-01,30
CHN,1998-03-01,25
CHN,1998-04-01,19
CHN,1998-05-01,98
CHN,1998-06-01,77
CHN,1998-07-01,55
CHN,1998-08-01,34
CHN,1998-09-01,27
CHN,1998-10-01,25
CHN,1998-11-01,34
CHN,1998-12-01,41
CHN,1999-01-01,43
CHN,1999-02-01,22
CHN,1999-03-01,68
CHN,1999-04-01,53
CHN,1999-05-01,112
CHN,1999-06-01,66
CHN,1999-07-01,43
CHN,1999-08-01,34
CHN,1999-09-01,48
CHN,1999-10-01,51
CHN,1999-11-01,48
CHN,1999-12-01,58
CHN,2000-01-01,33
CHN,2000-02-01,31
CHN,2000-03-01,47
CHN,2000-04-01,25
CHN,2000-05-01,48
CHN,2000-06-01,58
CHN,2000-07-01,49
CHN,2000-08-01,27
CHN,2000-09-01,50
CHN,2000-10-01,29
CHN,2000-11-01,19
CHN,2000-12-01,22
CHN,2001-01-01,40
CHN,2001-02-01,32
CHN,2001-03-01,38
CHN,2001-04-01,50
CHN,2001-05-01,47
CHN,2001-06-01,36
CHN,2001-07-01,40
CHN,2001-08-01,25
CHN,2001-09-01,92
CHN,2001-10-01,72
CHN,2001-11-01,49
CHN,2001-12-01,53
CHN,2002-01-01,43
CHN,2002-02-01,43
CHN,2002-03-01,40
CHN,2002-04-01,19
CHN,2002-05-01,32
CHN,2002-06-01,21
CHN,2002-07-01,17
CHN,2002-08-01,27
CHN,2002-09-01,50
CHN,2002-10-01,82
CHN,2002-11-01,38
CHN,2002-12-01,56
CHN,2003-01-01,104
CHN,2003-02-01,91
CHN,2003-03-01,117
CHN,2003-04-01,122
CHN,2003-05-01,58
CHN,2003-06-01,60
CHN,2003-07-01,47
CHN,2003-08-01,53
CHN,2003-09-01,41
CHN,2003-10-01,44
CHN,2003-11-01,31
CHN,2003-12-01,60
CHN,2004-01-01,51
CHN,2004-02-01,45
CHN,2004-03-01,30
CHN,2004-04-01,63
CHN,2004-05-01,46
CHN,2004-06-01,53
CHN,2004-07-01,38
CHN,2004-08-01,23
CHN,2004-09-01,56
CHN,2004-10-01,49
CHN,2004-11-01,47
CHN,2004-12-01,38
CHN,2005-01-01,43
CHN,2005-02-01,67
CHN,2005-03-01,59
CHN,2005-04-01,39
CHN,2005-05-01,50
CHN,2005-06-01,50
CHN,2005-07-01,82
CHN,2005-08-01,48
CHN,2005-09-01,53
CHN,2005-10-01,37
CHN,2005-11-01,52
CHN,2005-12-01,24
CHN,2006-01-01,87
CHN,2006-02-01,44
CHN,2006-03-01,80
CHN,2006-04-01,63
CHN,2006-05-01,81
CHN,2006-06-01,71
CHN,2006-07-01,85
CHN,2006-08-01,49
CHN,2006-09-01,60
CHN,2006-10-01,134
CHN,2006-11-01,56
CHN,2006-12-01,56
CHN,2007-01-01,51
CHN,2007-02-01,70
CHN,2007-03-01,58
CHN,2007-04-01,46
CHN,2007-05-01,37
CHN,2007-06-01,42
CHN,2007-07-01,34
CHN,2007-08-01,27
CHN,2007-09-01,67
CHN,2007-10-01,63
CHN,2007-11-01,45
CHN,2007-12-01,40
CHN,2008-01-01,36
CHN,2008-02-01,33
CHN,2008-03-01,38
CHN,2008-04-01,30
CHN,2008-05-01,53
CHN,2008-06-01,32
CHN,2008-07-01,57
CHN,2008-08-01,44
CHN,2008-09-01,45
CHN,2008-10-01,28
CHN,2008-11-01,29
CHN,2008-12-01,25
CHN,2009-01-01,26
CHN,2009-02-01,33
CHN,2009-03-01,25
CHN,2009-04-01,42
CHN,2009-05-01,32
CHN,2009-06-01,42
CHN,2009-07-01,41
CHN,2009-08-01,34
CHN,2009-09-01,58
CHN,2009-10-01,45
CHN,2009-11-01,35
CHN,2009-12-01,40
CHN,2010-01-01,43
CHN,2010-02-01,50
CHN,2010-03-01,36
CHN,2010-04-01,56
CHN,2010-05-01,62
CHN,2010-06-01,39
CHN,2010-07-01,21
CHN,2010-08-01,33
CHN,2010-09-01,33
CHN,2010-10-01,31
CHN,2010-11-01,59
CHN,2010-12-01,47
CHN,2011-01-01,41
CHN,2011-02-01,29
CHN,2011-03-01,40
CHN,2011-04-01,23
CHN,2011-05-01,21
CHN,2011-06-01,32
CHN,2011-07-01,30
CHN,2011-08-01,31
CHN,2011-09-01,24
CHN,2011-10-01,32
CHN,2011-11-01,46
CHN,2011-12-01,50
CHN,2012-01-01,60
CHN,2012-02-01,68
CHN,2012-03-01,60
CHN,2012-04-01,78
CHN,2012-05-01,49
CHN,2012-06-01,45
CHN,2012-07-01,46
CHN,2012-08-01,39
CHN,2012-09-01,35
CHN,2012-10-01,32
CHN,2012-11-01,30
CHN,2012-12-01,26
CHN,2013-01-01,40
CHN,2013-02-01,43
CHN,2013-03-01,35
CHN,2013-04-01,50
CHN,2013-05-01,30
CHN,2013-06-01,40
CHN,2013-07-01,33
CHN,2013-08-01,25
CHN,2013-09-01,43
CHN,2013-10-01,40
CHN,2013-11-01,55
CHN,2013-12-01,35
CHN,2014-01-01,24
CHN,2014-02-01,33
CHN,2014-03-01,66
CHN,2014-04-01,33
CHN,2014-05-01,42
CHN,2014-06-01,22
CHN,2014-07-01,43
CHN,2014-08-01,21
CHN,2014-09-01,32
CHN,2014-10-01,22
CHN,2014-11-01,39
CHN,2014-12-01,22
CHN,2015-01-01,26
CHN,2015-02-01,32
CHN,2015-03-01,46
CHN,2015-04-01,37
CHN,2015-05-01,27
CHN,2015-06-01,30
CHN,2015-07-01,62
CHN,2015-08-01,39
CHN,2015-09-01,40
CHN,2015-10-01,27
CHN,2015-11-01,45
CHN,2015-12-01,38
CHN,2016-01-01,42
CHN,2016-02-01,38
CHN,2016-03-01,38
CHN,2016-04-01,27
CHN,2016-05-01,37
CHN,2016-06-01,20
CHN,2016-07-01,28
CHN,2016-08-01,20
CHN,2016-09-01,52
CHN,2016-10-01,19
CHN,2016-11-01,32
CHN,2016-12-01,42
CHN,2017-01-01,53
CHN,2017-02-01,57
CHN,2017-03-01,58
CHN,2017-04-01,75
CHN,2017-05-01,51
CHN,2017-06-01,43
CHN,2017-07-01,68
CHN,2017-08-01,85
CHN,2017-09-01,93
CHN,2017-10-01,49
CHN,2017-11-01,40
CHN,2017-12-01,45
CHN,2018-01-01,38
CHN,2018-02-01,25
CHN,2018-03-01,56
CHN,2018-04-01,47
CHN,2018-05-01,98
CHN,2018-06-01,59
CHN,2018-07-01,40
CHN,2018-08-01,44
CHN,2018-09-01,39
CHN,2018-10-01,50
CHN,2018-11-01,38
CHN,2018-12-01,35
CHN,2019-01-01,59
CHN,2019-02-01,61
CHN,2019-03-01,40
CHN,2019-04-01,27
CHN,2019-05-01,56
CHN,2019-06-01,63
CHN,2019-07-01,42
CHN,2019-08-01,74
CHN,2019-09-01,34
CHN,2019-10-01,36
CHN,2019-11-01,29
CHN,2019-12-01,35
CHN,2020-01-01,57
CHN,2020-02-01,63
CHN,2020-03-01,62
CHN,2020-04-01,61
CHN,2020-05-01,75
CHN,2020-06-01,45
CHN,2020-07-01,60
CHN,2020-08-01,39
CHN,2020-09-01,46
CHN,2020-10-01,19
CHN,2020-11-01,27
CHN,2020-12-01,31
IDN,1900-01-01,0
IDN,1900-02-01,0
IDN,1900-03-01,0
IDN,1900-04-01,0
IDN,1900-05-01,0
IDN,1900-06-01,0
IDN,1900-07-01,1
IDN,1900-08-01,0
IDN,1900-09-01,0
IDN,1900-10-01,0
IDN,1900-11-01,0
IDN,1900-12-01,0
IDN,1901-01-01,0
IDN,1901-02-01,0
IDN,1901-03-01,0
IDN,1901-04-01,0
IDN,1901-05-01,0
IDN,1901-06-01,0
IDN,1901-07-01,0
IDN,1901-08-01,0
IDN,1901-09-01,0
IDN,1901-10-01,0
IDN,1901-11-01,0
IDN,1901-12-01,0
IDN,1902-01-01,0
IDN,1902-02-01,0
IDN,1902-03-01,0
IDN,1902-04-01,0
IDN,1902-05-01,0
IDN,1902-06-01,1
IDN,1902-07-01,0
IDN,1902-08-01,0
IDN,1902-09-01,0
IDN,1902-10-01,0
IDN,1902-11-01,0
IDN,1902-12-01,0
IDN,1903-01-01,0
IDN,1903-02-01,0
IDN,1903-03-01,0
IDN,1903-04-01,0
IDN,1903-05-01,0
IDN,1903-06-01,0
IDN,1903-07-01,0
IDN,1903-08-01,0
IDN,1903-09-01,0
IDN,1903-10-01,0
IDN,1903-11-01,0
IDN,1903-12-01,1
IDN,1904-01-01,0
IDN,1904-02-01,1
IDN,1904-03-01,0
IDN,1904-04-01,0
IDN,1904-05-01,0
IDN,1904-06-01,0
IDN,1904-07-01,2
IDN,1904-08-01,0
IDN,1904-09-01,0
IDN,1904-10-01,0
IDN,1904-11-01,0
IDN,1904-12-01,0
IDN,1905-01-01,1
IDN,1905-02-01,0
IDN,1905-03-01,0
IDN,1905-04-01,2
IDN,1905-05-01,0
IDN,1905-06-01,2
IDN,1905-07-01,0
IDN,1905-08-01,1
IDN,1905-09-01,0
IDN,1905-10-01,0
IDN,1905-11-01,0
IDN,1905-12-01,0
IDN,1906-01-01,0
IDN,1906-02-01,0
IDN,1906-03-01,0
IDN,1906-04-01,0
IDN,1906-05-01,0
IDN,1906-06-01,0
IDN,1906-07-01,0
IDN,1906-08-01,0
IDN,1906-09-01,0
IDN,1906-10-01,0
IDN,1906-11-01,0
IDN,1906-12-01,0
IDN,1907-01-01,0
IDN,1907-02-01,0
IDN,1907-03-01,1
IDN,1907-04-01,0
IDN,1907-05-01,0
IDN,1907-06-01,0
IDN,1907-07-01,0
IDN,1907-08-01,0
IDN,1907-09-01,0
IDN,1907-10-01,0
IDN,1907-11-01,0
IDN,1907-12-01,0
IDN,1908-01-01,0
IDN,1908-02-01,0
IDN,1908-03-01,1
IDN,1908-04-01,0
IDN,1908-05-01,0
IDN,1908-06-01,1
IDN,1908-07-01,0
IDN,1908-08-01,0
IDN,1908-09-01,0
IDN,1908-10-01,0
IDN,1908-11-01,0
IDN,1908-12-01,0
IDN,1909-01-01,0
IDN,1909-02-01,0
IDN,1909-03-01,1
IDN,1909-04-01,0
IDN,1909-05-01,0
IDN,1909-06-01,0
IDN,1909-07-01,0
IDN,1909-08-01,2
IDN,1909-09-01,0
IDN,1909-10-01,0
IDN,1909-11-01,0
IDN,1909-12-01,0
IDN,1910-01-01,0
IDN,1910-02-01,0
IDN,1910-03-01,0
IDN,1910-04-01,0
IDN,1910-05-01,0
IDN,1910-06-01,0
IDN,1910-07-01,0
IDN,1910-08-01,0
IDN,1910-09-01,0
IDN,1910-10-01,0
IDN,1910-11-01,0
IDN,1910-12-01,0
IDN,1911-01-01,0
IDN,1911-02-01,0
IDN,1911-03-01,0
IDN,1911-04-01,0
IDN,1911-05-01,0
IDN,1911-06-01,0
IDN,1911-07-01,0
IDN,1911-08-01,1
IDN,1911-09-01,1
IDN,1911-10-01,0
IDN,1911-11-01,0
IDN,1911-12-01,1
IDN,1912-01-01,0
IDN,1912-02-01,1
IDN,1912-03-01,0
IDN,1912-04-01,0
IDN,1912-05-01,0
IDN,1912-06-01,0
IDN,1912-07-01,0
IDN,1912-08-01,0
IDN,1912-09-01,0
IDN,1912-10-01,0
IDN,1912-11-01,0
IDN,1912-12-01,0
IDN,1913-01-01,0
IDN,1913-02-01,0
IDN,1913-03-01,0
IDN,1913-04-01,0
IDN,1913-05-01,0
IDN,1913-06-01,0
IDN,1913-07-01,1
IDN,1913-08-01,0
IDN,1913-09-01,0
IDN,1913-10-01,0
IDN,1913-11-01,0
IDN,1913-12-01,0
IDN,1914-01-01,0
IDN,1914-02-01,0
IDN,1914-03-01,0
IDN,1914-04-01,0
IDN,1914-05-01,0
IDN,1914-06-01,0
IDN,1914-07-01,0
IDN,1914-08-01,0
IDN,1914-09-01,0
IDN,1914-10-01,0
IDN,1914-11-01,0
IDN,1914-12-01,0
IDN,1915-01-01,0
IDN,1915-02-01,0
IDN,1915-03-01,0
IDN,1915-04-01,0
IDN,1915-05-01,0
IDN,1915-06-01,0
IDN,1915-07-01,0
IDN,1915-08-01,1
IDN,1915-09-01,0
IDN,1915-10-01,0
IDN,1915-11-01,0
IDN,1915-12-01,0
IDN,1916-01-01,0
IDN,1916-02-01,1
IDN,1916-03-01,0
IDN,1916-04-01,2
IDN,1916-05-01,0
IDN,1916-06-01,0
IDN,1916-07-01,0
IDN,1916-08-01,0
IDN,1916-09-01,1
IDN,1916-10-01,0
IDN,1916-11-01,1
IDN,1916-12-01,1
IDN,1917-01-01,0
IDN,1917-02-01,0
IDN,1917-03-01,0
IDN,1917-04-01,0
IDN,1917-05-01,0
IDN,1917-06-01,0
IDN,1917-07-01,0
IDN,1917-08-01,0
IDN,1917-09-01,0
IDN,1917-10-01,1
IDN,1917-11-01,0
IDN,1917-12-01,0
IDN,1918-01-01,0
IDN,1918-02-01,0
IDN,1918-03-01,0
IDN,1918-04-01,0
IDN,1918-05-01,0
IDN,1918-06-01,0
IDN,1918-07-01,1
IDN,1918-08-01,1
IDN,1918-09-01,0
IDN,1918-10-01,0
IDN,1918-11-01,0
IDN,1918-12-01,0
IDN,1919-01-01,0
IDN,1919-02-01,0
IDN,1919-03-01,1
IDN,1919-04-01,0
IDN,1919-05-01,1
IDN,1919-06-01,1
IDN,1919-07-01,0
IDN,1919-08-01,1
IDN,1919-09-01,1
IDN,1919-10-01,0
IDN,1919-11-01,0
IDN,1919-12-01,0
IDN,1920-01-01,0
IDN,1920-02-01,0
IDN,1920-03-01,0
IDN,1920-04-01,0
IDN,1920-05-01,0
IDN,1920-06-01,0
IDN,1920-07-01,0
IDN,1920-08-01,0
IDN,1920-09-01,0
IDN,1920-10-01,0
IDN,1920-11-01,0
IDN,1920-12-01,0
IDN,1921-01-01,0
IDN,1921-02-01,0
IDN,1921-03-01,0
IDN,1921-04-01,0
IDN,1921-05-01,0
IDN,1921-06-01,0
IDN,1921-07-01,0
IDN,1921-08-01,0
IDN,1921-09-01,0
IDN,1921-10-01,0
IDN,1921-11-01,0
IDN,1921-12-01,0
IDN,1922-01-01,0
IDN,1922-02-01,0
IDN,1922-03-01,0
IDN,1922-04-01,0
IDN,1922-05-01,0
IDN,1922-06-01,0
IDN,1922-07-01,0
IDN,1922-08-01,0
IDN,1922-09-01,0
IDN,1922-10-01,0
IDN,1922-11-01,0
IDN,1922-12-01,0
IDN,1923-01-01,0
IDN,1923-02-01,0
IDN,1923-03-01,0
IDN,1923-04-01,0
IDN,1923-05-01,0
IDN,1923-06-01,0
IDN,1923-07-01,0
IDN,1923-08-01,0
IDN,1923-09-01,0
IDN,1923-10-01,0
IDN,1923-11-01,0
IDN,1923-12-01,0
IDN,1924-01-01,0
IDN,1924-02-01,0
IDN,1924-03-01,1
IDN,1924-04-01,0
IDN,1924-05-01,0
IDN,1924-06-01,0
IDN,1924-07-01,0
IDN,1924-08-01,0
IDN,1924-09-01,0
IDN,1924-10-01,0
IDN,1924-11-01,0
IDN,1924-12-01,0
IDN,1925-01-01,0
IDN,1925-02-01,0
IDN,1925-03-01,0
IDN,1925-04-01,0
IDN,1925-05-01,0
IDN,1925-06-01,0
IDN,1925-07-01,0
IDN,1925-08-01,0
IDN,1925-09-01,0
IDN,1925-10-01,0
IDN,1925-11-01,0
IDN,1925-12-01,1
IDN,1926-01-01,0
IDN,1926-02-01,0
IDN,1926-03-01,0
IDN,1926-04-01,0
IDN,1926-05-01,0
IDN,1926-06-01,0
IDN,1926-07-01,0
IDN,1926-08-01,0
IDN,1926-09-01,0
IDN,1926-10-01,0
IDN,1926-11-01,4
IDN,1926-12-01,1
IDN,1927-01-01,0
IDN,1927-02-01,0
IDN,1927-03-01,0
IDN,1927-04-01,0
IDN,1927-05-01,0
IDN,1927-06-01,0
IDN,1927-07-01,0
IDN,1927-08-01,0
IDN,1927-09-01,0
IDN,1927-10-01,0
IDN,1927-11-01,0
IDN,1927-12-01,0
IDN,1928-01-01,0
IDN,1928-02-01,0
IDN,1928-03-01,1
IDN,1928-04-01,0
IDN,1928-05-01,0
IDN,1928-06-01,1
IDN,1928-07-01,0
IDN,1928-08-01,0
IDN,1928-09-01,0
IDN,1928-10-01,0
IDN,1928-11-01,1
IDN,1928-12-01,0
IDN,1929-01-01,0
IDN,1929-02-01,0
IDN,1929-03-01,0
IDN,1929-04-01,1
IDN,1929-05-01,0
IDN,1929-06-01,0
IDN,1929-07-01,1
IDN,1929-08-01,0
IDN,1929-09-01,1
IDN,1929-10-01,0
IDN,1929-11-01,0
IDN,1929-12-01,0
IDN,1930-01-01,0
IDN,1930-02-01,0
IDN,1930-03-01,0
IDN,1930-04-01,2
IDN,1930-05-01,0
IDN,1930-06-01,1
IDN,1930-07-01,0
IDN,1930-08-01,0
IDN,1930-09-01,0
IDN,1930-10-01,0
IDN,1930-11-01,0
IDN,1930-12-01,0
IDN,1931-01-01,0
IDN,1931-02-01,0
IDN,1931-03-01,0
IDN,1931-04-01,0
IDN,1931-05-01,0
IDN,1931-06-01,0
IDN,1931-07-01,0
IDN,1931-08-01,0
IDN,1931-09-01,0
IDN,1931-10-01,0
IDN,1931-11-01,0
IDN,1931-12-01,0
IDN,1932-01-01,2
IDN,1932-02-01,2
IDN,1932-03-01,0
IDN,1932-04-01,0
IDN,1932-05-01,0
IDN,1932-06-01,0
IDN,1932-07-01,0
IDN,1932-08-01,0
IDN,1932-09-01,0
IDN,1932-10-01,0
IDN,1932-11-01,0
IDN,1932-12-01,0
IDN,1933-01-01,0
IDN,1933-02-01,1
IDN,1933-03-01,1
IDN,1933-04-01,0
IDN,1933-05-01,0
IDN,1933-06-01,0
IDN,1933-07-01,0
IDN,1933-08-01,0
IDN,1933-09-01,0
IDN,1933-10-01,0
IDN,1933-11-01,0
IDN,1933-12-01,0
IDN,1934-01-01,0
IDN,1934-02-01,0
IDN,1934-03-01,0
IDN,1934-04-01,0
IDN,1934-05-01,0
IDN,1934-06-01,0
IDN,1934-07-01,1
IDN,1934-08-01,0
IDN,1934-09-01,0
IDN,1934-10-01,1
IDN,1934-11-01,0
IDN,1934-12-01,0
IDN,1935-01-01,0
IDN,1935-02-01,0
IDN,1935-03-01,0
IDN,1935-04-01,0
IDN,1935-05-01,0
IDN,1935-06-01,0
IDN,1935-07-01,0
IDN,1935-08-01,0
IDN,1935-09-01,0
IDN,1935-10-01,0
IDN,1935-11-01,0
IDN,1935-12-01,1
IDN,1936-01-01,0
IDN,1936-02-01,0
IDN,1936-03-01,0
IDN,1936-04-01,0
IDN,1936-05-01,0
IDN,1936-06-01,0
IDN,1936-07-01,0
IDN,1936-08-01,0
IDN,1936-09-01,0
IDN,1936-10-01,0
IDN,1936-11-01,0
IDN,1936-12-01,0
IDN,1937-01-01,1
IDN,1937-02-01,3
IDN,1937-03-01,1
IDN,1937-04-01,2
IDN,1937-05-01,0
IDN,1937-06-01,0
IDN,1937-07-01,2
IDN,1937-08-01,0
IDN,1937-09-01,1
IDN,1937-10-01,2
IDN,1937-11-01,1
IDN,1937-12-01,0
IDN,1938-01-01,3
IDN,1938-02-01,2
IDN,1938-03-01,2
IDN,1938-04-01,3
IDN,1938-05-01,3
IDN,1938-06-01,0
IDN,1938-07-01,1
IDN,1938-08-01,1
IDN,1938-09-01,4
IDN,1938-10-01,0
IDN,1938-11-01,1
IDN,1938-12-01,1
IDN,1939-01-01,3
IDN,1939-02-01,0
IDN,1939-03-01,3
IDN,1939-04-01,4
IDN,1939-05-01,2
IDN,1939-06-01,2
IDN,1939-07-01,1
IDN,1939-08-01,0
IDN,1939-09-01,2
IDN,1939-10-01,0
IDN,1939-11-01,1
IDN,1939-12-01,3
IDN,1940-01-01,1
IDN,1940-02-01,1
IDN,1940-03-01,0
IDN,1940-04-01,3
IDN,1940-05-01,7
IDN,1940-06-01,3
IDN,1940-07-01,2
IDN,1940-08-01,4
IDN,1940-09-01,2
IDN,1940-10-01,2
IDN,1940-11-01,1
IDN,1940-12-01,0
IDN,1941-01-01,0
IDN,1941-02-01,7
IDN,1941-03-01,1
IDN,1941-04-01,0
IDN,1941-05-01,2
IDN,1941-06-01,11
IDN,1941-07-01,4
IDN,1941-08-01,4
IDN,1941-09-01,0
IDN,1941-10-01,0
IDN,1941-11-01,2
IDN,1941-12-01,54
IDN,1942-01-01,55
IDN,1942-02-01,87
IDN,1942-03-01,37
IDN,1942-04-01,1
IDN,1942-05-01,0
IDN,1942-06-01,3
IDN,1942-07-01,0
IDN,1942-08-01,1
IDN,1942-09-01,1
IDN,1942-10-01,0
IDN,1942-11-01,0
IDN,1942-12-01,3
IDN,1943-01-01,0
IDN,1943-02-01,2
IDN,1943-03-01,0
IDN,1943-04-01,0
IDN,1943-05-01,0
IDN,1943-06-01,1
IDN,1943-07-01,1
IDN,1943-08-01,2
IDN,1943-09-01,0
IDN,1943-10-01,1
IDN,1943-11-01,0
IDN,1943-12-01,0
IDN,1944-01-01,0
IDN,1944-02-01,1
IDN,1944-03-01,2
IDN,1944-04-01,0
IDN,1944-05-01,0
IDN,1944-06-01,0
IDN,1944-07-01,0
IDN,1944-08-01,2
IDN,1944-09-01,3
IDN,1944-10-01,1
IDN,1944-11-01,1
IDN,1944-12-01,0
IDN,1945-01-01,0
IDN,1945-02-01,2
IDN,1945-03-01,1
IDN,1945-04-01,0
IDN,1945-05-01,0
IDN,1945-06-01,1
IDN,1945-07-01,8
IDN,1945-08-01,1
IDN,1945-09-01,9
IDN,1945-10-01,25
IDN,1945-11-01,40
IDN,1945-12-01,17
IDN,1946-01-01,21
IDN,1946-02-01,29
IDN,1946-03-01,12
IDN,1946-04-01,7
IDN,1946-05-01,5
IDN,1946-06-01,9
IDN,1946-07-01,10
IDN,1946-08-01,5
IDN,1946-09-01,9
IDN,1946-10-01,3
IDN,1946-11-01,4
IDN,1946-12-01,4
IDN,1947-01-01,2
IDN,1947-02-01,6
IDN,1947-03-01,8
IDN,1947-04-01,2
IDN,1947-05-01,3
IDN,1947-06-01,9
IDN,1947-07-01,57
IDN,1947-08-01,56
IDN,1947-09-01,11
IDN,1947-10-01,14
IDN,1947-11-01,2
IDN,1947-12-01,5
IDN,1948-01-01,8
IDN,1948-02-01,2
IDN,1948-03-01,1
IDN,1948-04-01,2
IDN,1948-05-01,2
IDN,1948-06-01,7
IDN,1948-07-01,7
IDN,1948-08-01,1
IDN,1948-09-01,15
IDN,1948-10-01,8
IDN,1948-11-01,4
IDN,1948-12-01,41
IDN,1949-01-01,39
IDN,1949-02-01,6
IDN,1949-03-01,11
IDN,1949-04-01,11
IDN,1949-05-01,11
IDN,1949-06-01,3
IDN,1949-07-01,5
IDN,1949-08-01,7
IDN,1949-09-01,4
IDN,1949-10-01,8
IDN,1949-11-01,3
IDN,1949-12-01,10
IDN,1950-01-01,22
IDN,1950-02-01,9
IDN,1950-03-01,5
IDN,1950-04-01,16
IDN,1950-05-01,13
IDN,1950-06-01,7
IDN,1950-07-01,15
IDN,1950-08-01,15
IDN,1950-09-01,10
IDN,1950-10-01,13
IDN,1950-11-01,3
IDN,1950-12-01,13
IDN,1951-01-01,15
IDN,1951-02-01,8
IDN,1951-03-01,2
IDN,1951-04-01,1
IDN,1951-05-01,22
IDN,1951-06-01,4
IDN,1951-07-01,7
IDN,1951-08-01,4
IDN,1951-09-01,5
IDN,1951-10-01,5
IDN,1951-11-01,5
IDN,1951-12-01,4
IDN,1952-01-01,16
IDN,1952-02-01,7
IDN,1952-03-01,5
IDN,1952-04-01,9
IDN,1952-05-01,2
IDN,1952-06-01,7
IDN,1952-07-01,3
IDN,1952-08-01,7
IDN,1952-09-01,3
IDN,1952-10-01,4
IDN,1952-11-01,5
IDN,1952-12-01,1
IDN,1953-01-01,6
IDN,1953-02-01,7
IDN,1953-03-01,12
IDN,1953-04-01,7
IDN,1953-05-01,8
IDN,1953-06-01,3
IDN,1953-07-01,5
IDN,1953-08-01,7
IDN,1953-09-01,17
IDN,1953-10-01,8
IDN,1953-11-01,2
IDN,1953-12-01,1
IDN,1954-01-01,3
IDN,1954-02-01,9
IDN,1954-03-01,5
IDN,1954-04-01,13
IDN,1954-05-01,18
IDN,1954-06-01,5
IDN,1954-07-01,12
IDN,1954-08-01,3
IDN,1954-09-01,10
IDN,1954-10-01,4
IDN,1954-11-01,8
IDN,1954-12-01,15
IDN,1955-01-01,8
IDN,1955-02-01,9
IDN,1955-03-01,13
IDN,1955-04-01,25
IDN,1955-05-01,7
IDN,1955-06-01,7
IDN,1955-07-01,5
IDN,1955-08-01,3
IDN,1955-09-01,3
IDN,1955-10-01,3
IDN,1955-11-01,3
IDN,1955-12-01,4
IDN,1956-01-01,10
IDN,1956-02-01,8
IDN,1956-03-01,2
IDN,1956-04-01,5
IDN,1956-05-01,9
IDN,1956-06-01,5
IDN,1956-07-01,6
IDN,1956-08-01,21
IDN,1956-09-01,15
IDN,1956-10-01,10
IDN,1956-11-01,23
IDN,1956-12-01,8
IDN,1957-01-01,15
IDN,1957-02-01,10
IDN,1957-03-01,20
IDN,1957-04-01,10
IDN,1957-05-01,8
IDN,1957-06-01,1
IDN,1957-07-01,2
IDN,1957-08-01,9
IDN,1957-09-01,2
IDN,1957-10-01,10
IDN,1957-11-01,14
IDN,1957-12-01,29
IDN,1958-01-01,12
IDN,1958-02-01,42
IDN,1958-03-01,73
IDN,1958-04-01,53
IDN,1958-05-01,44
IDN,1958-06-01,26
IDN,1958-07-01,20
IDN,1958-08-01,16
IDN,1958-09-01,9
IDN,1958-10-01,6
IDN,1958-11-01,6
IDN,1958-12-01,6
IDN,1959-01-01,5
IDN,1959-02-01,5
IDN,1959-03-01,9
IDN,1959-04-01,3
IDN,1959-05-01,6
IDN,1959-06-01,2
IDN,1959-07-01,3
IDN,1959-08-01,5
IDN,1959-09-01,2
IDN,1959-10-01,7
IDN,1959-11-01,6
IDN,1959-12-01,4
IDN,1960-01-01,2
IDN,1960-02-01,6
IDN,1960-03-01,7
IDN,1960-04-01,10
IDN,1960-05-01,8
IDN,1960-06-01,8
IDN,1960-07-01,7
IDN,1960-08-01,10
IDN,1960-09-01,14
IDN,1960-10-01,12
IDN,1960-11-01,4
IDN,1960-12-01,11
IDN,1961-01-01,11
IDN,1961-02-01,4
IDN,1961-03-01,5
IDN,1961-04-01,12
IDN,1961-05-01,3
IDN,1961-06-01,4
IDN,1961-07-01,4
IDN,1961-08-01,3
IDN,1961-09-01,35
IDN,1961-10-01,9
IDN,1961-11-01,6
IDN,1961-12-01,33
IDN,1962-01-01,36
IDN,1962-02-01,12
IDN,1962-03-01,11
IDN,1962-04-01,8
IDN,1962-05-01,22
IDN,1962-06-01,12
IDN,1962-07-01,2
IDN,1962-08-01,11
IDN,1962-09-01,16
IDN,1962-10-01,13
IDN,1962-11-01,14
IDN,1962-12-01,26
IDN,1963-01-01,16
IDN,1963-02-01,9
IDN,1963-03-01,13
IDN,1963-04-01,10
IDN,1963-05-01,17
IDN,1963-06-01,8
IDN,1963-07-01,11
IDN,1963-08-01,15
IDN,1963-09-01,35
IDN,1963-10-01,18
IDN,1963-11-01,19
IDN,1963-12-01,18
IDN,1964-01-01,27
IDN,1964-02-01,17
IDN,1964-03-01,21
IDN,1964-04-01,16
IDN,1964-05-01,14
IDN,1964-06-01,24
IDN,1964-07-01,18
IDN,1964-08-01,10
IDN,1964-09-01,25
IDN,1964-10-01,36
IDN,1964-11-01,15
IDN,1964-12-01,21
IDN,1965-01-01,50
IDN,1965-02-01,18
IDN,1965-03-01,16
IDN,1965-04-01,10
IDN,1965-05-01,7
IDN,1965-06-01,8
IDN,1965-07-01,7
IDN,1965-08-01,18
IDN,1965-09-01,22
IDN,1965-10-01,48
IDN,1965-11-01,23
IDN,1965-12-01,14
IDN,1966-01-01,11
IDN,1966-02-01,12
IDN,1966-03-01,24
IDN,1966-04-01,9
IDN,1966-05-01,9
IDN,1966-06-01,10
IDN,1966-07-01,11
IDN,1966-08-01,6
IDN,1966-09-01,6
IDN,1966-10-01,10
IDN,1966-11-01,9
IDN,1966-12-01,4
IDN,1967-01-01,7
IDN,1967-02-01,6
IDN,1967-03-01,5
IDN,1967-04-01,7
IDN,1967-05-01,5
IDN,1967-06-01,11
IDN,1967-07-01,9
IDN,1967-08-01,5
IDN,1967-09-01,4
IDN,1967-10-01,14
IDN,1967-11-01,6
IDN,1967-12-01,6
IDN,1968-01-01,5
IDN,1968-02-01,5
IDN,1968-03-01,4
IDN,1968-04-01,9
IDN,1968-05-01,4
IDN,1968-06-01,3
IDN,1968-07-01,3
IDN,1968-08-01,7
IDN,1968-09-01,4
IDN,1968-10-01,3
IDN,1968-11-01,3
IDN,1968-12-01,3
IDN,1969-01-01,5
IDN,1969-02-01,2
IDN,1969-03-01,2
IDN,1969-04-01,2
IDN,1969-05-01,7
IDN,1969-06-01,1
IDN,1969-07-01,8
IDN,1969-08-01,10
IDN,1969-09-01,1
IDN,1969-10-01,0
IDN,1969-11-01,1
IDN,1969-12-01,4
IDN,1970-01-01,1
IDN,1970-02-01,0
IDN,1970-03-01,2
IDN,1970-04-01,12
IDN,1970-05-01,13
IDN,1970-06-01,1
IDN,1970-07-01,4
IDN,1970-08-01,3
IDN,1970-09-01,7
IDN,1970-10-01,2
IDN,1970-11-01,1
IDN,1970-12-01,2
IDN,1971-01-01,2
IDN,1971-02-01,2
IDN,1971-03-01,1
IDN,1971-04-01,0
IDN,1971-05-01,2
IDN,1971-06-01,3
IDN,1971-07-01,10
IDN,1971-08-01,3
IDN,1971-09-01,3
IDN,1971-10-01,1
IDN,1971-11-01,6
IDN,1971-12-01,4
IDN,1972-01-01,2
IDN,1972-02-01,3
IDN,1972-03-01,3
IDN,1972-04-01,4
IDN,1972-05-01,2
IDN,1972-06-01,2
IDN,1972-07-01,1
IDN,1972-08-01,2
IDN,1972-09-01,1
IDN,1972-10-01,1
IDN,1972-11-01,5
IDN,1972-12-01,8
IDN,1973-01-01,13
IDN,1973-02-01,9
IDN,1973-03-01,14
IDN,1973-04-01,9
IDN,1973-05-01,3
IDN,1973-06-01,4
IDN,1973-07-01,1
IDN,1973-08-01,2
IDN,1973-09-01,3
IDN,1973-10-01,10
IDN,1973-11-01,3
IDN,1973-12-01,5
IDN,1974-01-01,13
IDN,1974-02-01,1
IDN,1974-03-01,5
IDN,1974-04-01,2
IDN,1974-05-01,3
IDN,1974-06-01,4
IDN,1974-07-01,2
IDN,1974-08-01,0
IDN,1974-09-01,2
IDN,1974-10-01,3
IDN,1974-11-01,0
IDN,1974-12-01,0
IDN,1975-01-01,3
IDN,1975-02-01,1
IDN,1975-03-01,14
IDN,1975-04-01,8
IDN,1975-05-01,4
IDN,1975-06-01,1
IDN,1975-07-01,6
IDN,1975-08-01,7
IDN,1975-09-01,7
IDN,1975-10-01,8
IDN,1975-11-01,5
IDN,1975-12-01,35
IDN,1976-01-01,4
IDN,1976-02-01,2
IDN,1976-03-01,1
IDN,1976-04-01,3
IDN,1976-05-01,3
IDN,1976-06-01,1
IDN,1976-07-01,3
IDN,1976-08-01,5
IDN,1976-09-01,1
IDN,1976-10-01,4
IDN,1976-11-01,1
IDN,1976-12-01,7
IDN,1977-01-01,5
IDN,1977-02-01,2
IDN,1977-03-01,5
IDN,1977-04-01,2
IDN,1977-05-01,22
IDN,1977-06-01,17
IDN,1977-07-01,1
IDN,1977-08-01,5
IDN,1977-09-01,3
IDN,1977-10-01,2
IDN,1977-11-01,1
IDN,1977-12-01,1
IDN,1978-01-01,5
IDN,1978-02-01,0
IDN,1978-03-01,7
IDN,1978-04-01,3
IDN,1978-05-01,1
IDN,1978-06-01,1
IDN,1978-07-01,11
IDN,1978-08-01,1
IDN,1978-09-01,0
IDN,1978-10-01,5
IDN,1978-11-01,4
IDN,1978-12-01,2
IDN,1979-01-01,5
IDN,1979-02-01,3
IDN,1979-03-01,4
IDN,1979-04-01,3
IDN,1979-05-01,2
IDN,1979-06-01,5
IDN,1979-07-01,8
IDN,1979-08-01,3
IDN,1979-09-01,4
IDN,1979-10-01,2
IDN,1979-11-01,4
IDN,1979-12-01,1
IDN,1980-01-01,6
IDN,1980-02-01,5
IDN,1980-03-01,1
IDN,1980-04-01,4
IDN,1980-05-01,6
IDN,1980-06-01,10
IDN,1980-07-01,0
IDN,1980-08-01,4
IDN,1980-09-01,2
IDN,1980-10-01,3
IDN,1980-11-01,8
IDN,1980-12-01,13
IDN,1981-01-01,2
IDN,1981-02-01,6
IDN,1981-03-01,8
IDN,1981-04-01,4
IDN,1981-05-01,2
IDN,1981-06-01,4
IDN,1981-07-01,2
IDN,1981-08-01,4
IDN,1981-09-01,1
IDN,1981-10-01,0
IDN,1981-11-01,1
IDN,1981-12-01,3
IDN,1982-01-01,0
IDN,1982-02-01,1
IDN,1982-03-01,3
IDN,1982-04-01,2
IDN,1982-05-01,0
IDN,1982-06-01,0
IDN,1982-07-01,1
IDN,1982-08-01,0
IDN,1982-09-01,1
IDN,1982-10-01,4
IDN,1982-11-01,5
IDN,1982-12-01,4
IDN,1983-01-01,3
IDN,1983-02-01,2
IDN,1983-03-01,5
IDN,1983-04-01,1
IDN,1983-05-01,0
IDN,1983-06-01,5
IDN,1983-07-01,2
IDN,1983-08-01,3
IDN,1983-09-01,4
IDN,1983-10-01,2
IDN,1983-11-01,4
IDN,1983-12-01,6
IDN,1984-01-01,0
IDN,1984-02-01,3
IDN,1984-03-01,1
IDN,1984-04-01,3
IDN,1984-05-01,3
IDN,1984-06-01,0
IDN,1984-07-01,8
IDN,1984-08-01,2
IDN,1984-09-01,3
IDN,1984-10-01,1
IDN,1984-11-01,2
IDN,1984-12-01,2
IDN,1985-01-01,1
IDN,1985-02-01,5
IDN,1985-03-01,0
IDN,1985-04-01,2
IDN,1985-05-01,2
IDN,1985-06-01,1
IDN,1985-07-01,2
IDN,1985-08-01,1
IDN,1985-09-01,2
IDN,1985-10-01,0
IDN,1985-11-01,1
IDN,1985-12-01,0
IDN,1986-01-01,1
IDN,1986-02-01,5
IDN,1986-03-01,0
IDN,1986-04-01,10
IDN,1986-05-01,7
IDN,1986-06-01,0
IDN,1986-07-01,3
IDN,1986-08-01,4
IDN,1986-09-01,9
IDN,1986-10-01,1
IDN,1986-11-01,3
IDN,1986-12-01,1
IDN,1987-01-01,0
IDN,1987-02-01,1
IDN,1987-03-01,0
IDN,1987-04-01,4
IDN,1987-05-01,3
IDN,1987-06-01,1
IDN,1987-07-01,2
IDN,1987-08-01,4
IDN,1987-09-01,2
IDN,1987-10-01,1
IDN,1987-11-01,3
IDN,1987-12-01,9
IDN,1988-01-01,1
IDN,1988-02-01,0
IDN,1988-03-01,0
IDN,1988-04-01,1
IDN,1988-05-01,1
IDN,1988-06-01,0
IDN,1988-07-01,16
IDN,1988-08-01,1
IDN,1988-09-01,3
IDN,1988-10-01,2
IDN,1988-11-01,2
IDN,1988-12-01,0
IDN,1989-01-01,2
IDN,1989-02-01,3
IDN,1989-03-01,1
IDN,1989-04-01,4
IDN,1989-05-01,2
IDN,1989-06-01,1
IDN,1989-07-01,4
IDN,1989-08-01,5
IDN,1989-09-01,3
IDN,1989-10-01,1
IDN,1989-11-01,2
IDN,1989-12-01,1
IDN,1990-01-01,2
IDN,1990-02-01,4
IDN,1990-03-01,1
IDN,1990-04-01,0
IDN,1990-05-01,1
IDN,1990-06-01,2
IDN,1990-07-01,7
IDN,1990-08-01,14
IDN,1990-09-01,3
IDN,1990-10-01,3
IDN,1990-11-01,1
IDN,1990-12-01,3
IDN,1991-01-01,4
IDN,1991-02-01,9
IDN,1991-03-01,1
IDN,1991-04-01,1
IDN,1991-05-01,0
IDN,1991-06-01,4
IDN,1991-07-01,1
IDN,1991-08-01,1
IDN,1991-09-01,2
IDN,1991-10-01,1
IDN,1991-11-01,3
IDN,1991-12-01,3
IDN,1992-01-01,2
IDN,1992-02-01,1
IDN,1992-03-01,4
IDN,1992-04-01,1
IDN,1992-05-01,2
IDN,1992-06-01,1
IDN,1992-07-01,1
IDN,1992-08-01,1
IDN,1992-09-01,2
IDN,1992-10-01,1
IDN,1992-11-01,6
IDN,1992-12-01,5
IDN,1993-01-01,3
IDN,1993-02-01,1
IDN,1993-03-01,1
IDN,1993-04-01,1
IDN,1993-05-01,3
IDN,1993-06-01,4
IDN,1993-07-01,5
IDN,1993-08-01,1
IDN,1993-09-01,0
IDN,1993-10-01,0
IDN,1993-11-01,3
IDN,1993-12-01,1
IDN,1994-01-01,2
IDN,1994-02-01,1
IDN,1994-03-01,1
IDN,1994-04-01,3
IDN,1994-05-01,2
IDN,1994-06-01,2
IDN,1994-07-01,4
IDN,1994-08-01,2
IDN,1994-09-01,1
IDN,1994-10-01,2
IDN,1994-11-01,15
IDN,1994-12-01,2
IDN,1995-01-01,3
IDN,1995-02-01,0
IDN,1995-03-01,2
IDN,1995-04-01,9
IDN,1995-05-01,6
IDN,1995-06-01,0
IDN,1995-07-01,1
IDN,1995-08-01,3
IDN,1995-09-01,1
IDN,1995-10-01,0
IDN,1995-11-01,2
IDN,1995-12-01,6
IDN,1996-01-01,2
IDN,1996-02-01,0
IDN,1996-03-01,0
IDN,1996-04-01,1
IDN,1996-05-01,0
IDN,1996-06-01,1
IDN,1996-07-01,8
IDN,1996-08-01,4
IDN,1996-09-01,0
IDN,1996-10-01,6
IDN,1996-11-01,6
IDN,1996-12-01,0
IDN,1997-01-01,2
IDN,1997-02-01,4
IDN,1997-03-01,3
IDN,1997-04-01,2
IDN,1997-05-01,5
IDN,1997-06-01,4
IDN,1997-07-01,1
IDN,1997-08-01,2
IDN,1997-09-01,3
IDN,1997-10-01,1
IDN,1997-11-01,2
IDN,1997-12-01,3
IDN,1998-01-01,4
IDN,1998-02-01,7
IDN,1998-03-01,8
IDN,1998-04-01,1
IDN,1998-05-01,24
IDN,1998-06-01,9
IDN,1998-07-01,15
IDN,1998-08-01,10
IDN,1998-09-01,8
IDN,1998-10-01,2
IDN,1998-11-01,7
IDN,1998-12-01,4
IDN,1999-01-01,8
IDN,1999-02-01,5
IDN,1999-03-01,2
IDN,1999-04-01,6
IDN,1999-05-01,5
IDN,1999-06-01,5
IDN,1999-07-01,8
IDN,1999-08-01,9
IDN,1999-09-01,52
IDN,1999-10-01,20
IDN,1999-11-01,12
IDN,1999-12-01,8
IDN,2000-01-01,11
IDN,2000-02-01,10
IDN,2000-03-01,4
IDN,2000-04-01,4
IDN,2000-05-01,6
IDN,2000-06-01,1
IDN,2000-07-01,5
IDN,2000-08-01,5
IDN,2000-09-01,9
IDN,2000-10-01,5
IDN,2000-11-01,8
IDN,2000-12-01,5
IDN,2001-01-01,3
IDN,2001-02-01,10
IDN,2001-03-01,4
IDN,2001-04-01,5
IDN,2001-05-01,3
IDN,2001-06-01,4
IDN,2001-07-01,6
IDN,2001-08-01,6
IDN,2001-09-01,21
IDN,2001-10-01,29
IDN,2001-11-01,23
IDN,2001-12-01,15
IDN,2002-01-01,8
IDN,2002-02-01,11
IDN,2002-03-01,9
IDN,2002-04-01,9
IDN,2002-05-01,5
IDN,2002-06-01,1
IDN,2002-07-01,5
IDN,2002-08-01,5
IDN,2002-09-01,15
IDN,2002-10-01,40
IDN,2002-11-01,32
IDN,2002-12-01,18
IDN,2003-01-01,12
IDN,2003-02-01,15
IDN,2003-03-01,28
IDN,2003-04-01,9
IDN,2003-05-01,20
IDN,2003-06-01,17
IDN,2003-07-01,7
IDN,2003-08-01,16
IDN,2003-09-01,15
IDN,2003-10-01,21
IDN,2003-11-01,11
IDN,2003-12-01,9
IDN,2004-01-01,7
IDN,2004-02-01,7
IDN,2004-03-01,7
IDN,2004-04-01,18
IDN,2004-05-01,6
IDN,2004-06-01,15
IDN,2004-07-01,20
IDN,2004-08-01,4
IDN,2004-09-01,10
IDN,2004-10-01,13
IDN,2004-11-01,5
IDN,2004-12-01,14
IDN,2005-01-01,37
IDN,2005-02-01,12
IDN,2005-03-01,7
IDN,2005-04-01,2
IDN,2005-05-01,10
IDN,2005-06-01,8
IDN,2005-07-01,12
IDN,2005-08-01,5
IDN,2005-09-01,2
IDN,2005-10-01,11
IDN,2005-11-01,19
IDN,2005-12-01,9
IDN,2006-01-01,10
IDN,2006-02-01,9
IDN,2006-03-01,10
IDN,2006-04-01,5
IDN,2006-05-01,11
IDN,2006-06-01,11
IDN,2006-07-01,4
IDN,2006-08-01,19
IDN,2006-09-01,15
IDN,2006-10-01,3
IDN,2006-11-01,8
IDN,2006-12-01,9
IDN,2007-01-01,11
IDN,2007-02-01,5
IDN,2007-03-01,11
IDN,2007-04-01,7
IDN,2007-05-01,5
IDN,2007-06-01,4
IDN,2007-07-01,6
IDN,2007-08-01,3
IDN,2007-09-01,7
IDN,2007-10-01,5
IDN,2007-11-01,1
IDN,2007-12-01,2
IDN,2008-01-01,6
IDN,2008-02-01,9
IDN,2008-03-01,9
IDN,2008-04-01,2
IDN,2008-05-01,5
IDN,2008-06-01,4
IDN,2008-07-01,4
IDN,2008-08-01,2
IDN,2008-09-01,5
IDN,2008-10-01,2
IDN,2008-11-01,6
IDN,2008-12-01,1
IDN,2009-01-01,7
IDN,2009-02-01,10
IDN,2009-03-01,3
IDN,2009-04-01,5
IDN,2009-05-01,2
IDN,2009-06-01,3
IDN,2009-07-01,8
IDN,2009-08-01,8
IDN,2009-09-01,4
IDN,2009-10-01,3
IDN,2009-11-01,5
IDN,2009-12-01,3
IDN,2010-01-01,5
IDN,2010-02-01,2
IDN,2010-03-01,4
IDN,2010-04-01,2
IDN,2010-05-01,5
IDN,2010-06-01,3
IDN,2010-07-01,2
IDN,2010-08-01,5
IDN,2010-09-01,2
IDN,2010-10-01,9
IDN,2010-11-01,7
IDN,2010-12-01,1
IDN,2011-01-01,3
IDN,2011-02-01,1
IDN,2011-03-01,2
IDN,2011-04-01,3
IDN,2011-05-01,4
IDN,2011-06-01,4
IDN,2011-07-01,8
IDN,2011-08-01,1
IDN,2011-09-01,4
IDN,2011-10-01,2
IDN,2011-11-01,9
IDN,2011-12-01,1
IDN,2012-01-01,2
IDN,2012-02-01,0
IDN,2012-03-01,1
IDN,2012-04-01,1
IDN,2012-05-01,0
IDN,2012-06-01,4
IDN,2012-07-01,1
IDN,2012-08-01,5
IDN,2012-09-01,5
IDN,2012-10-01,2
IDN,2012-11-01,4
IDN,2012-12-01,0
IDN,2013-01-01,2
IDN,2013-02-01,0
IDN,2013-03-01,1
IDN,2013-04-01,3
IDN,2013-05-01,0
IDN,2013-06-01,0
IDN,2013-07-01,0
IDN,2013-08-01,1
IDN,2013-09-01,5
IDN,2013-10-01,11
IDN,2013-11-01,1
IDN,2013-12-01,2
IDN,2014-01-01,1
IDN,2014-02-01,9
IDN,2014-03-01,9
IDN,2014-04-01,1
IDN,2014-05-01,0
IDN,2014-06-01,1
IDN,2014-07-01,5
IDN,2014-08-01,1
IDN,2014-09-01,4
IDN,2014-10-01,1
IDN,2014-11-01,2
IDN,2014-12-01,3
IDN,2015-01-01,1
IDN,2015-02-01,2
IDN,2015-03-01,0
IDN,2015-04-01,2
IDN,2015-05-01,6
IDN,2015-06-01,4
IDN,2015-07-01,1
IDN,2015-08-01,1
IDN,2015-09-01,2
IDN,2015-10-01,0
IDN,2015-11-01,4
IDN,2015-12-01,1
IDN,2016-01-01,12
IDN,2016-02-01,1
IDN,2016-03-01,2
IDN,2016-04-01,1
IDN,2016-05-01,2
IDN,2016-06-01,0
IDN,2016-07-01,2
IDN,2016-08-01,4
IDN,2016-09-01,6
IDN,2016-10-01,0
IDN,2016-11-01,5
IDN,2016-12-01,1
IDN,2017-01-01,4
IDN,2017-02-01,5
IDN,2017-03-01,4
IDN,2017-04-01,4
IDN,2017-05-01,4
IDN,2017-06-01,3
IDN,2017-07-01,1
IDN,2017-08-01,2
IDN,2017-09-01,4
IDN,2017-10-01,0
IDN,2017-11-01,1
IDN,2017-12-01,0
IDN,2018-01-01,7
IDN,2018-02-01,0
IDN,2018-03-01,0
IDN,2018-04-01,2
IDN,2018-05-01,4
IDN,2018-06-01,1
IDN,2018-07-01,3
IDN,2018-08-01,5
IDN,2018-09-01,0
IDN,2018-10-01,4
IDN,2018-11-01,1
IDN,2018-12-01,1
IDN,2019-01-01,2
IDN,2019-02-01,0
IDN,2019-03-01,0
IDN,2019-04-01,5
IDN,2019-05-01,10
IDN,2019-06-01,0
IDN,2019-07-01,2
IDN,2019-08-01,1
IDN,2019-09-01,0
IDN,2019-10-01,2
IDN,2019-11-01,0
IDN,2019-12-01,0
IDN,2020-01-01,2
IDN,2020-02-01,2
IDN,2020-03-01,1
IDN,2020-04-01,4
IDN,2020-05-01,0
IDN,2020-06-01,2
IDN,2020-07-01,5
IDN,2020-08-01,2
IDN,2020-09-01,2
IDN,2020-10-01,0
IDN,2020-11-01,0
IDN,2020-12-01,0
IND,1900-01-01,21
IND,1900-02-01,28
IND,1900-03-01,22
IND,1900-04-01,9
IND,1900-05-01,16
IND,1900-06-01,22
IND,1900-07-01,47
IND,1900-08-01,19
IND,1900-09-01,9
IND,1900-10-01,9
IND,1900-11-01,6
IND,1900-12-01,12
IND,1901-01-01,17
IND,1901-02-01,11
IND,1901-03-01,11
IND,1901-04-01,19
IND,1901-05-01,5
IND,1901-06-01,17
IND,1901-07-01,6
IND,1901-08-01,5
IND,1901-09-01,6
IND,1901-10-01,12
IND,1901-11-01,11
IND,1901-12-01,13
IND,1902-01-01,11
IND,1902-02-01,9
IND,1902-03-01,10
IND,1902-04-01,9
IND,1902-05-01,8
IND,1902-06-01,15
IND,1902-07-01,12
IND,1902-08-01,7
IND,1902-09-01,16
IND,1902-10-01,18
IND,1902-11-01,5
IND,1902-12-01,14
IND,1903-01-01,9
IND,1903-02-01,8
IND,1903-03-01,9
IND,1903-04-01,4
IND,1903-05-01,4
IND,1903-06-01,4
IND,1903-07-01,9
IND,1903-08-01,6
IND,1903-09-01,9
IND,1903-10-01,7
IND,1903-11-01,12
IND,1903-12-01,13
IND,1904-01-01,22
IND,1904-02-01,12
IND,1904-03-01,11
IND,1904-04-01,16
IND,1904-05-01,10
IND,1904-06-01,6
IND,1904-07-01,16
IND,1904-08-01,8
IND,1904-09-01,6
IND,1904-10-01,3
IND,1904-11-01,5
IND,1904-12-01,1
IND,1905-01-01,12
IND,1905-02-01,7
IND,1905-03-01,11
IND,1905-04-01,8
IND,1905-05-01,8
IND,1905-06-01,12
IND,1905-07-01,3
IND,1905-08-01,9
IND,1905-09-01,7
IND,1905-10-01,11
IND,1905-11-01,5
IND,1905-12-01,4
IND,1906-01-01,9
IND,1906-02-01,3
IND,1906-03-01,6
IND,1906-04-01,7
IND,1906-05-01,8
IND,1906-06-01,4
IND,1906-07-01,10
IND,1906-08-01,5
IND,1906-09-01,12
IND,1906-10-01,8
IND,1906-11-01,4
IND,1906-12-01,11
IND,1907-01-01,7
IND,1907-02-01,7
IND,1907-03-01,9
IND,1907-04-01,6
IND,1907-05-01,4
IND,1907-06-01,6
IND,1907-07-01,9
IND,1907-08-01,7
IND,1907-09-01,2
IND,1907-10-01,2
IND,1907-11-01,6
IND,1907-12-01,1
IND,1908-01-01,7
IND,1908-02-01,3
IND,1908-03-01,4
IND,1908-04-01,7
IND,1908-05-01,14
IND,1908-06-01,10
IND,1908-07-01,14
IND,1908-08-01,8
IND,1908-09-01,4
IND,1908-10-01,3
IND,1908-11-01,3
IND,1908-12-01,4
IND,1909-01-01,6
IND,1909-02-01,6
IND,1909-03-01,9
IND,1909-04-01,7
IND,1909-05-01,1
IND,1909-06-01,3
IND,1909-07-01,4
IND,1909-08-01,4
IND,1909-09-01,3
IND,1909-10-01,9
IND,1909-11-01,2
IND,1909-12-01,8
IND,1910-01-01,3
IND,1910-02-01,6
IND,1910-03-01,8
IND,1910-04-01,5
IND,1910-05-01,9
IND,1910-06-01,7
IND,1910-07-01,3
IND,1910-08-01,5
IND,1910-09-01,4
IND,1910-10-01,4
IND,1910-11-01,4
IND,1910-12-01,4
IND,1911-01-01,7
IND,1911-02-01,6
IND,1911-03-01,12
IND,1911-04-01,9
IND,1911-05-01,6
IND,1911-06-01,1
IND,1911-07-01,9
IND,1911-08-01,4
IND,1911-09-01,9
IND,1911-10-01,6
IND,1911-11-01,11
IND,1911-12-01,18
IND,1912-01-01,3
IND,1912-02-01,4
IND,1912-03-01,8
IND,1912-04-01,8
IND,1912-05-01,5
IND,1912-06-01,7
IND,1912-07-01,4
IND,1912-08-01,10
IND,1912-09-01,14
IND,1912-10-01,15
IND,1912-11-01,10
IND,1912-12-01,4
IND,1913-01-01,6
IND,1913-02-01,8
IND,1913-03-01,17
IND,1913-04-01,6
IND,1913-05-01,5
IND,1913-06-01,8
IND,1913-07-01,8
IND,1913-08-01,14
IND,1913-09-01,8
IND,1913-10-01,4
IND,1913-11-01,12
IND,1913-12-01,7
IND,1914-01-01,8
IND,1914-02-01,7
IND,1914-03-01,6
IND,1914-04-01,19
IND,1914-05-01,19
IND,1914-06-01,5
IND,1914-07-01,9
IND,1914-08-01,31
IND,1914-09-01,44
IND,1914-10-01,47
IND,1914-11-01,70
IND,1914-12-01,25
IND,1915-01-01,24
IND,1915-02-01,25
IND,1915-03-01,24
IND,1915-04-01,19
IND,1915-05-01,31
IND,1915-06-01,30
IND,1915-07-01,23
IND,1915-08-01,24
IND,1915-09-01,23
IND,1915-10-01,31
IND,1915-11-01,30
IND,1915-12-01,31
IND,1916-01-01,28
IND,1916-02-01,25
IND,1916-03-01,40
IND,1916-04-01,26
IND,1916-05-01,20
IND,1916-06-01,33
IND,1916-07-01,35
IND,1916-08-01,21
IND,1916-09-01,15
IND,1916-10-01,12
IND,1916-11-01,8
IND,1916-12-01,27
IND,1917-01-01,13
IND,1917-02-01,20
IND,1917-03-01,36
IND,1917-04-01,30
IND,1917-05-01,22
IND,1917-06-01,28
IND,1917-07-01,37
IND,1917-08-01,29
IND,1917-09-01,19
IND,1917-10-01,15
IND,1917-11-01,12
IND,1917-12-01,15
IND,1918-01-01,23
IND,1918-02-01,27
IND,1918-03-01,35
IND,1918-04-01,20
IND,1918-05-01,9
IND,1918-06-01,26
IND,1918-07-01,29
IND,1918-08-01,17
IND,1918-09-01,20
IND,1918-10-01,20
IND,1918-11-01,16
IND,1918-12-01,11
IND,1919-01-01,15
IND,1919-02-01,15
IND,1919-03-01,15
IND,1919-04-01,19
IND,1919-05-01,7
IND,1919-06-01,16
IND,1919-07-01,18
IND,1919-08-01,25
IND,1919-09-01,17
IND,1919-10-01,13
IND,1919-11-01,16
IND,1919-12-01,12
IND,1920-01-01,20
IND,1920-02-01,13
IND,1920-03-01,15
IND,1920-04-01,18
IND,1920-05-01,9
IND,1920-06-01,17
IND,1920-07-01,14
IND,1920-08-01,25
IND,1920-09-01,5
IND,1920-10-01,7
IND,1920-11-01,7
IND,1920-12-01,3
IND,1921-01-01,7
IND,1921-02-01,7
IND,1921-03-01,6
IND,1921-04-01,8
IND,1921-05-01,4
IND,1921-06-01,5
IND,1921-07-01,6
IND,1921-08-01,17
IND,1921-09-01,6
IND,1921-10-01,11
IND,1921-11-01,11
IND,1921-12-01,11
IND,1922-01-01,3
IND,1922-02-01,4
IND,1922-03-01,11
IND,1922-04-01,13
IND,1922-05-01,10
IND,1922-06-01,6
IND,1922-07-01,17
IND,1922-08-01,11
IND,1922-09-01,11
IND,1922-10-01,4
IND,1922-11-01,8
IND,1922-12-01,1
IND,1923-01-01,12
IND,1923-02-01,3
IND,1923-03-01,9
IND,1923-04-01,5
IND,1923-05-01,12
IND,1923-06-01,7
IND,1923-07-01,7
IND,1923-08-01,6
IND,1923-09-01,4
IND,1923-10-01,3
IND,1923-11-01,4
IND,1923-12-01,8
IND,1924-01-01,10
IND,1924-02-01,9
IND,1924-03-01,4
IND,1924-04-01,11
IND,1924-05-01,12
IND,1924-06-01,4
IND,1924-07-01,6
IND,1924-08-01,11
IND,1924-09-01,10
IND,1924-10-01,8
IND,1924-11-01,12
IND,1924-12-01,5
IND,1925-01-01,10
IND,1925-02-01,5
IND,1925-03-01,11
IND,1925-04-01,5
IND,1925-05-01,3
IND,1925-06-01,6
IND,1925-07-01,4
IND,1925-08-01,8
IND,1925-09-01,13
IND,1925-10-01,11
IND,1925-11-01,4
IND,1925-12-01,9
IND,1926-01-01,2
IND,1926-02-01,4
IND,1926-03-01,7
IND,1926-04-01,7
IND,1926-05-01,10
IND,1926-06-01,4
IND,1926-07-01,6
IND,1926-08-01,8
IND,1926-09-01,12
IND,1926-10-01,5
IND,1926-11-01,12
IND,1926-12-01,8
IND,1927-01-01,26
IND,1927-02-01,9
IND,1927-03-01,13
IND,1927-04-01,13
IND,1927-05-01,8
IND,1927-06-01,4
IND,1927-07-01,10
IND,1927-08-01,11
IND,1927-09-01,8
IND,1927-10-01,12
IND,1927-11-01,0
IND,1927-12-01,7
IND,1928-01-01,12
IND,1928-02-01,8
IND,1928-03-01,15
IND,1928-04-01,11
IND,1928-05-01,7
IND,1928-06-01,15
IND,1928-07-01,14
IND,1928-08-01,7
IND,1928-09-01,11
IND,1928-10-01,6
IND,1928-11-01,3
IND,1928-12-01,23
IND,1929-01-01,21
IND,1929-02-01,16
IND,1929-03-01,31
IND,1929-04-01,20
IND,1929-05-01,11
IND,1929-06-01,6
IND,1929-07-01,9
IND,1929-08-01,11
IND,1929-09-01,2
IND,1929-10-01,16
IND,1929-11-01,7
IND,1929-12-01,13
IND,1930-01-01,3
IND,1930-02-01,10
IND,1930-03-01,12
IND,1930-04-01,23
IND,1930-05-01,21
IND,1930-06-01,26
IND,1930-07-01,13
IND,1930-08-01,26
IND,1930-09-01,15
IND,1930-10-01,5
IND,1930-11-01,13
IND,1930-12-01,15
IND,1931-01-01,11
IND,1931-02-01,12
IND,1931-03-01,13
IND,1931-04-01,7
IND,1931-05-01,13
IND,1931-06-01,16
IND,1931-07-01,9
IND,1931-08-01,14
IND,1931-09-01,8
IND,1931-10-01,9
IND,1931-11-01,25
IND,1931-12-01,27
IND,1932-01-01,16
IND,1932-02-01,15
IND,1932-03-01,6
IND,1932-04-01,8
IND,1932-05-01,6
IND,1932-06-01,12
IND,1932-07-01,6
IND,1932-08-01,10
IND,1932-09-01,17
IND,1932-10-01,3
IND,1932-11-01,9
IND,1932-12-01,11
IND,1933-01-01,5
IND,1933-02-01,7
IND,1933-03-01,5
IND,1933-04-01,8
IND,1933-05-01,9
IND,1933-06-01,5
IND,1933-07-01,6
IND,1933-08-01,7
IND,1933-09-01,8
IND,1933-10-01,6
IND,1933-11-01,3
IND,1933-12-01,2
IND,1934-01-01,7
IND,1934-02-01,5
IND,1934-03-01,5
IND,1934-04-01,10
IND,1934-05-01,9
IND,1934-06-01,10
IND,1934-07-01,6
IND,1934-08-01,8
IND,1934-09-01,12
IND,1934-10-01,3
IND,1934-11-01,4
IND,1934-12-01,15
IND,1935-01-01,8
IND,1935-02-01,5
IND,1935-03-01,13
IND,1935-04-01,7
IND,1935-05-01,6
IND,1935-06-01,10
IND,1935-07-01,16
IND,1935-08-01,37
IND,1935-09-01,27
IND,1935-10-01,44
IND,1935-11-01,11
IND,1935-12-01,16
IND,1936-01-01,11
IND,1936-02-01,3
IND,1936-03-01,10
IND,1936-04-01,10
IND,1936-05-01,18
IND,1936-06-01,5
IND,1936-07-01,6
IND,1936-08-01,15
IND,1936-09-01,6
IND,1936-10-01,14
IND,1936-11-01,8
IND,1936-12-01,4
IND,1937-01-01,11
IND,1937-02-01,12
IND,1937-03-01,13
IND,1937-04-01,8
IND,1937-05-01,6
IND,1937-06-01,14
IND,1937-07-01,12
IND,1937-08-01,18
IND,1937-09-01,15
IND,1937-10-01,17
IND,1937-11-01,12
IND,1937-12-01,17
IND,1938-01-01,16
IND,1938-02-01,13
IND,1938-03-01,18
IND,1938-04-01,10
IND,1938-05-01,10
IND,1938-06-01,9
IND,1938-07-01,6
IND,1938-08-01,9
IND,1938-09-01,17
IND,1938-10-01,23
IND,1938-11-01,10
IND,1938-12-01,17
IND,1939-01-01,12
IND,1939-02-01,13
IND,1939-03-01,19
IND,1939-04-01,23
IND,1939-05-01,17
IND,1939-06-01,13
IND,1939-07-01,10
IND,1939-08-01,23
IND,1939-09-01,79
IND,1939-10-01,67
IND,1939-11-01,55
IND,1939-12-01,43
IND,1940-01-01,25
IND,1940-02-01,34
IND,1940-03-01,25
IND,1940-04-01,20
IND,1940-05-01,25
IND,1940-06-01,39
IND,1940-07-01,32
IND,1940-08-01,52
IND,1940-09-01,40
IND,1940-10-01,39
IND,1940-11-01,28
IND,1940-12-01,35
IND,1941-01-01,13
IND,1941-02-01,42
IND,1941-03-01,41
IND,1941-04-01,46
IND,1941-05-01,59
IND,1941-06-01,53
IND,1941-07-01,50
IND,1941-08-01,48
IND,1941-09-01,30
IND,1941-10-01,29
IND,1941-11-01,32
IND,1941-12-01,94
IND,1942-01-01,99
IND,1942-02-01,133
IND,1942-03-01,164
IND,1942-04-01,135
IND,1942-05-01,99
IND,1942-06-01,71
IND,1942-07-01,60
IND,1942-08-01,86
IND,1942-09-01,49
IND,1942-10-01,55
IND,1942-11-01,60
IND,1942-12-01,82
IND,1943-01-01,79
IND,1943-02-01,53
IND,1943-03-01,73
IND,1943-04-01,80
IND,1943-05-01,100
IND,1943-06-01,62
IND,1943-07-01,56
IND,1943-08-01,60
IND,1943-09-01,82
IND,1943-10-01,61
IND,1943-11-01,60
IND,1943-12-01,66
IND,1944-01-01,63
IND,1944-02-01,92
IND,1944-03-01,109
IND,1944-04-01,120
IND,1944-05-01,102
IND,1944-06-01,66
IND,1944-07-01,77
IND,1944-08-01,56
IND,1944-09-01,67
IND,1944-10-01,75
IND,1944-11-01,82
IND,1944-12-01,67
IND,1945-01-01,74
IND,1945-02-01,68
IND,1945-03-01,74
IND,1945-04-01,57
IND,1945-05-01,67
IND,1945-06-01,68
IND,1945-07-01,80
IND,1945-08-01,52
IND,1945-09-01,37
IND,1945-10-01,34
IND,1945-11-01,40
IND,1945-12-01,35
IND,1946-01-01,35
IND,1946-02-01,36
IND,1946-03-01,29
IND,1946-04-01,18
IND,1946-05-01,25
IND,1946-06-01,15
IND,1946-07-01,19
IND,1946-08-01,35
IND,1946-09-01,18
IND,1946-10-01,23
IND,1946-11-01,24
IND,1946-12-01,29
IND,1947-01-01,13
IND,1947-02-01,13
IND,1947-03-01,19
IND,1947-04-01,15
IND,1947-05-01,15
IND,1947-06-01,13
IND,1947-07-01,28
IND,1947-08-01,22
IND,1947-09-01,34
IND,1947-10-01,30
IND,1947-11-01,39
IND,1947-12-01,21
IND,1948-01-01,27
IND,1948-02-01,18
IND,1948-03-01,9
IND,1948-04-01,11
IND,1948-05-01,18
IND,1948-06-01,19
IND,1948-07-01,20
IND,1948-08-01,18
IND,1948-09-01,41
IND,1948-10-01,16
IND,1948-11-01,19
IND,1948-12-01,12
IND,1949-01-01,26
IND,1949-02-01,4
IND,1949-03-01,13
IND,1949-04-01,2
IND,1949-05-01,18
IND,1949-06-01,10
IND,1949-07-01,14
IND,1949-08-01,12
IND,1949-09-01,21
IND,1949-10-01,26
IND,1949-11-01,10
IND,1949-12-01,17
IND,1950-01-01,28
IND,1950-02-01,9
IND,1950-03-01,10
IND,1950-04-01,13
IND,1950-05-01,10
IND,1950-06-01,25
IND,1950-07-01,65
IND,1950-08-01,45
IND,1950-09-01,30
IND,1950-10-01,38
IND,1950-11-01,69
IND,1950-12-01,78
IND,1951-01-01,83
IND,1951-02-01,36
IND,1951-03-01,20
IND,1951-04-01,36
IND,1951-05-01,45
IND,1951-06-01,22
IND,1951-07-01,42
IND,1951-08-01,40
IND,1951-09-01,25
IND,1951-10-01,29
IND,1951-11-01,18
IND,1951-12-01,12
IND,1952-01-01,23
IND,1952-02-01,12
IND,1952-03-01,11
IND,1952-04-01,21
IND,1952-05-01,7
IND,1952-06-01,28
IND,1952-07-01,16
IND,1952-08-01,10
IND,1952-09-01,15
IND,1952-10-01,19
IND,1952-11-01,27
IND,1952-12-01,28
IND,1953-01-01,21
IND,1953-02-01,39
IND,1953-03-01,27
IND,1953-04-01,26
IND,1953-05-01,55
IND,1953-06-01,44
IND,1953-07-01,27
IND,1953-08-01,34
IND,1953-09-01,37
IND,1953-10-01,39
IND,1953-11-01,21
IND,1953-12-01,49
IND,1954-01-01,24
IND,1954-02-01,24
IND,1954-03-01,23
IND,1954-04-01,44
IND,1954-05-01,32
IND,1954-06-01,26
IND,1954-07-01,34
IND,1954-08-01,16
IND,1954-09-01,21
IND,1954-10-01,21
IND,1954-11-01,20
IND,1954-12-01,24
IND,1955-01-01,31
IND,1955-02-01,36
IND,1955-03-01,34
IND,1955-04-01,44
IND,1955-05-01,18
IND,1955-06-01,26
IND,1955-07-01,27
IND,1955-08-01,19
IND,1955-09-01,16
IND,1955-10-01,19
IND,1955-11-01,32
IND,1955-12-01,31
IND,1956-01-01,40
IND,1956-02-01,39
IND,1956-03-01,35
IND,1956-04-01,21
IND,1956-05-01,16
IND,1956-06-01,19
IND,1956-07-01,38
IND,1956-08-01,79
IND,1956-09-01,58
IND,1956-10-01,30
IND,1956-11-01,75
IND,1956-12-01,32
IND,1957-01-01,45
IND,1957-02-01,39
IND,1957-03-01,21
IND,1957-04-01,24
IND,1957-05-01,17
IND,1957-06-01,16
IND,1957-07-01,20
IND,1957-08-01,25
IND,1957-09-01,22
IND,1957-10-01,35
IND,1957-11-01,30
IND,1957-12-01,28
IND,1958-01-01,28
IND,1958-02-01,12
IND,1958-03-01,18
IND,1958-04-01,18
IND,1958-05-01,16
IND,1958-06-01,20
IND,1958-07-01,56
IND,1958-08-01,33
IND,1958-09-01,24
IND,1958-10-01,28
IND,1958-11-01,10
IND,1958-12-01,9
IND,1959-01-01,12
IND,1959-02-01,8
IND,1959-03-01,22
IND,1959-04-01,22
IND,1959-05-01,18
IND,1959-06-01,10
IND,1959-07-01,6
IND,1959-08-01,36
IND,1959-09-01,44
IND,1959-10-01,22
IND,1959-11-01,36
IND,1959-12-01,30
IND,1960-01-01,11
IND,1960-02-01,16
IND,1960-03-01,17
IND,1960-04-01,26
IND,1960-05-01,26
IND,1960-06-01,29
IND,1960-07-01,15
IND,1960-08-01,23
IND,1960-09-01,38
IND,1960-10-01,30
IND,1960-11-01,26
IND,1960-12-01,27
IND,1961-01-01,29
IND,1961-02-01,31
IND,1961-03-01,50
IND,1961-04-01,55
IND,1961-05-01,39
IND,1961-06-01,25
IND,1961-07-01,29
IND,1961-08-01,35
IND,1961-09-01,96
IND,1961-10-01,40
IND,1961-11-01,49
IND,1961-12-01,114
IND,1962-01-01,33
IND,1962-02-01,33
IND,1962-03-01,40
IND,1962-04-01,43
IND,1962-05-01,41
IND,1962-06-01,27
IND,1962-07-01,39
IND,1962-08-01,27
IND,1962-09-01,45
IND,1962-10-01,116
IND,1962-11-01,151
IND,1962-12-01,88
IND,1963-01-01,43
IND,1963-02-01,23
IND,1963-03-01,20
IND,1963-04-01,41
IND,1963-05-01,28
IND,1963-06-01,26
IND,1963-07-01,52
IND,1963-08-01,50
IND,1963-09-01,50
IND,1963-10-01,38
IND,1963-11-01,30
IND,1963-12-01,23
IND,1964-01-01,26
IND,1964-02-01,19
IND,1964-03-01,20
IND,1964-04-01,26
IND,1964-05-01,29
IND,1964-06-01,40
IND,1964-07-01,30
IND,1964-08-01,39
IND,1964-09-01,24
IND,1964-10-01,52
IND,1964-11-01,25
IND,1964-12-01,25
IND,1965-01-01,27
IND,1965-02-01,25
IND,1965-03-01,19
IND,1965-04-01,43
IND,1965-05-01,48
IND,1965-06-01,25
IND,1965-07-01,20
IND,1965-08-01,37
IND,1965-09-01,232
IND,1965-10-01,69
IND,1965-11-01,31
IND,1965-12-01,33
IND,1966-01-01,64
IND,1966-02-01,36
IND,1966-03-01,30
IND,1966-04-01,28
IND,1966-05-01,29
IND,1966-06-01,25
IND,1966-07-01,38
IND,1966-08-01,32
IND,1966-09-01,20
IND,1966-10-01,28
IND,1966-11-01,31
IND,1966-12-01,11
IND,1967-01-01,12
IND,1967-02-01,21
IND,1967-03-01,32
IND,1967-04-01,29
IND,1967-05-01,47
IND,1967-06-01,63
IND,1967-07-01,35
IND,1967-08-01,30
IND,1967-09-01,26
IND,1967-10-01,35
IND,1967-11-01,26
IND,1967-12-01,22
IND,1968-01-01,34
IND,1968-02-01,32
IND,1968-03-01,30
IND,1968-04-01,34
IND,1968-05-01,21
IND,1968-06-01,22
IND,1968-07-01,16
IND,1968-08-01,23
IND,1968-09-01,26
IND,1968-10-01,11
IND,1968-11-01,12
IND,1968-12-01,9
IND,1969-01-01,22
IND,1969-02-01,11
IND,1969-03-01,30
IND,1969-04-01,13
IND,1969-05-01,15
IND,1969-06-01,6
IND,1969-07-01,18
IND,1969-08-01,18
IND,1969-09-01,20
IND,1969-10-01,9
IND,1969-11-01,6
IND,1969-12-01,13
IND,1970-01-01,12
IND,1970-02-01,11
IND,1970-03-01,21
IND,1970-04-01,9
IND,1970-05-01,11
IND,1970-06-01,20
IND,1970-07-01,32
IND,1970-08-01,7
IND,1970-09-01,27
IND,1970-10-01,25
IND,1970-11-01,10
IND,1970-12-01,6
IND,1971-01-01,14
IND,1971-02-01,19
IND,1971-03-01,28
IND,1971-04-01,61
IND,1971-05-01,31
IND,1971-06-01,20
IND,1971-07-01,33
IND,1971-08-01,31
IND,1971-09-01,13
IND,1971-10-01,62
IND,1971-11-01,84
IND,1971-12-01,172
IND,1972-01-01,36
IND,1972-02-01,32
IND,1972-03-01,15
IND,1972-04-01,20
IND,1972-05-01,22
IND,1972-06-01,23
IND,1972-07-01,18
IND,1972-08-01,14
IND,1972-09-01,10
IND,1972-10-01,12
IND,1972-11-01,8
IND,1972-12-01,4
IND,1973-01-01,13
IND,1973-02-01,21
IND,1973-03-01,49
IND,1973-04-01,20
IND,1973-05-01,14
IND,1973-06-01,12
IND,1973-07-01,17
IND,1973-08-01,14
IND,1973-09-01,22
IND,1973-10-01,29
IND,1973-11-01,24
IND,1973-12-01,14
IND,1974-01-01,20
IND,1974-02-01,16
IND,1974-03-01,12
IND,1974-04-01,11
IND,1974-05-01,44
IND,1974-06-01,31
IND,1974-07-01,30
IND,1974-08-01,27
IND,1974-09-01,21
IND,1974-10-01,33
IND,1974-11-01,19
IND,1974-12-01,14
IND,1975-01-01,31
IND,1975-02-01,49
IND,1975-03-01,23
IND,1975-04-01,15
IND,1975-05-01,12
IND,1975-06-01,24
IND,1975-07-01,29
IND,1975-08-01,21
IND,1975-09-01,4
IND,1975-10-01,18
IND,1975-11-01,19
IND,1975-12-01,14
IND,1976-01-01,22
IND,1976-02-01,23
IND,1976-03-01,20
IND,1976-04-01,32
IND,1976-05-01,28
IND,1976-06-01,18
IND,1976-07-01,21
IND,1976-08-01,43
IND,1976-09-01,14
IND,1976-10-01,20
IND,1976-11-01,18
IND,1976-12-01,28
IND,1977-01-01,9
IND,1977-02-01,14
IND,1977-03-01,25
IND,1977-04-01,22
IND,1977-05-01,17
IND,1977-06-01,20
IND,1977-07-01,24
IND,1977-08-01,19
IND,1977-09-01,22
IND,1977-10-01,42
IND,1977-11-01,30
IND,1977-12-01,15
IND,1978-01-01,31
IND,1978-02-01,16
IND,1978-03-01,17
IND,1978-04-01,25
IND,1978-05-01,36
IND,1978-06-01,22
IND,1978-07-01,18
IND,1978-08-01,13
IND,1978-09-01,8
IND,1978-10-01,3
IND,1978-11-01,20
IND,1978-12-01,27
IND,1979-01-01,23
IND,1979-02-01,25
IND,1979-03-01,24
IND,1979-04-01,31
IND,1979-05-01,13
IND,1979-06-01,20
IND,1979-07-01,13
IND,1979-08-01,31
IND,1979-09-01,19
IND,1979-10-01,35
IND,1979-11-01,24
IND,1979-12-01,32
IND,1980-01-01,122
IND,1980-02-01,62
IND,1980-03-01,47
IND,1980-04-01,43
IND,1980-05-01,28
IND,1980-06-01,45
IND,1980-07-01,38
IND,1980-08-01,30
IND,1980-09-01,57
IND,1980-10-01,42
IND,1980-11-01,31
IND,1980-12-01,30
IND,1981-01-01,14
IND,1981-02-01,37
IND,1981-03-01,32
IND,1981-04-01,35
IND,1981-05-01,23
IND,1981-06-01,51
IND,1981-07-01,20
IND,1981-08-01,15
IND,1981-09-01,32
IND,1981-10-01,19
IND,1981-11-01,16
IND,1981-12-01,26
IND,1982-01-01,17
IND,1982-02-01,19
IND,1982-03-01,34
IND,1982-04-01,25
IND,1982-05-01,24
IND,1982-06-01,21
IND,1982-07-01,21
IND,1982-08-01,25
IND,1982-09-01,19
IND,1982-10-01,15
IND,1982-11-01,20
IND,1982-12-01,24
IND,1983-01-01,18
IND,1983-02-01,14
IND,1983-03-01,31
IND,1983-04-01,30
IND,1983-05-01,19
IND,1983-06-01,25
IND,1983-07-01,25
IND,1983-08-01,21
IND,1983-09-01,24
IND,1983-10-01,50
IND,1983-11-01,37
IND,1983-12-01,38
IND,1984-01-01,31
IND,1984-02-01,18
IND,1984-03-01,26
IND,1984-04-01,38
IND,1984-05-01,47
IND,1984-06-01,62
IND,1984-07-01,39
IND,1984-08-01,38
IND,1984-09-01,28
IND,1984-10-01,21
IND,1984-11-01,39
IND,1984-12-01,34
IND,1985-01-01,19
IND,1985-02-01,17
IND,1985-03-01,29
IND,1985-04-01,18
IND,1985-05-01,32
IND,1985-06-01,67
IND,1985-07-01,56
IND,1985-08-01,32
IND,1985-09-01,34
IND,1985-10-01,22
IND,1985-11-01,13
IND,1985-12-01,21
IND,1986-01-01,37
IND,1986-02-01,21
IND,1986-03-01,32
IND,1986-04-01,44
IND,1986-05-01,24
IND,1986-06-01,25
IND,1986-07-01,27
IND,1986-08-01,42
IND,1986-09-01,29
IND,1986-10-01,28
IND,1986-11-01,31
IND,1986-12-01,38
IND,1987-01-01,39
IND,1987-02-01,42
IND,1987-03-01,19
IND,1987-04-01,37
IND,1987-05-01,43
IND,1987-06-01,38
IND,1987-07-01,35
IND,1987-08-01,38
IND,1987-09-01,31
IND,1987-10-01,62
IND,1987-11-01,24
IND,1987-12-01,12
IND,1988-01-01,13
IND,1988-02-01,11
IND,1988-03-01,19
IND,1988-04-01,20
IND,1988-05-01,48
IND,1988-06-01,16
IND,1988-07-01,17
IND,1988-08-01,21
IND,1988-09-01,18
IND,1988-10-01,20
IND,1988-11-01,19
IND,1988-12-01,16
IND,1989-01-01,26
IND,1989-02-01,16
IND,1989-03-01,8
IND,1989-04-01,14
IND,1989-05-01,22
IND,1989-06-01,20
IND,1989-07-01,11
IND,1989-08-01,17
IND,1989-09-01,7
IND,1989-10-01,12
IND,1989-11-01,14
IND,1989-12-01,15
IND,1990-01-01,19
IND,1990-02-01,14
IND,1990-03-01,12
IND,1990-04-01,20
IND,1990-05-01,22
IND,1990-06-01,20
IND,1990-07-01,10
IND,1990-08-01,73
IND,1990-09-01,50
IND,1990-10-01,24
IND,1990-11-01,25
IND,1990-12-01,24
IND,1991-01-01,33
IND,1991-02-01,21
IND,1991-03-01,23
IND,1991-04-01,18
IND,1991-05-01,18
IND,1991-06-01,20
IND,1991-07-01,7
IND,1991-08-01,6
IND,1991-09-01,12
IND,1991-10-01,13
IND,1991-11-01,12
IND,1991-12-01,20
IND,1992-01-01,21
IND,1992-02-01,23
IND,1992-03-01,24
IND,1992-04-01,18
IND,1992-05-01,22
IND,1992-06-01,13
IND,1992-07-01,17
IND,1992-08-01,16
IND,1992-09-01,18
IND,1992-10-01,10
IND,1992-11-01,14
IND,1992-12-01,18
IND,1993-01-01,31
IND,1993-02-01,18
IND,1993-03-01,16
IND,1993-04-01,21
IND,1993-05-01,25
IND,1993-06-01,17
IND,1993-07-01,28
IND,1993-08-01,11
IND,1993-09-01,12
IND,1993-10-01,21
IND,1993-11-01,15
IND,1993-12-01,4
IND,1994-01-01,29
IND,1994-02-01,28
IND,1994-03-01,28
IND,1994-04-01,20
IND,1994-05-01,14
IND,1994-06-01,18
IND,1994-07-01,9
IND,1994-08-01,13
IND,1994-09-01,13
IND,1994-10-01,20
IND,1994-11-01,9
IND,1994-12-01,17
IND,1995-01-01,12
IND,1995-02-01,19
IND,1995-03-01,7
IND,1995-04-01,25
IND,1995-05-01,20
IND,1995-06-01,13
IND,1995-07-01,23
IND,1995-08-01,18
IND,1995-09-01,12
IND,1995-10-01,19
IND,1995-11-01,15
IND,1995-12-01,15
IND,1996-01-01,19
IND,1996-02-01,11
IND,1996-03-01,12
IND,1996-04-01,11
IND,1996-05-01,15
IND,1996-06-01,26
IND,1996-07-01,19
IND,1996-08-01,22
IND,1996-09-01,20
IND,1996-10-01,10
IND,1996-11-01,11
IND,1996-12-01,11
IND,1997-01-01,10
IND,1997-02-01,8
IND,1997-03-01,8
IND,1997-04-01,7
IND,1997-05-01,10
IND,1997-06-01,4
IND,1997-07-01,6
IND,1997-08-01,6
IND,1997-09-01,10
IND,1997-10-01,4
IND,1997-11-01,13
IND,1997-12-01,13
IND,1998-01-01,9
IND,1998-02-01,22
IND,1998-03-01,19
IND,1998-04-01,8
IND,1998-05-01,132
IND,1998-06-01,83
IND,1998-07-01,45
IND,1998-08-01,40
IND,1998-09-01,25
IND,1998-10-01,11
IND,1998-11-01,19
IND,1998-12-01,27
IND,1999-01-01,15
IND,1999-02-01,14
IND,1999-03-01,22
IND,1999-04-01,10
IND,1999-05-01,23
IND,1999-06-01,29
IND,1999-07-01,29
IND,1999-08-01,26
IND,1999-09-01,22
IND,1999-10-01,55
IND,1999-11-01,20
IND,1999-12-01,36
IND,2000-01-01,34
IND,2000-02-01,21
IND,2000-03-01,31
IND,2000-04-01,17
IND,2000-05-01,54
IND,2000-06-01,23
IND,2000-07-01,29
IND,2000-08-01,24
IND,2000-09-01,24
IND,2000-10-01,16
IND,2000-11-01,18
IND,2000-12-01,23
IND,2001-01-01,24
IND,2001-02-01,16
IND,2001-03-01,14
IND,2001-04-01,16
IND,2001-05-01,14
IND,2001-06-01,16
IND,2001-07-01,18
IND,2001-08-01,13
IND,2001-09-01,109
IND,2001-10-01,107
IND,2001-11-01,93
IND,2001-12-01,80
IND,2002-01-01,105
IND,2002-02-01,38
IND,2002-03-01,32
IND,2002-04-01,27
IND,2002-05-01,64
IND,2002-06-01,90
IND,2002-07-01,43
IND,2002-08-01,39
IND,2002-09-01,29
IND,2002-10-01,41
IND,2002-11-01,27
IND,2002-12-01,53
IND,2003-01-01,51
IND,2003-02-01,40
IND,2003-03-01,49
IND,2003-04-01,37
IND,2003-05-01,40
IND,2003-06-01,40
IND,2003-07-01,37
IND,2003-08-01,39
IND,2003-09-01,52
IND,2003-10-01,37
IND,2003-11-01,27
IND,2003-12-01,29
IND,2004-01-01,54
IND,2004-02-01,38
IND,2004-03-01,41
IND,2004-04-01,30
IND,2004-05-01,32
IND,2004-06-01,39
IND,2004-07-01,62
IND,2004-08-01,25
IND,2004-09-01,33
IND,2004-10-01,27
IND,2004-11-01,30
IND,2004-12-01,24
IND,2005-01-01,33
IND,2005-02-01,25
IND,2005-03-01,27
IND,2005-04-01,27
IND,2005-05-01,15
IND,2005-06-01,25
IND,2005-07-01,40
IND,2005-08-01,28
IND,2005-09-01,28
IND,2005-10-01,20
IND,2005-11-01,24
IND,2005-12-01,23
IND,2006-01-01,38
IND,2006-02-01,28
IND,2006-03-01,49
IND,2006-04-01,26
IND,2006-05-01,20
IND,2006-06-01,20
IND,2006-07-01,41
IND,2006-08-01,34
IND,2006-09-01,27
IND,2006-10-01,25
IND,2006-11-01,29
IND,2006-12-01,33
IND,2007-01-01,20
IND,2007-02-01,20
IND,2007-03-01,16
IND,2007-04-01,22
IND,2007-05-01,14
IND,2007-06-01,24
IND,2007-07-01,42
IND,2007-08-01,19
IND,2007-09-01,24
IND,2007-10-01,40
IND,2007-11-01,34
IND,2007-12-01,16
IND,2008-01-01,32
IND,2008-02-01,13
IND,2008-03-01,18
IND,2008-04-01,12
IND,2008-05-01,23
IND,2008-06-01,16
IND,2008-07-01,28
IND,2008-08-01,33
IND,2008-09-01,36
IND,2008-10-01,24
IND,2008-11-01,34
IND,2008-12-01,81
IND,2009-01-01,23
IND,2009-02-01,30
IND,2009-03-01,24
IND,2009-04-01,31
IND,2009-05-01,27
IND,2009-06-01,16
IND,2009-07-01,21
IND,2009-08-01,12
IND,2009-09-01,22
IND,2009-10-01,37
IND,2009-11-01,20
IND,2009-12-01,31
IND,2010-01-01,18
IND,2010-02-01,21
IND,2010-03-01,20
IND,2010-04-01,25
IND,2010-05-01,29
IND,2010-06-01,14
IND,2010-07-01,21
IND,2010-08-01,19
IND,2010-09-01,14
IND,2010-10-01,12
IND,2010-11-01,23
IND,2010-12-01,22
IND,2011-01-01,13
IND,2011-02-01,17
IND,2011-03-01,21
IND,2011-04-01,11
IND,2011-05-01,26
IND,2011-06-01,19
IND,2011-07-01,19
IND,2011-08-01,9
IND,2011-09-01,16
IND,2011-10-01,18
IND,2011-11-01,9
IND,2011-12-01,18
IND,2012-01-01,21
IND,2012-02-01,30
IND,2012-03-01,14
IND,2012-04-01,20
IND,2012-05-01,17
IND,2012-06-01,8
IND,2012-07-01,18
IND,2012-08-01,18
IND,2012-09-01,19
IND,2012-10-01,8
IND,2012-11-01,9
IND,2012-12-01,10
IND,2013-01-01,11
IND,2013-02-01,12
IND,2013-03-01,11
IND,2013-04-01,14
IND,2013-05-01,12
IND,2013-06-01,13
IND,2013-07-01,11
IND,2013-08-01,12
IND,2013-09-01,8
IND,2013-10-01,15
IND,2013-11-01,17
IND,2013-12-01,6
IND,2014-01-01,6
IND,2014-02-01,9
IND,2014-03-01,29
IND,2014-04-01,7
IND,2014-05-01,11
IND,2014-06-01,11
IND,2014-07-01,13
IND,2014-08-01,11
IND,2014-09-01,14
IND,2014-10-01,15
IND,2014-11-01,16
IND,2014-12-01,18
IND,2015-01-01,21
IND,2015-02-01,13
IND,2015-03-01,10
IND,2015-04-01,16
IND,2015-05-01,9
IND,2015-06-01,11
IND,2015-07-01,15
IND,2015-08-01,8
IND,2015-09-01,5
IND,2015-10-01,8
IND,2015-11-01,25
IND,2015-12-01,24
IND,2016-01-01,19
IND,2016-02-01,5
IND,2016-03-01,14
IND,2016-04-01,10
IND,2016-05-01,4
IND,2016-06-01,13
IND,2016-07-01,27
IND,2016-08-01,13
IND,2016-09-01,13
IND,2016-10-01,18
IND,2016-11-01,13
IND,2016-12-01,13
IND,2017-01-01,13
IND,2017-02-01,15
IND,2017-03-01,17
IND,2017-04-01,15
IND,2017-05-01,6
IND,2017-06-01,21
IND,2017-07-01,13
IND,2017-08-01,15
IND,2017-09-01,23
IND,2017-10-01,13
IND,2017-11-01,4
IND,2017-12-01,10
IND,2018-01-01,10
IND,2018-02-01,5
IND,2018-03-01,7
IND,2018-04-01,9
IND,2018-05-01,13
IND,2018-06-01,9
IND,2018-07-01,11
IND,2018-08-01,12
IND,2018-09-01,8
IND,2018-10-01,10
IND,2018-11-01,13
IND,2018-12-01,2
IND,2019-01-01,4
IND,2019-02-01,17
IND,2019-03-01,22
IND,2019-04-01,24
IND,2019-05-01,21
IND,2019-06-01,13
IND,2019-07-01,17
IND,2019-08-01,34
IND,2019-09-01,14
IND,2019-10-01,14
IND,2019-11-01,5
IND,2019-12-01,7
IND,2020-01-01,12
IND,2020-02-01,14
IND,2020-03-01,11
IND,2020-04-01,13
IND,2020-05-01,19
IND,2020-06-01,22
IND,2020-07-01,16
IND,2020-08-01,11
IND,2020-09-01,7
IND,2020-10-01,8
IND,2020-11-01,12
IND,2020-12-01,12
PHL,1900-01-01,68
PHL,1900-02-01,34
PHL,1900-03-01,27
PHL,1900-04-01,25
PHL,1900-05-01,36
PHL,1900-06-01,39
PHL,1900-07-01,47
PHL,1900-08-01,40
PHL,1900-09-01,30
PHL,1900-10-01,30
PHL,1900-11-01,25
PHL,1900-12-01,15
PHL,1901-01-01,17
PHL,1901-02-01,24
PHL,1901-03-01,27
PHL,1901-04-01,17
PHL,1901-05-01,17
PHL,1901-06-01,5
PHL,1901-07-01,11
PHL,1901-08-01,9
PHL,1901-09-01,9
PHL,1901-10-01,23
PHL,1901-11-01,26
PHL,1901-12-01,10
PHL,1902-01-01,11
PHL,1902-02-01,10
PHL,1902-03-01,19
PHL,1902-04-01,16
PHL,1902-05-01,31
PHL,1902-06-01,32
PHL,1902-07-01,16
PHL,1902-08-01,24
PHL,1902-09-01,11
PHL,1902-10-01,14
PHL,1902-11-01,13
PHL,1902-12-01,6
PHL,1903-01-01,11
PHL,1903-02-01,7
PHL,1903-03-01,12
PHL,1903-04-01,9
PHL,1903-05-01,11
PHL,1903-06-01,3
PHL,1903-07-01,6
PHL,1903-08-01,5
PHL,1903-09-01,5
PHL,1903-10-01,4
PHL,1903-11-01,13
PHL,1903-12-01,6
PHL,1904-01-01,13
PHL,1904-02-01,15
PHL,1904-03-01,11
PHL,1904-04-01,5
PHL,1904-05-01,2
PHL,1904-06-01,6
PHL,1904-07-01,6
PHL,1904-08-01,4
PHL,1904-09-01,5
PHL,1904-10-01,5
PHL,1904-11-01,6
PHL,1904-12-01,2
PHL,1905-01-01,5
PHL,1905-02-01,6
PHL,1905-03-01,5
PHL,1905-04-01,8
PHL,1905-05-01,9
PHL,1905-06-01,12
PHL,1905-07-01,6
PHL,1905-08-01,2
PHL,1905-09-01,5
PHL,1905-10-01,9
PHL,1905-11-01,3
PHL,1905-12-01,4
PHL,1906-01-01,6
PHL,1906-02-01,11
PHL,1906-03-01,12
PHL,1906-04-01,1
PHL,1906-05-01,3
PHL,1906-06-01,1
PHL,1906-07-01,7
PHL,1906-08-01,4
PHL,1906-09-01,15
PHL,1906-10-01,11
PHL,1906-11-01,3
PHL,1906-12-01,8
PHL,1907-01-01,2
PHL,1907-02-01,3
PHL,1907-03-01,1
PHL,1907-04-01,1
PHL,1907-05-01,2
PHL,1907-06-01,14
PHL,1907-07-01,18
PHL,1907-08-01,4
PHL,1907-09-01,7
PHL,1907-10-01,5
PHL,1907-11-01,1
PHL,1907-12-01,9
PHL,1908-01-01,9
PHL,1908-02-01,3
PHL,1908-03-01,6
PHL,1908-04-01,6
PHL,1908-05-01,2
PHL,1908-06-01,5
PHL,1908-07-01,8
PHL,1908-08-01,0
PHL,1908-09-01,11
PHL,1908-10-01,4
PHL,1908-11-01,6
PHL,1908-12-01,1
PHL,1909-01-01,2
PHL,1909-02-01,2
PHL,1909-03-01,2
PHL,1909-04-01,2
PHL,1909-05-01,5
PHL,1909-06-01,9
PHL,1909-07-01,2
PHL,1909-08-01,3
PHL,1909-09-01,1
PHL,1909-10-01,1
PHL,1909-11-01,1
PHL,1909-12-01,3
PHL,1910-01-01,6
PHL,1910-02-01,2
PHL,1910-03-01,5
PHL,1910-04-01,0
PHL,1910-05-01,2
PHL,1910-06-01,4
PHL,1910-07-01,3
PHL,1910-08-01,2
PHL,1910-09-01,4
PHL,1910-10-01,1
PHL,1910-11-01,5
PHL,1910-12-01,7
PHL,1911-01-01,5
PHL,1911-02-01,3
PHL,1911-03-01,6
PHL,1911-04-01,4
PHL,1911-05-01,6
PHL,1911-06-01,2
PHL,1911-07-01,1
PHL,1911-08-01,1
PHL,1911-09-01,5
PHL,1911-10-01,8
PHL,1911-11-01,5
PHL,1911-12-01,6
PHL,1912-01-01,4
PHL,1912-02-01,4
PHL,1912-03-01,7
PHL,1912-04-01,4
PHL,1912-05-01,2
PHL,1912-06-01,2
PHL,1912-07-01,0
PHL,1912-08-01,1
PHL,1912-09-01,3
PHL,1912-10-01,4
PHL,1912-11-01,1
PHL,1912-12-01,2
PHL,1913-01-01,12
PHL,1913-02-01,4
PHL,1913-03-01,4
PHL,1913-04-01,3
PHL,1913-05-01,6
PHL,1913-06-01,3
PHL,1913-07-01,2
PHL,1913-08-01,2
PHL,1913-09-01,1
PHL,1913-10-01,0
PHL,1913-11-01,4
PHL,1913-12-01,9
PHL,1914-01-01,5
PHL,1914-02-01,4
PHL,1914-03-01,5
PHL,1914-04-01,13
PHL,1914-05-01,8
PHL,1914-06-01,3
PHL,1914-07-01,6
PHL,1914-08-01,20
PHL,1914-09-01,8
PHL,1914-10-01,14
PHL,1914-11-01,7
PHL,1914-12-01,24
PHL,1915-01-01,6
PHL,1915-02-01,7
PHL,1915-03-01,5
PHL,1915-04-01,4
PHL,1915-05-01,1
PHL,1915-06-01,5
PHL,1915-07-01,4
PHL,1915-08-01,13
PHL,1915-09-01,4
PHL,1915-10-01,4
PHL,1915-11-01,6
PHL,1915-12-01,14
PHL,1916-01-01,22
PHL,1916-02-01,11
PHL,1916-03-01,12
PHL,1916-04-01,8
PHL,1916-05-01,4
PHL,1916-06-01,8
PHL,1916-07-01,8
PHL,1916-08-01,12
PHL,1916-09-01,8
PHL,1916-10-01,3
PHL,1916-11-01,5
PHL,1916-12-01,5
PHL,1917-01-01,4
PHL,1917-02-01,15
PHL,1917-03-01,11
PHL,1917-04-01,8
PHL,1917-05-01,3
PHL,1917-06-01,2
PHL,1917-07-01,3
PHL,1917-08-01,6
PHL,1917-09-01,8
PHL,1917-10-01,5
PHL,1917-11-01,7
PHL,1917-12-01,3
PHL,1918-01-01,3
PHL,1918-02-01,1
PHL,1918-03-01,8
PHL,1918-04-01,4
PHL,1918-05-01,2
PHL,1918-06-01,6
PHL,1918-07-01,5
PHL,1918-08-01,5
PHL,1918-09-01,3
PHL,1918-10-01,3
PHL,1918-11-01,4
PHL,1918-12-01,2
PHL,1919-01-01,4
PHL,1919-02-01,5
PHL,1919-03-01,2
PHL,1919-04-01,1
PHL,1919-05-01,5
PHL,1919-06-01,4
PHL,1919-07-01,9
PHL,1919-08-01,7
PHL,1919-09-01,2
PHL,1919-10-01,3
PHL,1919-11-01,4
PHL,1919-12-01,2
PHL,1920-01-01,1
PHL,1920-02-01,2
PHL,1920-03-01,5
PHL,1920-04-01,3
PHL,1920-05-01,1
PHL,1920-06-01,2
PHL,1920-07-01,4
PHL,1920-08-01,3
PHL,1920-09-01,1
PHL,1920-10-01,6
PHL,1920-11-01,3
PHL,1920-12-01,3
PHL,1921-01-01,2
PHL,1921-02-01,0
PHL,1921-03-01,3
PHL,1921-04-01,4
PHL,1921-05-01,3
PHL,1921-06-01,5
PHL,1921-07-01,3
PHL,1921-08-01,1
PHL,1921-09-01,0
PHL,1921-10-01,9
PHL,1921-11-01,8
PHL,1921-12-01,6
PHL,1922-01-01,5
PHL,1922-02-01,4
PHL,1922-03-01,5
PHL,1922-04-01,3
PHL,1922-05-01,2
PHL,1922-06-01,0
PHL,1922-07-01,4
PHL,1922-08-01,0
PHL,1922-09-01,1
PHL,1922-10-01,0
PHL,1922-11-01,1
PHL,1922-12-01,0
PHL,1923-01-01,2
PHL,1923-02-01,0
PHL,1923-03-01,2
PHL,1923-04-01,3
PHL,1923-05-01,4
PHL,1923-06-01,4
PHL,1923-07-01,3
PHL,1923-08-01,6
PHL,1923-09-01,4
PHL,1923-10-01,7
PHL,1923-11-01,6
PHL,1923-12-01,2
PHL,1924-01-01,4
PHL,1924-02-01,3
PHL,1924-03-01,5
PHL,1924-04-01,4
PHL,1924-05-01,2
PHL,1924-06-01,5
PHL,1924-07-01,2
PHL,1924-08-01,5
PHL,1924-09-01,3
PHL,1924-10-01,3
PHL,1924-11-01,6
PHL,1924-12-01,7
PHL,1925-01-01,5
PHL,1925-02-01,2
PHL,1925-03-01,1
PHL,1925-04-01,3
PHL,1925-05-01,3
PHL,1925-06-01,1
PHL,1925-07-01,4
PHL,1925-08-01,1
PHL,1925-09-01,2
PHL,1925-10-01,4
PHL,1925-11-01,0
PHL,1925-12-01,2
PHL,1926-01-01,4
PHL,1926-02-01,0
PHL,1926-03-01,0
PHL,1926-04-01,3
PHL,1926-05-01,6
PHL,1926-06-01,4
PHL,1926-07-01,0
PHL,1926-08-01,7
PHL,1926-09-01,2
PHL,1926-10-01,1
PHL,1926-11-01,3
PHL,1926-12-01,3
PHL,1927-01-01,6
PHL,1927-02-01,4
PHL,1927-03-01,8
PHL,1927-04-01,7
PHL,1927-05-01,3
PHL,1927-06-01,8
PHL,1927-07-01,6
PHL,1927-08-01,2
PHL,1927-09-01,1
PHL,1927-10-01,1
PHL,1927-11-01,2
PHL,1927-12-01,1
PHL,1928-01-01,2
PHL,1928-02-01,3
PHL,1928-03-01,3
PHL,1928-04-01,5
PHL,1928-05-01,6
PHL,1928-06-01,6
PHL,1928-07-01,3
PHL,1928-08-01,6
PHL,1928-09-01,3
PHL,1928-10-01,6
PHL,1928-11-01,5
PHL,1928-12-01,3
PHL,1929-01-01,3
PHL,1929-02-01,8
PHL,1929-03-01,5
PHL,1929-04-01,5
PHL,1929-05-01,6
PHL,1929-06-01,3
PHL,1929-07-01,7
PHL,1929-08-01,8
PHL,1929-09-01,2
PHL,1929-10-01,4
PHL,1929-11-01,5
PHL,1929-12-01,10
PHL,1930-01-01,4
PHL,1930-02-01,5
PHL,1930-03-01,7
PHL,1930-04-01,2
PHL,1930-05-01,10
PHL,1930-06-01,2
PHL,1930-07-01,2
PHL,1930-08-01,2
PHL,1930-09-01,1
PHL,1930-10-01,1
PHL,1930-11-01,3
PHL,1930-12-01,3
PHL,1931-01-01,3
PHL,1931-02-01,1
PHL,1931-03-01,5
PHL,1931-04-01,4
PHL,1931-05-01,4
PHL,1931-06-01,1
PHL,1931-07-01,4
PHL,1931-08-01,1
PHL,1931-09-01,3
PHL,1931-10-01,1
PHL,1931-11-01,5
PHL,1931-12-01,7
PHL,1932-01-01,22
PHL,1932-02-01,23
PHL,1932-03-01,3
PHL,1932-04-01,5
PHL,1932-05-01,9
PHL,1932-06-01,1
PHL,1932-07-01,0
PHL,1932-08-01,1
PHL,1932-09-01,2
PHL,1932-10-01,4
PHL,1932-11-01,1
PHL,1932-12-01,4
PHL,1933-01-01,2
PHL,1933-02-01,2
PHL,1933-03-01,3
PHL,1933-04-01,5
PHL,1933-05-01,1
PHL,1933-06-01,1
PHL,1933-07-01,1
PHL,1933-08-01,1
PHL,1933-09-01,3
PHL,1933-10-01,0
PHL,1933-11-01,2
PHL,1933-12-01,2
PHL,1934-01-01,2
PHL,1934-02-01,3
PHL,1934-03-01,1
PHL,1934-04-01,6
PHL,1934-05-01,2
PHL,1934-06-01,2
PHL,1934-07-01,0
PHL,1934-08-01,2
PHL,1934-09-01,1
PHL,1934-10-01,3
PHL,1934-11-01,4
PHL,1934-12-01,7
PHL,1935-01-01,0
PHL,1935-02-01,2
PHL,1935-03-01,5
PHL,1935-04-01,2
PHL,1935-05-01,8
PHL,1935-06-01,2
PHL,1935-07-01,1
PHL,1935-08-01,3
PHL,1935-09-01,4
PHL,1935-10-01,4
PHL,1935-11-01,9
PHL,1935-12-01,7
PHL,1936-01-01,7
PHL,1936-02-01,6
PHL,1936-03-01,3
PHL,1936-04-01,3
PHL,1936-05-01,3
PHL,1936-06-01,10
PHL,1936-07-01,4
PHL,1936-08-01,10
PHL,1936-09-01,2
PHL,1936-10-01,4
PHL,1936-11-01,4
PHL,1936-12-01,10
PHL,1937-01-01,2
PHL,1937-02-01,4
PHL,1937-03-01,2
PHL,1937-04-01,6
PHL,1937-05-01,2
PHL,1937-06-01,2
PHL,1937-07-01,6
PHL,1937-08-01,22
PHL,1937-09-01,15
PHL,1937-10-01,10
PHL,1937-11-01,4
PHL,1937-12-01,15
PHL,1938-01-01,7
PHL,1938-02-01,15
PHL,1938-03-01,5
PHL,1938-04-01,12
PHL,1938-05-01,5
PHL,1938-06-01,2
PHL,1938-07-01,2
PHL,1938-08-01,5
PHL,1938-09-01,7
PHL,1938-10-01,10
PHL,1938-11-01,5
PHL,1938-12-01,5
PHL,1939-01-01,13
PHL,1939-02-01,12
PHL,1939-03-01,5
PHL,1939-04-01,10
PHL,1939-05-01,4
PHL,1939-06-01,12
PHL,1939-07-01,6
PHL,1939-08-01,9
PHL,1939-09-01,20
PHL,1939-10-01,12
PHL,1939-11-01,16
PHL,1939-12-01,15
PHL,1940-01-01,10
PHL,1940-02-01,5
PHL,1940-03-01,7
PHL,1940-04-01,8
PHL,1940-05-01,12
PHL,1940-06-01,18
PHL,1940-07-01,10
PHL,1940-08-01,16
PHL,1940-09-01,19
PHL,1940-10-01,23
PHL,1940-11-01,14
PHL,1940-12-01,7
PHL,1941-01-01,5
PHL,1941-02-01,30
PHL,1941-03-01,15
PHL,1941-04-01,14
PHL,1941-05-01,11
PHL,1941-06-01,11
PHL,1941-07-01,29
PHL,1941-08-01,24
PHL,1941-09-01,9
PHL,1941-10-01,12
PHL,1941-11-01,38
PHL,1941-12-01,261
PHL,1942-01-01,196
PHL,1942-02-01,134
PHL,1942-03-01,127
PHL,1942-04-01,146
PHL,1942-05-01,75
PHL,1942-06-01,38
PHL,1942-07-01,20
PHL,1942-08-01,23
PHL,1942-09-01,20
PHL,1942-10-01,14
PHL,1942-11-01,21
PHL,1942-12-01,21
PHL,1943-01-01,14
PHL,1943-02-01,9
PHL,1943-03-01,12
PHL,1943-04-01,16
PHL,1943-05-01,16
PHL,1943-06-01,19
PHL,1943-07-01,12
PHL,1943-08-01,15
PHL,1943-09-01,25
PHL,1943-10-01,20
PHL,1943-11-01,21
PHL,1943-12-01,16
PHL,1944-01-01,11
PHL,1944-02-01,23
PHL,1944-03-01,16
PHL,1944-04-01,28
PHL,1944-05-01,34
PHL,1944-06-01,53
PHL,1944-07-01,30
PHL,1944-08-01,27
PHL,1944-09-01,76
PHL,1944-10-01,117
PHL,1944-11-01,87
PHL,1944-12-01,99
PHL,1945-01-01,146
PHL,1945-02-01,101
PHL,1945-03-01,116
PHL,1945-04-01,71
PHL,1945-05-01,97
PHL,1945-06-01,103
PHL,1945-07-01,106
PHL,1945-08-01,89
PHL,1945-09-01,34
PHL,1945-10-01,22
PHL,1945-11-01,18
PHL,1945-12-01,28
PHL,1946-01-01,32
PHL,1946-02-01,11
PHL,1946-03-01,9
PHL,1946-04-01,10
PHL,1946-05-01,14
PHL,1946-06-01,14
PHL,1946-07-01,16
PHL,1946-08-01,12
PHL,1946-09-01,10
PHL,1946-10-01,7
PHL,1946-11-01,10
PHL,1946-12-01,10
PHL,1947-01-01,8
PHL,1947-02-01,3
PHL,1947-03-01,14
PHL,1947-04-01,3
PHL,1947-05-01,6
PHL,1947-06-01,6
PHL,1947-07-01,8
PHL,1947-08-01,3
PHL,1947-09-01,8
PHL,1947-10-01,4
PHL,1947-11-01,7
PHL,1947-12-01,7
PHL,1948-01-01,7
PHL,1948-02-01,5
PHL,1948-03-01,9
PHL,1948-04-01,2
PHL,1948-05-01,3
PHL,1948-06-01,5
PHL,1948-07-01,4
PHL,1948-08-01,1
PHL,1948-09-01,2
PHL,1948-10-01,7
PHL,1948-11-01,7
PHL,1948-12-01,4
PHL,1949-01-01,10
PHL,1949-02-01,8
PHL,1949-03-01,5
PHL,1949-04-01,2
PHL,1949-05-01,8
PHL,1949-06-01,3
PHL,1949-07-01,15
PHL,1949-08-01,16
PHL,1949-09-01,11
PHL,1949-10-01,11
PHL,1949-11-01,13
PHL,1949-12-01,13
PHL,1950-01-01,17
PHL,1950-02-01,11
PHL,1950-03-01,6
PHL,1950-04-01,8
PHL,1950-05-01,12
PHL,1950-06-01,33
PHL,1950-07-01,37
PHL,1950-08-01,23
PHL,1950-09-01,27
PHL,1950-10-01,36
PHL,1950-11-01,23
PHL,1950-12-01,42
PHL,1951-01-01,24
PHL,1951-02-01,11
PHL,1951-03-01,13
PHL,1951-04-01,38
PHL,1951-05-01,32
PHL,1951-06-01,12
PHL,1951-07-01,20
PHL,1951-08-01,6
PHL,1951-09-01,9
PHL,1951-10-01,6
PHL,1951-11-01,13
PHL,1951-12-01,9
PHL,1952-01-01,12
PHL,1952-02-01,12
PHL,1952-03-01,15
PHL,1952-04-01,15
PHL,1952-05-01,12
PHL,1952-06-01,11
PHL,1952-07-01,8
PHL,1952-08-01,6
PHL,1952-09-01,6
PHL,1952-10-01,8
PHL,1952-11-01,6
PHL,1952-12-01,3
PHL,1953-01-01,8
PHL,1953-02-01,23
PHL,1953-03-01,10
PHL,1953-04-01,15
PHL,1953-05-01,16
PHL,1953-06-01,25
PHL,1953-07-01,9
PHL,1953-08-01,7
PHL,1953-09-01,10
PHL,1953-10-01,2
PHL,1953-11-01,8
PHL,1953-12-01,6
PHL,1954-01-01,2
PHL,1954-02-01,7
PHL,1954-03-01,5
PHL,1954-04-01,27
PHL,1954-05-01,9
PHL,1954-06-01,10
PHL,1954-07-01,4
PHL,1954-08-01,15
PHL,1954-09-01,28
PHL,1954-10-01,13
PHL,1954-11-01,11
PHL,1954-12-01,11
PHL,1955-01-01,23
PHL,1955-02-01,26
PHL,1955-03-01,21
PHL,1955-04-01,18
PHL,1955-05-01,5
PHL,1955-06-01,6
PHL,1955-07-01,7
PHL,1955-08-01,3
PHL,1955-09-01,7
PHL,1955-10-01,6
PHL,1955-11-01,3
PHL,1955-12-01,6
PHL,1956-01-01,9
PHL,1956-02-01,8
PHL,1956-03-01,11
PHL,1956-04-01,6
PHL,1956-05-01,1
PHL,1956-06-01,5
PHL,1956-07-01,2
PHL,1956-08-01,4
PHL,1956-09-01,4
PHL,1956-10-01,1
PHL,1956-11-01,3
PHL,1956-12-01,4
PHL,1957-01-01,5
PHL,1957-02-01,9
PHL,1957-03-01,9
PHL,1957-04-01,0
PHL,1957-05-01,5
PHL,1957-06-01,10
PHL,1957-07-01,4
PHL,1957-08-01,1
PHL,1957-09-01,8
PHL,1957-10-01,6
PHL,1957-11-01,6
PHL,1957-12-01,2
PHL,1958-01-01,1
PHL,1958-02-01,2
PHL,1958-03-01,15
PHL,1958-04-01,7
PHL,1958-05-01,12
PHL,1958-06-01,5
PHL,1958-07-01,3
PHL,1958-08-01,8
PHL,1958-09-01,15
PHL,1958-10-01,11
PHL,1958-11-01,2
PHL,1958-12-01,1
PHL,1959-01-01,1
PHL,1959-02-01,3
PHL,1959-03-01,0
PHL,1959-04-01,5
PHL,1959-05-01,2
PHL,1959-06-01,0
PHL,1959-07-01,3
PHL,1959-08-01,1
PHL,1959-09-01,6
PHL,1959-10-01,3
PHL,1959-11-01,1
PHL,1959-12-01,2
PHL,1960-01-01,0
PHL,1960-02-01,2
PHL,1960-03-01,2
PHL,1960-04-01,3
PHL,1960-05-01,5
PHL,1960-06-01,21
PHL,1960-07-01,2
PHL,1960-08-01,7
PHL,1960-09-01,4
PHL,1960-10-01,5
PHL,1960-11-01,3
PHL,1960-12-01,4
PHL,1961-01-01,6
PHL,1961-02-01,2
PHL,1961-03-01,18
PHL,1961-04-01,10
PHL,1961-05-01,7
PHL,1961-06-01,1
PHL,1961-07-01,5
PHL,1961-08-01,1
PHL,1961-09-01,5
PHL,1961-10-01,8
PHL,1961-11-01,11
PHL,1961-12-01,7
PHL,1962-01-01,1
PHL,1962-02-01,3
PHL,1962-03-01,9
PHL,1962-04-01,4
PHL,1962-05-01,16
PHL,1962-06-01,6
PHL,1962-07-01,11
PHL,1962-08-01,7
PHL,1962-09-01,5
PHL,1962-10-01,10
PHL,1962-11-01,6
PHL,1962-12-01,10
PHL,1963-01-01,5
PHL,1963-02-01,2
PHL,1963-03-01,6
PHL,1963-04-01,6
PHL,1963-05-01,4
PHL,1963-06-01,4
PHL,1963-07-01,11
PHL,1963-08-01,17
PHL,1963-09-01,18
PHL,1963-10-01,7
PHL,1963-11-01,3
PHL,1963-12-01,1
PHL,1964-01-01,11
PHL,1964-02-01,11
PHL,1964-03-01,12
PHL,1964-04-01,8
PHL,1964-05-01,15
PHL,1964-06-01,19
PHL,1964-07-01,3
PHL,1964-08-01,15
PHL,1964-09-01,5
PHL,1964-10-01,14
PHL,1964-11-01,5
PHL,1964-12-01,4
PHL,1965-01-01,10
PHL,1965-02-01,7
PHL,1965-03-01,6
PHL,1965-04-01,5
PHL,1965-05-01,9
PHL,1965-06-01,5
PHL,1965-07-01,0
PHL,1965-08-01,7
PHL,1965-09-01,8
PHL,1965-10-01,6
PHL,1965-11-01,7
PHL,1965-12-01,7
PHL,1966-01-01,12
PHL,1966-02-01,16
PHL,1966-03-01,7
PHL,1966-04-01,7
PHL,1966-05-01,5
PHL,1966-06-01,5
PHL,1966-07-01,9
PHL,1966-08-01,8
PHL,1966-09-01,8
PHL,1966-10-01,37
PHL,1966-11-01,15
PHL,1966-12-01,6
PHL,1967-01-01,12
PHL,1967-02-01,4
PHL,1967-03-01,8
PHL,1967-04-01,13
PHL,1967-05-01,6
PHL,1967-06-01,5
PHL,1967-07-01,12
PHL,1967-08-01,10
PHL,1967-09-01,7
PHL,1967-10-01,14
PHL,1967-11-01,5
PHL,1967-12-01,11
PHL,1968-01-01,6
PHL,1968-02-01,4
PHL,1968-03-01,9
PHL,1968-04-01,10
PHL,1968-05-01,2
PHL,1968-06-01,1
PHL,1968-07-01,5
PHL,1968-08-01,4
PHL,1968-09-01,5
PHL,1968-10-01,7
PHL,1968-11-01,7
PHL,1968-12-01,4
PHL,1969-01-01,8
PHL,1969-02-01,6
PHL,1969-03-01,9
PHL,1969-04-01,7
PHL,1969-05-01,6
PHL,1969-06-01,11
PHL,1969-07-01,9
PHL,1969-08-01,12
PHL,1969-09-01,8
PHL,1969-10-01,2
PHL,1969-11-01,6
PHL,1969-12-01,8
PHL,1970-01-01,6
PHL,1970-02-01,6
PHL,1970-03-01,2
PHL,1970-04-01,3
PHL,1970-05-01,4
PHL,1970-06-01,4
PHL,1970-07-01,11
PHL,1970-08-01,3
PHL,1970-09-01,8
PHL,1970-10-01,4
PHL,1970-11-01,2
PHL,1970-12-01,1
PHL,1971-01-01,3
PHL,1971-02-01,3
PHL,1971-03-01,1
PHL,1971-04-01,4
PHL,1971-05-01,3
PHL,1971-06-01,9
PHL,1971-07-01,16
PHL,1971-08-01,5
PHL,1971-09-01,3
PHL,1971-10-01,2
PHL,1971-11-01,5
PHL,1971-12-01,2
PHL,1972-01-01,3
PHL,1972-02-01,9
PHL,1972-03-01,3
PHL,1972-04-01,10
PHL,1972-05-01,3
PHL,1972-06-01,3
PHL,1972-07-01,6
PHL,1972-08-01,2
PHL,1972-09-01,14
PHL,1972-10-01,11
PHL,1972-11-01,3
PHL,1972-12-01,8
PHL,1973-01-01,11
PHL,1973-02-01,7
PHL,1973-03-01,15
PHL,1973-04-01,7
PHL,1973-05-01,2
PHL,1973-06-01,3
PHL,1973-07-01,7
PHL,1973-08-01,4
PHL,1973-09-01,4
PHL,1973-10-01,6
PHL,1973-11-01,5
PHL,1973-12-01,1
PHL,1974-01-01,7
PHL,1974-02-01,13
PHL,1974-03-01,8
PHL,1974-04-01,2
PHL,1974-05-01,2
PHL,1974-06-01,8
PHL,1974-07-01,0
PHL,1974-08-01,6
PHL,1974-09-01,3
PHL,1974-10-01,2
PHL,1974-11-01,1
PHL,1974-12-01,0
PHL,1975-01-01,5
PHL,1975-02-01,4
PHL,1975-03-01,3
PHL,1975-04-01,10
PHL,1975-05-01,11
PHL,1975-06-01,2
PHL,1975-07-01,4
PHL,1975-08-01,5
PHL,1975-09-01,8
PHL,1975-10-01,4
PHL,1975-11-01,8
PHL,1975-12-01,3
PHL,1976-01-01,1
PHL,1976-02-01,2
PHL,1976-03-01,0
PHL,1976-04-01,12
PHL,1976-05-01,9
PHL,1976-06-01,6
PHL,1976-07-01,5
PHL,1976-08-01,6
PHL,1976-09-01,4
PHL,1976-10-01,6
PHL,1976-11-01,3
PHL,1976-12-01,9
PHL,1977-01-01,3
PHL,1977-02-01,2
PHL,1977-03-01,4
PHL,1977-04-01,6
PHL,1977-05-01,3
PHL,1977-06-01,4
PHL,1977-07-01,5
PHL,1977-08-01,6
PHL,1977-09-01,5
PHL,1977-10-01,7
PHL,1977-11-01,5
PHL,1977-12-01,9
PHL,1978-01-01,4
PHL,1978-02-01,3
PHL,1978-03-01,4
PHL,1978-04-01,3
PHL,1978-05-01,2
PHL,1978-06-01,9
PHL,1978-07-01,3
PHL,1978-08-01,3
PHL,1978-09-01,1
PHL,1978-10-01,3
PHL,1978-11-01,4
PHL,1978-12-01,8
PHL,1979-01-01,7
PHL,1979-02-01,6
PHL,1979-03-01,13
PHL,1979-04-01,3
PHL,1979-05-01,6
PHL,1979-06-01,15
PHL,1979-07-01,9
PHL,1979-08-01,5
PHL,1979-09-01,7
PHL,1979-10-01,5
PHL,1979-11-01,7
PHL,1979-12-01,11
PHL,1980-01-01,14
PHL,1980-02-01,7
PHL,1980-03-01,6
PHL,1980-04-01,4
PHL,1980-05-01,4
PHL,1980-06-01,5
PHL,1980-07-01,5
PHL,1980-08-01,2
PHL,1980-09-01,15
PHL,1980-10-01,14
PHL,1980-11-01,11
PHL,1980-12-01,4
PHL,1981-01-01,4
PHL,1981-02-01,12
PHL,1981-03-01,1
PHL,1981-04-01,6
PHL,1981-05-01,5
PHL,1981-06-01,20
PHL,1981-07-01,4
PHL,1981-08-01,7
PHL,1981-09-01,3
PHL,1981-10-01,3
PHL,1981-11-01,2
PHL,1981-12-01,5
PHL,1982-01-01,5
PHL,1982-02-01,3
PHL,1982-03-01,6
PHL,1982-04-01,5
PHL,1982-05-01,3
PHL,1982-06-01,2
PHL,1982-07-01,1
PHL,1982-08-01,2
PHL,1982-09-01,10
PHL,1982-10-01,3
PHL,1982-11-01,7
PHL,1982-12-01,6
PHL,1983-01-01,0
PHL,1983-02-01,5
PHL,1983-03-01,2
PHL,1983-04-01,6
PHL,1983-05-01,3
PHL,1983-06-01,10
PHL,1983-07-01,2
PHL,1983-08-01,8
PHL,1983-09-01,17
PHL,1983-10-01,16
PHL,1983-11-01,11
PHL,1983-12-01,7
PHL,1984-01-01,3
PHL,1984-02-01,4
PHL,1984-03-01,6
PHL,1984-04-01,3
PHL,1984-05-01,12
PHL,1984-06-01,11
PHL,1984-07-01,14
PHL,1984-08-01,1
PHL,1984-09-01,1
PHL,1984-10-01,10
PHL,1984-11-01,6
PHL,1984-12-01,5
PHL,1985-01-01,9
PHL,1985-02-01,10
PHL,1985-03-01,3
PHL,1985-04-01,3
PHL,1985-05-01,5
PHL,1985-06-01,7
PHL,1985-07-01,10
PHL,1985-08-01,8
PHL,1985-09-01,3
PHL,1985-10-01,13
PHL,1985-11-01,8
PHL,1985-12-01,5
PHL,1986-01-01,7
PHL,1986-02-01,46
PHL,1986-03-01,36
PHL,1986-04-01,36
PHL,1986-05-01,10
PHL,1986-06-01,12
PHL,1986-07-01,18
PHL,1986-08-01,13
PHL,1986-09-01,23
PHL,1986-10-01,21
PHL,1986-11-01,39
PHL,1986-12-01,12
PHL,1987-01-01,23
PHL,1987-02-01,25
PHL,1987-03-01,16
PHL,1987-04-01,18
PHL,1987-05-01,7
PHL,1987-06-01,10
PHL,1987-07-01,11
PHL,1987-08-01,37
PHL,1987-09-01,36
PHL,1987-10-01,16
PHL,1987-11-01,11
PHL,1987-12-01,14
PHL,1988-01-01,14
PHL,1988-02-01,7
PHL,1988-03-01,12
PHL,1988-04-01,10
PHL,1988-05-01,13
PHL,1988-06-01,11
PHL,1988-07-01,5
PHL,1988-08-01,1
PHL,1988-09-01,4
PHL,1988-10-01,8
PHL,1988-11-01,3
PHL,1988-12-01,2
PHL,1989-01-01,8
PHL,1989-02-01,6
PHL,1989-03-01,0
PHL,1989-04-01,5
PHL,1989-05-01,5
PHL,1989-06-01,7
PHL,1989-07-01,6
PHL,1989-08-01,3
PHL,1989-09-01,5
PHL,1989-10-01,3
PHL,1989-11-01,1
PHL,1989-12-01,49
PHL,1990-01-01,10
PHL,1990-02-01,6
PHL,1990-03-01,9
PHL,1990-04-01,4
PHL,1990-05-01,6
PHL,1990-06-01,7
PHL,1990-07-01,10
PHL,1990-08-01,22
PHL,1990-09-01,20
PHL,1990-10-01,8
PHL,1990-11-01,1
PHL,1990-12-01,2
PHL,1991-01-01,18
PHL,1991-02-01,6
PHL,1991-03-01,4
PHL,1991-04-01,3
PHL,1991-05-01,1
PHL,1991-06-01,10
PHL,1991-07-01,5
PHL,1991-08-01,1
PHL,1991-09-01,21
PHL,1991-10-01,2
PHL,1991-11-01,1
PHL,1991-12-01,9
PHL,1992-01-01,3
PHL,1992-02-01,4
PHL,1992-03-01,5
PHL,1992-04-01,1
PHL,1992-05-01,2
PHL,1992-06-01,4
PHL,1992-07-01,5
PHL,1992-08-01,2
PHL,1992-09-01,1
PHL,1992-10-01,1
PHL,1992-11-01,3
PHL,1992-12-01,6
PHL,1993-01-01,1
PHL,1993-02-01,2
PHL,1993-03-01,0
PHL,1993-04-01,2
PHL,1993-05-01,3
PHL,1993-06-01,0
PHL,1993-07-01,4
PHL,1993-08-01,1
PHL,1993-09-01,3
PHL,1993-10-01,1
PHL,1993-11-01,2
PHL,1993-12-01,1
PHL,1994-01-01,3
PHL,1994-02-01,1
PHL,1994-03-01,0
PHL,1994-04-01,1
PHL,1994-05-01,2
PHL,1994-06-01,3
PHL,1994-07-01,1
PHL,1994-08-01,0
PHL,1994-09-01,2
PHL,1994-10-01,2
PHL,1994-11-01,6
PHL,1994-12-01,1
PHL,1995-01-01,3
PHL,1995-02-01,1
PHL,1995-03-01,1
PHL,1995-04-01,16
PHL,1995-05-01,4
PHL,1995-06-01,4
PHL,1995-07-01,1
PHL,1995-08-01,0
PHL,1995-09-01,2
PHL,1995-10-01,3
PHL,1995-11-01,0
PHL,1995-12-01,3
PHL,1996-01-01,5
PHL,1996-02-01,1
PHL,1996-03-01,2
PHL,1996-04-01,2
PHL,1996-05-01,1
PHL,1996-06-01,2
PHL,1996-07-01,0
PHL,1996-08-01,2
PHL,1996-09-01,2
PHL,1996-10-01,2
PHL,1996-11-01,13
PHL,1996-12-01,1
PHL,1997-01-01,1
PHL,1997-02-01,2
PHL,1997-03-01,1
PHL,1997-04-01,2
PHL,1997-05-01,0
PHL,1997-06-01,1
PHL,1997-07-01,1
PHL,1997-08-01,3
PHL,1997-09-01,1
PHL,1997-10-01,2
PHL,1997-11-01,0
PHL,1997-12-01,2
PHL,1998-01-01,0
PHL,1998-02-01,0
PHL,1998-03-01,1
PHL,1998-04-01,0
PHL,1998-05-01,2
PHL,1998-06-01,4
PHL,1998-07-01,3
PHL,1998-08-01,11
PHL,1998-09-01,1
PHL,1998-10-01,2
PHL,1998-11-01,3
PHL,1998-12-01,4
PHL,1999-01-01,5
PHL,1999-02-01,3
PHL,1999-03-01,5
PHL,1999-04-01,1
PHL,1999-05-01,3
PHL,1999-06-01,3
PHL,1999-07-01,6
PHL,1999-08-01,3
PHL,1999-09-01,7
PHL,1999-10-01,0
PHL,1999-11-01,5
PHL,1999-12-01,3
PHL,2000-01-01,1
PHL,2000-02-01,4
PHL,2000-03-01,6
PHL,2000-04-01,11
PHL,2000-05-01,15
PHL,2000-06-01,1
PHL,2000-07-01,4
PHL,2000-08-01,8
PHL,2000-09-01,21
PHL,2000-10-01,4
PHL,2000-11-01,5
PHL,2000-12-01,1
PHL,2001-01-01,3
PHL,2001-02-01,1
PHL,2001-03-01,2
PHL,2001-04-01,5
PHL,2001-05-01,2
PHL,2001-06-01,20
PHL,2001-07-01,1
PHL,2001-08-01,0
PHL,2001-09-01,22
PHL,2001-10-01,18
PHL,2001-11-01,18
PHL,2001-12-01,8
PHL,2002-01-01,18
PHL,2002-02-01,21
PHL,2002-03-01,20
PHL,2002-04-01,13
PHL,2002-05-01,7
PHL,2002-06-01,9
PHL,2002-07-01,14
PHL,2002-08-01,12
PHL,2002-09-01,7
PHL,2002-10-01,17
PHL,2002-11-01,10
PHL,2002-12-01,16
PHL,2003-01-01,9
PHL,2003-02-01,12
PHL,2003-03-01,35
PHL,2003-04-01,15
PHL,2003-05-01,18
PHL,2003-06-01,12
PHL,2003-07-01,7
PHL,2003-08-01,12
PHL,2003-09-01,7
PHL,2003-10-01,13
PHL,2003-11-01,4
PHL,2003-12-01,7
PHL,2004-01-01,5
PHL,2004-02-01,5
PHL,2004-03-01,7
PHL,2004-04-01,13
PHL,2004-05-01,3
PHL,2004-06-01,4
PHL,2004-07-01,51
PHL,2004-08-01,7
PHL,2004-09-01,3
PHL,2004-10-01,3
PHL,2004-11-01,11
PHL,2004-12-01,7
PHL,2005-01-01,5
PHL,2005-02-01,9
PHL,2005-03-01,12
PHL,2005-04-01,2
PHL,2005-05-01,4
PHL,2005-06-01,3
PHL,2005-07-01,5
PHL,2005-08-01,5
PHL,2005-09-01,4
PHL,2005-10-01,0
PHL,2005-11-01,4
PHL,2005-12-01,1
PHL,2006-01-01,2
PHL,2006-02-01,3
PHL,2006-03-01,2
PHL,2006-04-01,3
PHL,2006-05-01,0
PHL,2006-06-01,4
PHL,2006-07-01,1
PHL,2006-08-01,5
PHL,2006-09-01,4
PHL,2006-10-01,4
PHL,2006-11-01,2
PHL,2006-12-01,1
PHL,2007-01-01,10
PHL,2007-02-01,0
PHL,2007-03-01,5
PHL,2007-04-01,7
PHL,2007-05-01,1
PHL,2007-06-01,1
PHL,2007-07-01,5
PHL,2007-08-01,3
PHL,2007-09-01,3
PHL,2007-10-01,5
PHL,2007-11-01,2
PHL,2007-12-01,3
PHL,2008-01-01,4
PHL,2008-02-01,0
PHL,2008-03-01,0
PHL,2008-04-01,2
PHL,2008-05-01,0
PHL,2008-06-01,5
PHL,2008-07-01,2
PHL,2008-08-01,5
PHL,2008-09-01,4
PHL,2008-10-01,0
PHL,2008-11-01,0
PHL,2008-12-01,3
PHL,2009-01-01,1
PHL,2009-02-01,0
PHL,2009-03-01,2
PHL,2009-04-01,2
PHL,2009-05-01,0
PHL,2009-06-01,2
PHL,2009-07-01,1
PHL,2009-08-01,1
PHL,2009-09-01,5
PHL,2009-10-01,2
PHL,2009-11-01,3
PHL,2009-12-01,5
PHL,2010-01-01,2
PHL,2010-02-01,1
PHL,2010-03-01,2
PHL,2010-04-01,2
PHL,2010-05-01,1
PHL,2010-06-01,2
PHL,2010-07-01,1
PHL,2010-08-01,3
PHL,2010-09-01,4
PHL,2010-10-01,1
PHL,2010-11-01,1
PHL,2010-12-01,2
PHL,2011-01-01,0
PHL,2011-02-01,0
PHL,2011-03-01,4
PHL,2011-04-01,3
PHL,2011-05-01,1
PHL,2011-06-01,3
PHL,2011-07-01,4
PHL,2011-08-01,0
PHL,2011-09-01,0
PHL,2011-10-01,1
PHL,2011-11-01,5
PHL,2011-12-01,1
PHL,2012-01-01,4
PHL,2012-02-01,0
PHL,2012-03-01,1
PHL,2012-04-01,6
PHL,2012-05-01,4
PHL,2012-06-01,3
PHL,2012-07-01,6
PHL,2012-08-01,3
PHL,2012-09-01,4
PHL,2012-10-01,5
PHL,2012-11-01,7
PHL,2012-12-01,5
PHL,2013-01-01,5
PHL,2013-02-01,1
PHL,2013-03-01,4
PHL,2013-04-01,4
PHL,2013-05-01,2
PHL,2013-06-01,6
PHL,2013-07-01,2
PHL,2013-08-01,2
PHL,2013-09-01,6
PHL,2013-10-01,3
PHL,2013-11-01,4
PHL,2013-12-01,3
PHL,2014-01-01,2
PHL,2014-02-01,4
PHL,2014-03-01,2
PHL,2014-04-01,11
PHL,2014-05-01,6
PHL,2014-06-01,1
PHL,2014-07-01,5
PHL,2014-08-01,5
PHL,2014-09-01,6
PHL,2014-10-01,3
PHL,2014-11-01,2
PHL,2014-12-01,5
PHL,2015-01-01,4
PHL,2015-02-01,0
PHL,2015-03-01,1
PHL,2015-04-01,5
PHL,2015-05-01,6
PHL,2015-06-01,0
PHL,2015-07-01,2
PHL,2015-08-01,1
PHL,2015-09-01,1
PHL,2015-10-01,5
PHL,2015-11-01,12
PHL,2015-12-01,1
PHL,2016-01-01,2
PHL,2016-02-01,3
PHL,2016-03-01,6
PHL,2016-04-01,6
PHL,2016-05-01,10
PHL,2016-06-01,3
PHL,2016-07-01,6
PHL,2016-08-01,5
PHL,2016-09-01,7
PHL,2016-10-01,5
PHL,2016-11-01,8
PHL,2016-12-01,7
PHL,2017-01-01,11
PHL,2017-02-01,7
PHL,2017-03-01,4
PHL,2017-04-01,3
PHL,2017-05-01,17
PHL,2017-06-01,12
PHL,2017-07-01,4
PHL,2017-08-01,16
PHL,2017-09-01,3
PHL,2017-10-01,9
PHL,2017-11-01,8
PHL,2017-12-01,1
PHL,2018-01-01,4
PHL,2018-02-01,0
PHL,2018-03-01,0
PHL,2018-04-01,3
PHL,2018-05-01,7
PHL,2018-06-01,2
PHL,2018-07-01,1
PHL,2018-08-01,6
PHL,2018-09-01,2
PHL,2018-10-01,5
PHL,2018-11-01,3
PHL,2018-12-01,1
PHL,2019-01-01,4
PHL,2019-02-01,3
PHL,2019-03-01,6
PHL,2019-04-01,4
PHL,2019-05-01,5
PHL,2019-06-01,1
PHL,2019-07-01,2
PHL,2019-08-01,6
PHL,2019-09-01,1
PHL,2019-10-01,5
PHL,2019-11-01,4
PHL,2019-12-01,2
PHL,2020-01-01,2
PHL,2020-02-01,6
PHL,2020-03-01,5
PHL,2020-04-01,2
PHL,2020-05-01,1
PHL,2020-06-01,5
PHL,2020-07-01,5
PHL,2020-08-01,2
PHL,2020-09-01,2
PHL,2020-10-01,1
PHL,2020-11-01,3
PHL,2020-12-01,3
USA,1900-01-01,210
USA,1900-02-01,196
USA,1900-03-01,167
USA,1900-04-01,133
USA,1900-05-01,145
USA,1900-06-01,199
USA,1900-07-01,267
USA,1900-08-01,263
USA,1900-09-01,148
USA,1900-10-01,92
USA,1900-11-01,117
USA,1900-12-01,123
USA,1901-01-01,99
USA,1901-02-01,107
USA,1901-03-01,118
USA,1901-04-01,89
USA,1901-05-01,86
USA,1901-06-01,78
USA,1901-07-01,83
USA,1901-08-01,135
USA,1901-09-01,92
USA,1901-10-01,84
USA,1901-11-01,105
USA,1901-12-01,126
USA,1902-01-01,91
USA,1902-02-01,97
USA,1902-03-01,97
USA,1902-04-01,104
USA,1902-05-01,96
USA,1902-06-01,94
USA,1902-07-01,99
USA,1902-08-01,142
USA,1902-09-01,123
USA,1902-10-01,129
USA,1902-11-01,65
USA,1902-12-01,134
USA,1903-01-01,131
USA,1903-02-01,119
USA,1903-03-01,80
USA,1903-04-01,76
USA,1903-05-01,90
USA,1903-06-01,72
USA,1903-07-01,81
USA,1903-08-01,147
USA,1903-09-01,148
USA,1903-10-01,111
USA,1903-11-01,162
USA,1903-12-01,154
USA,1904-01-01,211
USA,1904-02-01,285
USA,1904-03-01,187
USA,1904-04-01,122
USA,1904-05-01,174
USA,1904-06-01,135
USA,1904-07-01,152
USA,1904-08-01,175
USA,1904-09-01,139
USA,1904-10-01,128
USA,1904-11-01,86
USA,1904-12-01,89
USA,1905-01-01,139
USA,1905-02-01,120
USA,1905-03-01,150
USA,1905-04-01,92
USA,1905-05-01,100
USA,1905-06-01,148
USA,1905-07-01,132
USA,1905-08-01,115
USA,1905-09-01,106
USA,1905-10-01,99
USA,1905-11-01,84
USA,1905-12-01,102
USA,1906-01-01,89
USA,1906-02-01,86
USA,1906-03-01,81
USA,1906-04-01,62
USA,1906-05-01,80
USA,1906-06-01,88
USA,1906-07-01,107
USA,1906-08-01,103
USA,1906-09-01,146
USA,1906-10-01,97
USA,1906-11-01,70
USA,1906-12-01,69
USA,1907-01-01,78
USA,1907-02-01,99
USA,1907-03-01,95
USA,1907-04-01,74
USA,1907-05-01,78
USA,1907-06-01,124
USA,1907-07-01,122
USA,1907-08-01,101
USA,1907-09-01,63
USA,1907-10-01,69
USA,1907-11-01,52
USA,1907-12-01,73
USA,1908-01-01,99
USA,1908-02-01,54
USA,1908-03-01,80
USA,1908-04-01,63
USA,1908-05-01,65
USA,1908-06-01,82
USA,1908-07-01,83
USA,1908-08-01,70
USA,1908-09-01,49
USA,1908-10-01,96
USA,1908-11-01,78
USA,1908-12-01,87
USA,1909-01-01,57
USA,1909-02-01,77
USA,1909-03-01,80
USA,1909-04-01,81
USA,1909-05-01,72
USA,1909-06-01,60
USA,1909-07-01,76
USA,1909-08-01,78
USA,1909-09-01,55
USA,1909-10-01,69
USA,1909-11-01,71
USA,1909-12-01,80
USA,1910-01-01,75
USA,1910-02-01,69
USA,1910-03-01,89
USA,1910-04-01,64
USA,1910-05-01,83
USA,1910-06-01,72
USA,1910-07-01,88
USA,1910-08-01,79
USA,1910-09-01,59
USA,1910-10-01,71
USA,1910-11-01,81
USA,1910-12-01,90
USA,1911-01-01,113
USA,1911-02-01,71
USA,1911-03-01,206
USA,1911-04-01,132
USA,1911-05-01,127
USA,1911-06-01,66
USA,1911-07-01,107
USA,1911-08-01,111
USA,1911-09-01,163
USA,1911-10-01,188
USA,1911-11-01,146
USA,1911-12-01,127
USA,1912-01-01,104
USA,1912-02-01,117
USA,1912-03-01,119
USA,1912-04-01,83
USA,1912-05-01,124
USA,1912-06-01,98
USA,1912-07-01,79
USA,1912-08-01,119
USA,1912-09-01,131
USA,1912-10-01,252
USA,1912-11-01,217
USA,1912-12-01,120
USA,1913-01-01,105
USA,1913-02-01,156
USA,1913-03-01,128
USA,1913-04-01,117
USA,1913-05-01,112
USA,1913-06-01,61
USA,1913-07-01,155
USA,1913-08-01,162
USA,1913-09-01,91
USA,1913-10-01,68
USA,1913-11-01,165
USA,1913-12-01,117
USA,1914-01-01,139
USA,1914-02-01,163
USA,1914-03-01,156
USA,1914-04-01,385
USA,1914-05-01,274
USA,1914-06-01,181
USA,1914-07-01,325
USA,1914-08-01,1205
USA,1914-09-01,902
USA,1914-10-01,809
USA,1914-11-01,781
USA,1914-12-01,706
USA,1915-01-01,575
USA,1915-02-01,703
USA,1915-03-01,639
USA,1915-04-01,571
USA,1915-05-01,785
USA,1915-06-01,775
USA,1915-07-01,726
USA,1915-08-01,796
USA,1915-09-01,628
USA,1915-10-01,705
USA,1915-11-01,585
USA,1915-12-01,545
USA,1916-01-01,574
USA,1916-02-01,510
USA,1916-03-01,632
USA,1916-04-01,607
USA,1916-05-01,554
USA,1916-06-01,773
USA,1916-07-01,749
USA,1916-08-01,649
USA,1916-09-01,606
USA,1916-10-01,610
USA,1916-11-01,505
USA,1916-12-01,566
USA,1917-01-01,470
USA,1917-02-01,816
USA,1917-03-01,813
USA,1917-04-01,790
USA,1917-05-01,699
USA,1917-06-01,573
USA,1917-07-01,742
USA,1917-08-01,754
USA,1917-09-01,687
USA,1917-10-01,638
USA,1917-11-01,719
USA,1917-12-01,754
USA,1918-01-01,658
USA,1918-02-01,667
USA,1918-03-01,882
USA,1918-04-01,827
USA,1918-05-01,723
USA,1918-06-01,967
USA,1918-07-01,994
USA,1918-08-01,816
USA,1918-09-01,799
USA,1918-10-01,752
USA,1918-11-01,516
USA,1918-12-01,427
USA,1919-01-01,418
USA,1919-02-01,444
USA,1919-03-01,456
USA,1919-04-01,426
USA,1919-05-01,348
USA,1919-06-01,393
USA,1919-07-01,379
USA,1919-08-01,361
USA,1919-09-01,306
USA,1919-10-01,334
USA,1919-11-01,338
USA,1919-12-01,280
USA,1920-01-01,245
USA,1920-02-01,213
USA,1920-03-01,290
USA,1920-04-01,292
USA,1920-05-01,198
USA,1920-06-01,174
USA,1920-07-01,227
USA,1920-08-01,231
USA,1920-09-01,155
USA,1920-10-01,220
USA,1920-11-01,172
USA,1920-12-01,189
USA,1921-01-01,136
USA,1921-02-01,155
USA,1921-03-01,196
USA,1921-04-01,174
USA,1921-05-01,205
USA,1921-06-01,197
USA,1921-07-01,178
USA,1921-08-01,176
USA,1921-09-01,136
USA,1921-10-01,202
USA,1921-11-01,206
USA,1921-12-01,189
USA,1922-01-01,163
USA,1922-02-01,143
USA,1922-03-01,169
USA,1922-04-01,201
USA,1922-05-01,170
USA,1922-06-01,173
USA,1922-07-01,222
USA,1922-08-01,161
USA,1922-09-01,196
USA,1922-10-01,153
USA,1922-11-01,138
USA,1922-12-01,143
USA,1923-01-01,230
USA,1923-02-01,168
USA,1923-03-01,142
USA,1923-04-01,131
USA,1923-05-01,177
USA,1923-06-01,122
USA,1923-07-01,159
USA,1923-08-01,107
USA,1923-09-01,194
USA,1923-10-01,125
USA,1923-11-01,112
USA,1923-12-01,158
USA,1924-01-01,178
USA,1924-02-01,118
USA,1924-03-01,100
USA,1924-04-01,132
USA,1924-05-01,116
USA,1924-06-01,102
USA,1924-07-01,158
USA,1924-08-01,183
USA,1924-09-01,206
USA,1924-10-01,148
USA,1924-11-01,139
USA,1924-12-01,133
USA,1925-01-01,113
USA,1925-02-01,113
USA,1925-03-01,120
USA,1925-04-01,156
USA,1925-05-01,135
USA,1925-06-01,144
USA,1925-07-01,146
USA,1925-08-01,150
USA,1925-09-01,129
USA,1925-10-01,165
USA,1925-11-01,112
USA,1925-12-01,114
USA,1926-01-01,81
USA,1926-02-01,92
USA,1926-03-01,90
USA,1926-04-01,127
USA,1926-05-01,181
USA,1926-06-01,112
USA,1926-07-01,107
USA,1926-08-01,120
USA,1926-09-01,141
USA,1926-10-01,114
USA,1926-11-01,116
USA,1926-12-01,132
USA,1927-01-01,229
USA,1927-02-01,170
USA,1927-03-01,221
USA,1927-04-01,195
USA,1927-05-01,129
USA,1927-06-01,134
USA,1927-07-01,127
USA,1927-08-01,131
USA,1927-09-01,113
USA,1927-10-01,158
USA,1927-11-01,161
USA,1927-12-01,154
USA,1928-01-01,183
USA,1928-02-01,129
USA,1928-03-01,157
USA,1928-04-01,142
USA,1928-05-01,153
USA,1928-06-01,120
USA,1928-07-01,124
USA,1928-08-01,124
USA,1928-09-01,105
USA,1928-10-01,96
USA,1928-11-01,103
USA,1928-12-01,179
USA,1929-01-01,143
USA,1929-02-01,147
USA,1929-03-01,188
USA,1929-04-01,171
USA,1929-05-01,142
USA,1929-06-01,106
USA,1929-07-01,208
USA,1929-08-01,157
USA,1929-09-01,127
USA,1929-10-01,130
USA,1929-11-01,133
USA,1929-12-01,148
USA,1930-01-01,132
USA,1930-02-01,120
USA,1930-03-01,177
USA,1930-04-01,143
USA,1930-05-01,135
USA,1930-06-01,148
USA,1930-07-01,138
USA,1930-08-01,145
USA,1930-09-01,158
USA,1930-10-01,246
USA,1930-11-01,162
USA,1930-12-01,143
USA,1931-01-01,136
USA,1931-02-01,117
USA,1931-03-01,155
USA,1931-04-01,147
USA,1931-05-01,186
USA,1931-06-01,124
USA,1931-07-01,139
USA,1931-08-01,159
USA,1931-09-01,161
USA,1931-10-01,203
USA,1931-11-01,284
USA,1931-12-01,182
USA,1932-01-01,256
USA,1932-02-01,421
USA,1932-03-01,250
USA,1932-04-01,193
USA,1932-05-01,169
USA,1932-06-01,138
USA,1932-07-01,184
USA,1932-08-01,229
USA,1932-09-01,220
USA,1932-10-01,168
USA,1932-11-01,157
USA,1932-12-01,158
USA,1933-01-01,181
USA,1933-02-01,302
USA,1933-03-01,265
USA,1933-04-01,192
USA,1933-05-01,251
USA,1933-06-01,135
USA,1933-07-01,108
USA,1933-08-01,167
USA,1933-09-01,161
USA,1933-10-01,203
USA,1933-11-01,145
USA,1933-12-01,156
USA,1934-01-01,150
USA,1934-02-01,161
USA,1934-03-01,171
USA,1934-04-01,162
USA,1934-05-01,245
USA,1934-06-01,179
USA,1934-07-01,274
USA,1934-08-01,171
USA,1934-09-01,229
USA,1934-10-01,166
USA,1934-11-01,176
USA,1934-12-01,235
USA,1935-01-01,163
USA,1935-02-01,166
USA,1935-03-01,275
USA,1935-04-01,215
USA,1935-05-01,166
USA,1935-06-01,172
USA,1935-07-01,253
USA,1935-08-01,322
USA,1935-09-01,460
USA,1935-10-01,648
USA,1935-11-01,348
USA,1935-12-01,386
USA,1936-01-01,292
USA,1936-02-01,274
USA,1936-03-01,377
USA,1936-04-01,250
USA,1936-05-01,251
USA,1936-06-01,258
USA,1936-07-01,283
USA,1936-08-01,483
USA,1936-09-01,399
USA,1936-10-01,344
USA,1936-11-01,410
USA,1936-12-01,355
USA,1937-01-01,336
USA,1937-02-01,235
USA,1937-03-01,276
USA,1937-04-01,272
USA,1937-05-01,231
USA,1937-06-01,252
USA,1937-07-01,334
USA,1937-08-01,346
USA,1937-09-01,433
USA,1937-10-01,410
USA,1937-11-01,307
USA,1937-12-01,316
USA,1938-01-01,297
USA,1938-02-01,290
USA,1938-03-01,370
USA,1938-04-01,271
USA,1938-05-01,356
USA,1938-06-01,275
USA,1938-07-01,256
USA,1938-08-01,326
USA,1938-09-01,668
USA,1938-10-01,488
USA,1938-11-01,244
USA,1938-12-01,261
USA,1939-01-01,415
USA,1939-02-01,302
USA,1939-03-01,404
USA,1939-04-01,545
USA,1939-05-01,310
USA,1939-06-01,351
USA,1939-07-01,405
USA,1939-08-01,593
USA,1939-09-01,1637
USA,1939-10-01,1311
USA,1939-11-01,972
USA,1939-12-01,818
USA,1940-01-01,735
USA,1940-02-01,645
USA,1940-03-01,645
USA,1940-04-01,712
USA,1940-05-01,974
USA,1940-06-01,1019
USA,1940-07-01,734
USA,1940-08-01,751
USA,1940-09-01,697
USA,1940-10-01,693
USA,1940-11-01,605
USA,1940-12-01,709
USA,1941-01-01,760
USA,1941-02-01,687
USA,1941-03-01,810
USA,1941-04-01,820
USA,1941-05-01,839
USA,1941-06-01,923
USA,1941-07-01,873
USA,1941-08-01,758
USA,1941-09-01,747
USA,1941-10-01,745
USA,1941-11-01,750
USA,1941-12-01,1703
USA,1942-01-01,1298
USA,1942-02-01,1130
USA,1942-03-01,1089
USA,1942-04-01,1010
USA,1942-05-01,1008
USA,1942-06-01,1013
USA,1942-07-01,955
USA,1942-08-01,1163
USA,1942-09-01,1006
USA,1942-10-01,1094
USA,1942-11-01,1108
USA,1942-12-01,1177
USA,1943-01-01,1112
USA,1943-02-01,940
USA,1943-03-01,1100
USA,1943-04-01,1022
USA,1943-05-01,1112
USA,1943-06-01,1065
USA,1943-07-01,1220
USA,1943-08-01,1095
USA,1943-09-01,1219
USA,1943-10-01,1048
USA,1943-11-01,940
USA,1943-12-01,995
USA,1944-01-01,1047
USA,1944-02-01,877
USA,1944-03-01,934
USA,1944-04-01,1017
USA,1944-05-01,1073
USA,1944-06-01,1244
USA,1944-07-01,1046
USA,1944-08-01,1040
USA,1944-09-01,1004
USA,1944-10-01,1034
USA,1944-11-01,951
USA,1944-12-01,1020
USA,1945-01-01,870
USA,1945-02-01,775
USA,1945-03-01,893
USA,1945-04-01,754
USA,1945-05-01,644
USA,1945-06-01,634
USA,1945-07-01,673
USA,1945-08-01,742
USA,1945-09-01,441
USA,1945-10-01,525
USA,1945-11-01,498
USA,1945-12-01,403
USA,1946-01-01,412
USA,1946-02-01,347
USA,1946-03-01,439
USA,1946-04-01,360
USA,1946-05-01,405
USA,1946-06-01,406
USA,1946-07-01,406
USA,1946-08-01,376
USA,1946-09-01,388
USA,1946-10-01,379
USA,1946-11-01,329
USA,1946-12-01,370
USA,1947-01-01,318
USA,1947-02-01,282
USA,1947-03-01,392
USA,1947-04-01,315
USA,1947-05-01,278
USA,1947-06-01,304
USA,1947-07-01,343
USA,1947-08-01,354
USA,1947-09-01,325
USA,1947-10-01,309
USA,1947-11-01,284
USA,1947-12-01,298
USA,1948-01-01,294
USA,1948-02-01,322
USA,1948-03-01,454
USA,1948-04-01,405
USA,1948-05-01,430
USA,1948-06-01,344
USA,1948-07-01,448
USA,1948-08-01,333
USA,1948-09-01,386
USA,1948-10-01,469
USA,1948-11-01,331
USA,1948-12-01,292
USA,1949-01-01,325
USA,1949-02-01,290
USA,1949-03-01,278
USA,1949-04-01,311
USA,1949-05-01,345
USA,1949-06-01,264
USA,1949-07-01,267
USA,1949-08-01,279
USA,1949-09-01,327
USA,1949-10-01,320
USA,1949-11-01,222
USA,1949-12-01,240
USA,1950-01-01,278
USA,1950-02-01,328
USA,1950-03-01,266
USA,1950-04-01,283
USA,1950-05-01,307
USA,1950-06-01,350
USA,1950-07-01,832
USA,1950-08-01,804
USA,1950-09-01,700
USA,1950-10-01,528
USA,1950-11-01,536
USA,1950-12-01,844
USA,1951-01-01,776
USA,1951-02-01,580
USA,1951-03-01,535
USA,1951-04-01,552
USA,1951-05-01,665
USA,1951-06-01,484
USA,1951-07-01,479
USA,1951-08-01,468
USA,1951-09-01,420
USA,1951-10-01,545
USA,1951-11-01,535
USA,1951-12-01,421
USA,1952-01-01,492
USA,1952-02-01,359
USA,1952-03-01,370
USA,1952-04-01,354
USA,1952-05-01,392
USA,1952-06-01,389
USA,1952-07-01,304
USA,1952-08-01,294
USA,1952-09-01,320
USA,1952-10-01,382
USA,1952-11-01,346
USA,1952-12-01,316
USA,1953-01-01,327
USA,1953-02-01,419
USA,1953-03-01,411
USA,1953-04-01,356
USA,1953-05-01,407
USA,1953-06-01,404
USA,1953-07-01,362
USA,1953-08-01,335
USA,1953-09-01,291
USA,1953-10-01,355
USA,1953-11-01,218
USA,1953-12-01,309
USA,1954-01-01,294
USA,1954-02-01,237
USA,1954-03-01,342
USA,1954-04-01,457
USA,1954-05-01,299
USA,1954-06-01,381
USA,1954-07-01,331
USA,1954-08-01,255
USA,1954-09-01,252
USA,1954-10-01,222
USA,1954-11-01,287
USA,1954-12-01,285
USA,1955-01-01,337
USA,1955-02-01,346
USA,1955-03-01,402
USA,1955-04-01,322
USA,1955-05-01,290
USA,1955-06-01,269
USA,1955-07-01,265
USA,1955-08-01,255
USA,1955-09-01,248
USA,1955-10-01,287
USA,1955-11-01,275
USA,1955-12-01,262
USA,1956-01-01,367
USA,1956-02-01,363
USA,1956-03-01,336
USA,1956-04-01,317
USA,1956-05-01,273
USA,1956-06-01,274
USA,1956-07-01,292
USA,1956-08-01,300
USA,1956-09-01,315
USA,1956-10-01,395
USA,1956-11-01,591
USA,1956-12-01,361
USA,1957-01-01,393
USA,1957-02-01,387
USA,1957-03-01,290
USA,1957-04-01,339
USA,1957-05-01,367
USA,1957-06-01,347
USA,1957-07-01,295
USA,1957-08-01,261
USA,1957-09-01,287
USA,1957-10-01,404
USA,1957-11-01,352
USA,1957-12-01,365
USA,1958-01-01,355
USA,1958-02-01,341
USA,1958-03-01,376
USA,1958-04-01,452
USA,1958-05-01,400
USA,1958-06-01,324
USA,1958-07-01,498
USA,1958-08-01,401
USA,1958-09-01,453
USA,1958-10-01,359
USA,1958-11-01,341
USA,1958-12-01,230
USA,1959-01-01,261
USA,1959-02-01,232
USA,1959-03-01,356
USA,1959-04-01,279
USA,1959-05-01,309
USA,1959-06-01,297
USA,1959-07-01,256
USA,1959-08-01,290
USA,1959-09-01,257
USA,1959-10-01,234
USA,1959-11-01,247
USA,1959-12-01,218
USA,1960-01-01,226
USA,1960-02-01,289
USA,1960-03-01,270
USA,1960-04-01,311
USA,1960-05-01,363
USA,1960-06-01,285
USA,1960-07-01,276
USA,1960-08-01,324
USA,1960-09-01,336
USA,1960-10-01,353
USA,1960-11-01,311
USA,1960-12-01,283
USA,1961-01-01,320
USA,1961-02-01,230
USA,1961-03-01,315
USA,1961-04-01,455
USA,1961-05-01,387
USA,1961-06-01,366
USA,1961-07-01,456
USA,1961-08-01,522
USA,1961-09-01,599
USA,1961-10-01,479
USA,1961-11-01,447
USA,1961-12-01,473
USA,1962-01-01,362
USA,1962-02-01,363
USA,1962-03-01,460
USA,1962-04-01,420
USA,1962-05-01,395
USA,1962-06-01,337
USA,1962-07-01,317
USA,1962-08-01,273
USA,1962-09-01,404
USA,1962-10-01,874
USA,1962-11-01,608
USA,1962-12-01,377
USA,1963-01-01,336
USA,1963-02-01,375
USA,1963-03-01,322
USA,1963-04-01,424
USA,1963-05-01,385
USA,1963-06-01,327
USA,1963-07-01,496
USA,1963-08-01,542
USA,1963-09-01,445
USA,1963-10-01,423
USA,1963-11-01,358
USA,1963-12-01,285
USA,1964-01-01,299
USA,1964-02-01,286
USA,1964-03-01,294
USA,1964-04-01,264
USA,1964-05-01,287
USA,1964-06-01,360
USA,1964-07-01,404
USA,1964-08-01,454
USA,1964-09-01,331
USA,1964-10-01,373
USA,1964-11-01,322
USA,1964-12-01,354
USA,1965-01-01,257
USA,1965-02-01,301
USA,1965-03-01,274
USA,1965-04-01,312
USA,1965-05-01,413
USA,1965-06-01,335
USA,1965-07-01,366
USA,1965-08-01,360
USA,1965-09-01,464
USA,1965-10-01,363
USA,1965-11-01,329
USA,1965-12-01,440
USA,1966-01-01,407
USA,1966-02-01,386
USA,1966-03-01,331
USA,1966-04-01,327
USA,1966-05-01,366
USA,1966-06-01,318
USA,1966-07-01,380
USA,1966-08-01,316
USA,1966-09-01,303
USA,1966-10-01,344
USA,1966-11-01,337
USA,1966-12-01,346
USA,1967-01-01,308
USA,1967-02-01,326
USA,1967-03-01,403
USA,1967-04-01,352
USA,1967-05-01,469
USA,1967-06-01,662
USA,1967-07-01,510
USA,1967-08-01,431
USA,1967-09-01,355
USA,1967-10-01,404
USA,1967-11-01,368
USA,1967-12-01,381
USA,1968-01-01,422
USA,1968-02-01,493
USA,1968-03-01,429
USA,1968-04-01,378
USA,1968-05-01,329
USA,1968-06-01,276
USA,1968-07-01,339
USA,1968-08-01,435
USA,1968-09-01,424
USA,1968-10-01,350
USA,1968-11-01,328
USA,1968-12-01,284
USA,1969-01-01,367
USA,1969-02-01,327
USA,1969-03-01,503
USA,1969-04-01,393
USA,1969-05-01,306
USA,1969-06-01,312
USA,1969-07-01,311
USA,1969-08-01,323
USA,1969-09-01,302
USA,1969-10-01,316
USA,1969-11-01,398
USA,1969-12-01,293
USA,1970-01-01,357
USA,1970-02-01,328
USA,1970-03-01,358
USA,1970-04-01,328
USA,1970-05-01,461
USA,1970-06-01,339
USA,1970-07-01,366
USA,1970-08-01,387
USA,1970-09-01,619
USA,1970-10-01,397
USA,1970-11-01,258
USA,1970-12-01,258
USA,1971-01-01,301
USA,1971-02-01,325
USA,1971-03-01,317
USA,1971-04-01,322
USA,1971-05-01,260
USA,1971-06-01,240
USA,1971-07-01,326
USA,1971-08-01,261
USA,1971-09-01,271
USA,1971-10-01,297
USA,1971-11-01,319
USA,1971-12-01,383
USA,1972-01-01,309
USA,1972-02-01,258
USA,1972-03-01,241
USA,1972-04-01,378
USA,1972-05-01,444
USA,1972-06-01,341
USA,1972-07-01,260
USA,1972-08-01,238
USA,1972-09-01,340
USA,1972-10-01,258
USA,1972-11-01,253
USA,1972-12-01,235
USA,1973-01-01,246
USA,1973-02-01,172
USA,1973-03-01,244
USA,1973-04-01,276
USA,1973-05-01,221
USA,1973-06-01,199
USA,1973-07-01,251
USA,1973-08-01,253
USA,1973-09-01,214
USA,1973-10-01,565
USA,1973-11-01,394
USA,1973-12-01,299
USA,1974-01-01,274
USA,1974-02-01,235
USA,1974-03-01,284
USA,1974-04-01,219
USA,1974-05-01,237
USA,1974-06-01,253
USA,1974-07-01,296
USA,1974-08-01,251
USA,1974-09-01,203
USA,1974-10-01,224
USA,1974-11-01,250
USA,1974-12-01,266
USA,1975-01-01,280
USA,1975-02-01,294
USA,1975-03-01,332
USA,1975-04-01,313
USA,1975-05-01,278
USA,1975-06-01,268
USA,1975-07-01,318
USA,1975-08-01,336
USA,1975-09-01,245
USA,1975-10-01,221
USA,1975-11-01,237
USA,1975-12-01,236
USA,1976-01-01,272
USA,1976-02-01,180
USA,1976-03-01,248
USA,1976-04-01,219
USA,1976-05-01,259
USA,1976-06-01,250
USA,1976-07-01,256
USA,1976-08-01,314
USA,1976-09-01,246
USA,1976-10-01,247
USA,1976-11-01,202
USA,1976-12-01,224
USA,1977-01-01,202
USA,1977-02-01,211
USA,1977-03-01,239
USA,1977-04-01,287
USA,1977-05-01,294
USA,1977-06-01,245
USA,1977-07-01,289
USA,1977-08-01,259
USA,1977-09-01,235
USA,1977-10-01,314
USA,1977-11-01,260
USA,1977-12-01,209
USA,1978-01-01,240
USA,1978-02-01,274
USA,1978-03-01,381
USA,1978-04-01,298
USA,1978-05-01,414
USA,1978-06-01,360
USA,1978-07-01,298
USA,1978-08-01,158
USA,1978-09-01,135
USA,1978-10-01,138
USA,1978-11-01,243
USA,1978-12-01,286
USA,1979-01-01,289
USA,1979-02-01,317
USA,1979-03-01,337
USA,1979-04-01,342
USA,1979-05-01,294
USA,1979-06-01,368
USA,1979-07-01,297
USA,1979-08-01,249
USA,1979-09-01,283
USA,1979-10-01,327
USA,1979-11-01,333
USA,1979-12-01,370
USA,1980-01-01,569
USA,1980-02-01,388
USA,1980-03-01,344
USA,1980-04-01,468
USA,1980-05-01,330
USA,1980-06-01,315
USA,1980-07-01,238
USA,1980-08-01,256
USA,1980-09-01,379
USA,1980-10-01,475
USA,1980-11-01,355
USA,1980-12-01,356
USA,1981-01-01,399
USA,1981-02-01,318
USA,1981-03-01,323
USA,1981-04-01,377
USA,1981-05-01,386
USA,1981-06-01,426
USA,1981-07-01,303
USA,1981-08-01,341
USA,1981-09-01,312
USA,1981-10-01,368
USA,1981-11-01,438
USA,1981-12-01,500
USA,1982-01-01,424
USA,1982-02-01,367
USA,1982-03-01,454
USA,1982-04-01,631
USA,1982-05-01,643
USA,1982-06-01,614
USA,1982-07-01,470
USA,1982-08-01,354
USA,1982-09-01,345
USA,1982-10-01,376
USA,1982-11-01,389
USA,1982-12-01,376
USA,1983-01-01,371
USA,1983-02-01,333
USA,1983-03-01,360
USA,1983-04-01,409
USA,1983-05-01,434
USA,1983-06-01,391
USA,1983-07-01,357
USA,1983-08-01,359
USA,1983-09-01,551
USA,1983-10-01,550
USA,1983-11-01,609
USA,1983-12-01,518
USA,1984-01-01,452
USA,1984-02-01,384
USA,1984-03-01,397
USA,1984-04-01,400
USA,1984-05-01,470
USA,1984-06-01,449
USA,1984-07-01,310
USA,1984-08-01,289
USA,1984-09-01,347
USA,1984-10-01,365
USA,1984-11-01,341
USA,1984-12-01,334
USA,1985-01-01,305
USA,1985-02-01,325
USA,1985-03-01,385
USA,1985-04-01,271
USA,1985-05-01,338
USA,1985-06-01,537
USA,1985-07-01,407
USA,1985-08-01,236
USA,1985-09-01,331
USA,1985-10-01,393
USA,1985-11-01,341
USA,1985-12-01,321
USA,1986-01-01,418
USA,1986-02-01,285
USA,1986-03-01,329
USA,1986-04-01,547
USA,1986-05-01,372
USA,1986-06-01,290
USA,1986-07-01,297
USA,1986-08-01,324
USA,1986-09-01,378
USA,1986-10-01,385
USA,1986-11-01,390
USA,1986-12-01,310
USA,1987-01-01,294
USA,1987-02-01,281
USA,1987-03-01,276
USA,1987-04-01,350
USA,1987-05-01,316
USA,1987-06-01,274
USA,1987-07-01,301
USA,1987-08-01,318
USA,1987-09-01,381
USA,1987-10-01,322
USA,1987-11-01,327
USA,1987-12-01,380
USA,1988-01-01,269
USA,1988-02-01,270
USA,1988-03-01,368
USA,1988-04-01,370
USA,1988-05-01,355
USA,1988-06-01,246
USA,1988-07-01,250
USA,1988-08-01,259
USA,1988-09-01,257
USA,1988-10-01,249
USA,1988-11-01,215
USA,1988-12-01,285
USA,1989-01-01,294
USA,1989-02-01,299
USA,1989-03-01,299
USA,1989-04-01,280
USA,1989-05-01,351
USA,1989-06-01,298
USA,1989-07-01,262
USA,1989-08-01,349
USA,1989-09-01,279
USA,1989-10-01,248
USA,1989-11-01,338
USA,1989-12-01,379
USA,1990-01-01,283
USA,1990-02-01,256
USA,1990-03-01,241
USA,1990-04-01,268
USA,1990-05-01,311
USA,1990-06-01,262
USA,1990-07-01,264
USA,1990-08-01,703
USA,1990-09-01,555
USA,1990-10-01,474
USA,1990-11-01,506
USA,1990-12-01,471
USA,1991-01-01,965
USA,1991-02-01,836
USA,1991-03-01,498
USA,1991-04-01,324
USA,1991-05-01,305
USA,1991-06-01,274
USA,1991-07-01,348
USA,1991-08-01,318
USA,1991-09-01,367
USA,1991-10-01,346
USA,1991-11-01,280
USA,1991-12-01,337
USA,1992-01-01,313
USA,1992-02-01,281
USA,1992-03-01,271
USA,1992-04-01,300
USA,1992-05-01,283
USA,1992-06-01,313
USA,1992-07-01,259
USA,1992-08-01,259
USA,1992-09-01,263
USA,1992-10-01,226
USA,1992-11-01,326
USA,1992-12-01,269
USA,1993-01-01,404
USA,1993-02-01,275
USA,1993-03-01,313
USA,1993-04-01,361
USA,1993-05-01,352
USA,1993-06-01,320
USA,1993-07-01,399
USA,1993-08-01,266
USA,1993-09-01,296
USA,1993-10-01,375
USA,1993-11-01,283
USA,1993-12-01,266
USA,1994-01-01,274
USA,1994-02-01,401
USA,1994-03-01,324
USA,1994-04-01,310
USA,1994-05-01,388
USA,1994-06-01,400
USA,1994-07-01,357
USA,1994-08-01,271
USA,1994-09-01,309
USA,1994-10-01,330
USA,1994-11-01,283
USA,1994-12-01,318
USA,1995-01-01,237
USA,1995-02-01,226
USA,1995-03-01,251
USA,1995-04-01,334
USA,1995-05-01,268
USA,1995-06-01,307
USA,1995-07-01,301
USA,1995-08-01,302
USA,1995-09-01,184
USA,1995-10-01,243
USA,1995-11-01,197
USA,1995-12-01,210
USA,1996-01-01,207
USA,1996-02-01,232
USA,1996-03-01,242
USA,1996-04-01,213
USA,1996-05-01,185
USA,1996-06-01,176
USA,1996-07-01,212
USA,1996-08-01,214
USA,1996-09-01,257
USA,1996-10-01,153
USA,1996-11-01,159
USA,1996-12-01,194
USA,1997-01-01,140
USA,1997-02-01,123
USA,1997-03-01,164
USA,1997-04-01,166
USA,1997-05-01,157
USA,1997-06-01,98
USA,1997-07-01,108
USA,1997-08-01,133
USA,1997-09-01,124
USA,1997-10-01,151
USA,1997-11-01,204
USA,1997-12-01,139
USA,1998-01-01,153
USA,1998-02-01,228
USA,1998-03-01,199
USA,1998-04-01,147
USA,1998-05-01,301
USA,1998-06-01,247
USA,1998-07-01,193
USA,1998-08-01,307
USA,1998-09-01,229
USA,1998-10-01,180
USA,1998-11-01,230
USA,1998-12-01,229
USA,1999-01-01,210
USA,1999-02-01,156
USA,1999-03-01,316
USA,1999-04-01,369
USA,1999-05-01,301
USA,1999-06-01,251
USA,1999-07-01,179
USA,1999-08-01,168
USA,1999-09-01,230
USA,1999-10-01,254
USA,1999-11-01,179
USA,1999-12-01,289
USA,2000-01-01,217
USA,2000-02-01,215
USA,2000-03-01,173
USA,2000-04-01,166
USA,2000-05-01,251
USA,2000-06-01,207
USA,2000-07-01,160
USA,2000-08-01,143
USA,2000-09-01,199
USA,2000-10-01,285
USA,2000-11-01,167
USA,2000-12-01,173
USA,2001-01-01,181
USA,2001-02-01,145
USA,2001-03-01,196
USA,2001-04-01,174
USA,2001-05-01,216
USA,2001-06-01,228
USA,2001-07-01,225
USA,2001-08-01,211
USA,2001-09-01,1371
USA,2001-10-01,1550
USA,2001-11-01,1050
USA,2001-12-01,841
USA,2002-01-01,620
USA,2002-02-01,475
USA,2002-03-01,561
USA,2002-04-01,520
USA,2002-05-01,561
USA,2002-06-01,493
USA,2002-07-01,385
USA,2002-08-01,377
USA,2002-09-01,516
USA,2002-10-01,604
USA,2002-11-01,544
USA,2002-12-01,551
USA,2003-01-01,669
USA,2003-02-01,641
USA,2003-03-01,1299
USA,2003-04-01,1051
USA,2003-05-01,641
USA,2003-06-01,593
USA,2003-07-01,530
USA,2003-08-01,521
USA,2003-09-01,474
USA,2003-10-01,485
USA,2003-11-01,451
USA,2003-12-01,499
USA,2004-01-01,459
USA,2004-02-01,452
USA,2004-03-01,501
USA,2004-04-01,572
USA,2004-05-01,497
USA,2004-06-01,567
USA,2004-07-01,548
USA,2004-08-01,570
USA,2004-09-01,610
USA,2004-10-01,520
USA,2004-11-01,490
USA,2004-12-01,386
USA,2005-01-01,374
USA,2005-02-01,396
USA,2005-03-01,360
USA,2005-04-01,353
USA,2005-05-01,392
USA,2005-06-01,328
USA,2005-07-01,552
USA,2005-08-01,397
USA,2005-09-01,398
USA,2005-10-01,376
USA,2005-11-01,306
USA,2005-12-01,366
USA,2006-01-01,361
USA,2006-02-01,331
USA,2006-03-01,387
USA,2006-04-01,321
USA,2006-05-01,348
USA,2006-06-01,365
USA,2006-07-01,451
USA,2006-08-01,439
USA,2006-09-01,446
USA,2006-10-01,426
USA,2006-11-01,326
USA,2006-12-01,345
USA,2007-01-01,403
USA,2007-02-01,360
USA,2007-03-01,338
USA,2007-04-01,297
USA,2007-05-01,300
USA,2007-06-01,351
USA,2007-07-01,373
USA,2007-08-01,302
USA,2007-09-01,361
USA,2007-10-01,397
USA,2007-11-01,296
USA,2007-12-01,321
USA,2008-01-01,302
USA,2008-02-01,297
USA,2008-03-01,270
USA,2008-04-01,255
USA,2008-05-01,246
USA,2008-06-01,260
USA,2008-07-01,287
USA,2008-08-01,282
USA,2008-09-01,288
USA,2008-10-01,203
USA,2008-11-01,236
USA,2008-12-01,247
USA,2009-01-01,213
USA,2009-02-01,204
USA,2009-03-01,201
USA,2009-04-01,228
USA,2009-05-01,263
USA,2009-06-01,224
USA,2009-07-01,217
USA,2009-08-01,189
USA,2009-09-01,245
USA,2009-10-01,272
USA,2009-11-01,216
USA,2009-12-01,272
USA,2010-01-01,258
USA,2010-02-01,212
USA,2010-03-01,193
USA,2010-04-01,228
USA,2010-05-01,272
USA,2010-06-01,287
USA,2010-07-01,199
USA,2010-08-01,217
USA,2010-09-01,195
USA,2010-10-01,190
USA,2010-11-01,242
USA,2010-12-01,236
USA,2011-01-01,196
USA,2011-02-01,190
USA,2011-03-01,319
USA,2011-04-01,224
USA,2011-05-01,279
USA,2011-06-01,235
USA,2011-07-01,198
USA,2011-08-01,205
USA,2011-09-01,208
USA,2011-10-01,188
USA,2011-11-01,217
USA,2011-12-01,215
USA,2012-01-01,207
USA,2012-02-01,213
USA,2012-03-01,234
USA,2012-04-01,228
USA,2012-05-01,206
USA,2012-06-01,167
USA,2012-07-01,195
USA,2012-08-01,199
USA,2012-09-01,187
USA,2012-10-01,213
USA,2012-11-01,213
USA,2012-12-01,198
USA,2013-01-01,214
USA,2013-02-01,209
USA,2013-03-01,177
USA,2013-04-01,236
USA,2013-05-01,233
USA,2013-06-01,221
USA,2013-07-01,169
USA,2013-08-01,207
USA,2013-09-01,268
USA,2013-10-01,207
USA,2013-11-01,207
USA,2013-12-01,204
USA,2014-01-01,212
USA,2014-02-01,178
USA,2014-03-01,288
USA,2014-04-01,221
USA,2014-05-01,221
USA,2014-06-01,238
USA,2014-07-01,299
USA,2014-08-01,264
USA,2014-09-01,303
USA,2014-10-01,214
USA,2014-11-01,202
USA,2014-12-01,192
USA,2015-01-01,247
USA,2015-02-01,241
USA,2015-03-01,275
USA,2015-04-01,252
USA,2015-05-01,185
USA,2015-06-01,207
USA,2015-07-01,255
USA,2015-08-01,211
USA,2015-09-01,251
USA,2015-10-01,258
USA,2015-11-01,315
USA,2015-12-01,338
USA,2016-01-01,251
USA,2016-02-01,209
USA,2016-03-01,245
USA,2016-04-01,217
USA,2016-05-01,189
USA,2016-06-01,168
USA,2016-07-01,227
USA,2016-08-01,186
USA,2016-09-01,234
USA,2016-10-01,200
USA,2016-11-01,176
USA,2016-12-01,214
USA,2017-01-01,239
USA,2017-02-01,239
USA,2017-03-01,219
USA,2017-04-01,241
USA,2017-05-01,208
USA,2017-06-01,281
USA,2017-07-01,225
USA,2017-08-01,272
USA,2017-09-01,248
USA,2017-10-01,206
USA,2017-11-01,153
USA,2017-12-01,157
USA,2018-01-01,163
USA,2018-02-01,136
USA,2018-03-01,197
USA,2018-04-01,191
USA,2018-05-01,210
USA,2018-06-01,195
USA,2018-07-01,170
USA,2018-08-01,177
USA,2018-09-01,128
USA,2018-10-01,151
USA,2018-11-01,129
USA,2018-12-01,149
USA,2019-01-01,160
USA,2019-02-01,166
USA,2019-03-01,159
USA,2019-04-01,141
USA,2019-05-01,184
USA,2019-06-01,174
USA,2019-07-01,161
USA,2019-08-01,220
USA,2019-09-01,165
USA,2019-10-01,181
USA,2019-11-01,152
USA,2019-12-01,115
USA,2020-01-01,240
USA,2020-02-01,138
USA,2020-03-01,189
USA,2020-04-01,159
USA,2020-05-01,187
USA,2020-06-01,153
USA,2020-07-01,150
USA,2020-08-01,139
USA,2020-09-01,144
USA,2020-10-01,139
USA,2020-11-01,122
USA,2020-12-01,131
