ms_code,year,issue,n_votes,agree_usa_strict,agree_chn_strict
IDN,1950,uncategorized,4,1.0,1.0
IDN,1951,uncategorized,1,1.0,1.0
IDN,1952,economic_development,2,0.5,1.0
IDN,1952,human_rights,1,0.0,
IDN,1952,uncategorized,10,0.7,0.8571428571428571
IDN,1953,economic_development,1,1.0,1.0
IDN,1953,human_rights,1,1.0,1.0
IDN,1953,uncategorized,3,0.6666666666666666,0.6666666666666666
IDN,1954,uncategorized,0,,
IDN,1955,uncategorized,0,,0.0
IDN,1956,uncategorized,3,1.0,1.0
IDN,1957,disarmament,0,,
IDN,1957,israel_palestine,0,,
IDN,1957,uncategorized,7,0.7142857142857143,0.8
IDN,1958,disarmament,0,,
IDN,1958,economic_development,0,,1.0
IDN,1958,uncategorized,5,1.0,1.0
IDN,1959,nuclear_weapons,0,,
IDN,1959,uncategorized,3,0.6666666666666666,0.75
IDN,1960,colonization,1,1.0,1.0
IDN,1960,human_rights,1,1.0,1.0
IDN,1960,nuclear_weapons,0,,1.0
IDN,1960,uncategorized,5,0.4,0.4
IDN,1961,economic_development,1,1.0,
IDN,1961,human_rights,0,,
IDN,1961,israel_palestine,0,,
IDN,1961,nuclear_weapons,1,1.0,1.0
IDN,1961,uncategorized,6,0.8333333333333334,0.7142857142857143
IDN,1962,colonization,2,0.5,1.0
IDN,1962,nuclear_weapons,0,,
IDN,1962,uncategorized,6,0.8333333333333334,1.0
IDN,1963,nuclear_weapons,1,1.0,1.0
IDN,1963,uncategorized,8,0.75,0.9090909090909091
IDN,1966,colonization,0,,1.0
IDN,1966,human_rights,2,1.0,1.0
IDN,1966,nuclear_weapons,0,,
IDN,1966,uncategorized,3,0.3333333333333333,0.75
IDN,1967,colonization,0,,1.0
IDN,1967,economic_development,1,0.0,1.0
IDN,1967,human_rights,0,,1.0
IDN,1967,nuclear_weapons,1,1.0,1.0
IDN,1967,uncategorized,2,0.5,0.75
IDN,1968,colonization,1,0.0,1.0
IDN,1968,nuclear_weapons,2,1.0,1.0
IDN,1968,uncategorized,4,0.5,1.0
IDN,1969,colonization,0,,1.0
IDN,1969,disarmament,1,1.0,1.0
IDN,1969,economic_development,1,0.0,1.0
IDN,1969,human_rights,2,0.5,1.0
IDN,1969,israel_palestine,1,0.0,1.0
IDN,1969,uncategorized,2,0.0,1.0
IDN,1970,colonization,2,0.0,1.0
IDN,1970,economic_development,0,,1.0
IDN,1970,human_rights,3,0.3333333333333333,1.0
IDN,1970,israel_palestine,2,0.5,1.0
IDN,1970,nuclear_weapons,1,1.0,1.0
IDN,1970,uncategorized,3,0.3333333333333333,1.0
IDN,1971,colonization,2,0.5,
IDN,1971,disarmament,1,1.0,
IDN,1971,economic_development,4,0.75,
IDN,1971,human_rights,4,0.25,1.0
IDN,1971,israel_palestine,1,0.0,1.0
IDN,1971,nuclear_weapons,0,,0.0
IDN,1971,uncategorized,20,0.95,1.0
IDN,1972,colonization,1,1.0,1.0
IDN,1972,economic_development,2,1.0,1.0
IDN,1972,human_rights,3,0.6666666666666666,1.0
IDN,1972,israel_palestine,1,0.0,1.0
IDN,1972,nuclear_weapons,1,1.0,
IDN,1972,uncategorized,16,0.6875,0.9473684210526315
IDN,1973,colonization,1,0.0,1.0
IDN,1973,disarmament,1,1.0,0.0
IDN,1973,economic_development,1,1.0,1.0
IDN,1973,human_rights,2,0.0,1.0
IDN,1973,israel_palestine,2,0.0,1.0
IDN,1973,nuclear_weapons,1,1.0,0.3333333333333333
IDN,1973,uncategorized,11,0.8181818181818182,0.8823529411764706
IDN,1974,colonization,0,,1.0
IDN,1974,human_rights,2,0.0,1.0
IDN,1974,israel_palestine,4,0.0,1.0
IDN,1974,nuclear_weapons,0,,1.0
IDN,1974,uncategorized,8,0.375,1.0
IDN,1975,colonization,1,0.0,1.0
IDN,1975,disarmament,0,,0.0
IDN,1975,human_rights,5,0.4,1.0
IDN,1975,israel_palestine,3,0.6666666666666666,1.0
IDN,1975,nuclear_weapons,1,1.0,0.5
IDN,1975,uncategorized,7,0.7142857142857143,0.75
IDN,1976,colonization,1,0.0,1.0
IDN,1976,disarmament,0,,1.0
IDN,1976,economic_development,1,0.0,1.0
IDN,1976,human_rights,2,0.0,1.0
IDN,1976,israel_palestine,3,0.0,1.0
IDN,1976,nuclear_weapons,1,1.0,
IDN,1976,uncategorized,12,0.3333333333333333,0.9375
IDN,1977,colonization,3,0.0,1.0
IDN,1977,disarmament,1,1.0,0.5
IDN,1977,economic_development,3,1.0,1.0
IDN,1977,human_rights,7,0.42857142857142855,1.0
IDN,1977,israel_palestine,7,0.42857142857142855,1.0
IDN,1977,nuclear_weapons,3,1.0,0.6666666666666666
IDN,1977,uncategorized,13,0.8461538461538461,0.9333333333333333
IDN,1978,colonization,2,0.5,1.0
IDN,1978,disarmament,3,1.0,1.0
IDN,1978,economic_development,2,1.0,1.0
IDN,1978,human_rights,3,0.3333333333333333,1.0
IDN,1978,israel_palestine,4,0.25,1.0
IDN,1978,nuclear_weapons,3,0.6666666666666666,0.5
IDN,1978,uncategorized,15,0.7333333333333333,1.0
IDN,1979,colonization,1,0.0,1.0
IDN,1979,disarmament,1,1.0,1.0
IDN,1979,economic_development,1,0.0,1.0
IDN,1979,human_rights,3,1.0,1.0
IDN,1979,israel_palestine,6,0.3333333333333333,1.0
IDN,1979,nuclear_weapons,4,0.0,1.0
IDN,1979,uncategorized,28,0.4642857142857143,1.0
IDN,1980,colonization,2,0.0,1.0
IDN,1980,disarmament,1,1.0,1.0
IDN,1980,economic_development,1,1.0,1.0
IDN,1980,human_rights,4,0.25,1.0
IDN,1980,israel_palestine,7,0.14285714285714285,1.0
IDN,1980,nuclear_weapons,3,0.0,1.0
IDN,1980,uncategorized,20,0.35,0.9473684210526315
IDN,1981,colonization,2,0.0,1.0
IDN,1981,disarmament,1,1.0,1.0
IDN,1981,economic_development,1,0.0,1.0
IDN,1981,human_rights,5,0.6,1.0
IDN,1981,israel_palestine,9,0.1111111111111111,1.0
IDN,1981,nuclear_weapons,4,0.0,1.0
IDN,1981,uncategorized,24,0.4583333333333333,1.0
IDN,1982,colonization,3,0.3333333333333333,1.0
IDN,1982,disarmament,2,0.5,1.0
IDN,1982,economic_development,3,0.0,1.0
IDN,1982,human_rights,12,0.25,1.0
IDN,1982,israel_palestine,16,0.0625,1.0
IDN,1982,nuclear_weapons,10,0.1,0.8571428571428571
IDN,1982,uncategorized,29,0.41379310344827586,1.0
IDN,1983,colonization,2,0.5,1.0
IDN,1983,disarmament,2,0.5,1.0
IDN,1983,economic_development,1,1.0,1.0
IDN,1983,human_rights,8,0.25,1.0
IDN,1983,israel_palestine,11,0.09090909090909091,1.0
IDN,1983,nuclear_weapons,8,0.0,1.0
IDN,1983,uncategorized,15,0.4,1.0
IDN,1984,colonization,4,0.25,1.0
IDN,1984,disarmament,0,,1.0
IDN,1984,economic_development,2,0.0,1.0
IDN,1984,human_rights,11,0.36363636363636365,1.0
IDN,1984,israel_palestine,11,0.18181818181818182,1.0
IDN,1984,nuclear_weapons,7,0.0,1.0
IDN,1984,uncategorized,15,0.4,1.0
IDN,1985,colonization,2,0.0,1.0
IDN,1985,disarmament,2,0.5,1.0
IDN,1985,economic_development,2,0.0,1.0
IDN,1985,human_rights,8,0.125,1.0
IDN,1985,israel_palestine,7,0.2857142857142857,1.0
IDN,1985,nuclear_weapons,8,0.0,1.0
IDN,1985,uncategorized,23,0.2608695652173913,1.0
IDN,1986,colonization,6,0.0,1.0
IDN,1986,disarmament,5,0.4,1.0
IDN,1986,economic_development,1,0.0,1.0
IDN,1986,human_rights,14,0.14285714285714285,1.0
IDN,1986,israel_palestine,10,0.1,1.0
IDN,1986,nuclear_weapons,7,0.14285714285714285,1.0
IDN,1986,uncategorized,12,0.25,1.0
IDN,1987,colonization,5,0.2,1.0
IDN,1987,disarmament,6,0.16666666666666666,1.0
IDN,1987,economic_development,0,,1.0
IDN,1987,human_rights,9,0.0,1.0
IDN,1987,israel_palestine,6,0.0,1.0
IDN,1987,nuclear_weapons,2,0.0,1.0
IDN,1987,uncategorized,18,0.2777777777777778,1.0
IDN,1988,colonization,2,0.0,1.0
IDN,1988,disarmament,7,0.14285714285714285,1.0
IDN,1988,economic_development,3,0.0,1.0
IDN,1988,human_rights,7,0.14285714285714285,1.0
IDN,1988,israel_palestine,8,0.125,1.0
IDN,1988,nuclear_weapons,4,0.0,1.0
IDN,1988,uncategorized,14,0.07142857142857142,1.0
IDN,1989,colonization,3,0.0,1.0
IDN,1989,disarmament,1,0.0,1.0
IDN,1989,economic_development,1,0.0,1.0
IDN,1989,human_rights,8,0.375,1.0
IDN,1989,israel_palestine,9,0.2222222222222222,1.0
IDN,1989,nuclear_weapons,6,0.16666666666666666,1.0
IDN,1989,uncategorized,9,0.1111111111111111,1.0
IDN,1990,colonization,2,0.0,1.0
IDN,1990,disarmament,2,0.0,1.0
IDN,1990,human_rights,7,0.14285714285714285,1.0
IDN,1990,israel_palestine,7,0.0,1.0
IDN,1990,nuclear_weapons,3,0.0,1.0
IDN,1990,uncategorized,11,0.18181818181818182,1.0
IDN,1991,colonization,1,0.0,1.0
IDN,1991,disarmament,5,0.4,1.0
IDN,1991,human_rights,9,0.3333333333333333,1.0
IDN,1991,israel_palestine,11,0.2727272727272727,1.0
IDN,1991,nuclear_weapons,2,0.0,
IDN,1991,uncategorized,7,0.0,1.0
IDN,1992,colonization,3,0.0,1.0
IDN,1992,disarmament,1,0.0,1.0
IDN,1992,human_rights,11,0.18181818181818182,1.0
IDN,1992,israel_palestine,11,0.18181818181818182,1.0
IDN,1992,uncategorized,4,0.0,1.0
IDN,1993,colonization,5,0.0,1.0
IDN,1993,disarmament,3,0.3333333333333333,1.0
IDN,1993,economic_development,1,0.0,1.0
IDN,1993,human_rights,8,0.125,1.0
IDN,1993,israel_palestine,9,0.2222222222222222,1.0
IDN,1993,nuclear_weapons,2,0.0,1.0
IDN,1993,uncategorized,4,0.25,1.0
IDN,1994,colonization,2,0.0,1.0
IDN,1994,disarmament,4,0.5,1.0
IDN,1994,human_rights,8,0.125,1.0
IDN,1994,israel_palestine,5,0.0,1.0
IDN,1994,nuclear_weapons,3,0.3333333333333333,1.0
IDN,1994,uncategorized,4,0.75,1.0
IDN,1995,colonization,3,0.0,1.0
IDN,1995,disarmament,2,0.0,1.0
IDN,1995,human_rights,7,0.14285714285714285,1.0
IDN,1995,israel_palestine,7,0.0,1.0
IDN,1995,nuclear_weapons,3,0.0,1.0
IDN,1995,uncategorized,14,0.21428571428571427,0.9166666666666666
IDN,1996,colonization,2,0.0,1.0
IDN,1996,disarmament,5,0.6,1.0
IDN,1996,human_rights,4,0.0,1.0
IDN,1996,israel_palestine,2,0.0,1.0
IDN,1996,nuclear_weapons,4,0.5,1.0
IDN,1996,uncategorized,4,0.75,1.0
IDN,1997,colonization,3,0.0,1.0
IDN,1997,disarmament,2,1.0,1.0
IDN,1997,human_rights,6,0.0,1.0
IDN,1997,israel_palestine,8,0.0,1.0
IDN,1997,nuclear_weapons,3,0.3333333333333333,1.0
IDN,1997,uncategorized,5,0.4,1.0
IDN,1998,colonization,0,,1.0
IDN,1998,disarmament,1,0.0,1.0
IDN,1998,human_rights,2,0.0,1.0
IDN,1998,israel_palestine,4,0.0,1.0
IDN,1998,nuclear_weapons,5,0.0,1.0
IDN,1998,uncategorized,2,0.5,1.0
IDN,1999,colonization,3,0.0,1.0
IDN,1999,disarmament,4,0.5,1.0
IDN,1999,economic_development,1,0.0,1.0
IDN,1999,human_rights,4,0.25,1.0
IDN,1999,israel_palestine,6,0.0,1.0
IDN,1999,nuclear_weapons,3,0.0,1.0
IDN,1999,uncategorized,4,0.5,1.0
IDN,2000,colonization,1,0.0,1.0
IDN,2000,disarmament,2,0.5,1.0
IDN,2000,human_rights,4,0.0,1.0
IDN,2000,israel_palestine,7,0.0,1.0
IDN,2000,nuclear_weapons,6,0.3333333333333333,1.0
IDN,2000,uncategorized,1,1.0,1.0
IDN,2001,colonization,1,0.0,1.0
IDN,2001,disarmament,3,0.6666666666666666,1.0
IDN,2001,human_rights,5,0.2,1.0
IDN,2001,israel_palestine,8,0.125,1.0
IDN,2001,nuclear_weapons,4,0.25,1.0
IDN,2001,uncategorized,6,0.3333333333333333,1.0
IDN,2002,colonization,2,0.0,1.0
IDN,2002,disarmament,2,0.5,1.0
IDN,2002,economic_development,1,0.0,1.0
IDN,2002,human_rights,6,0.0,1.0
IDN,2002,israel_palestine,7,0.0,1.0
IDN,2002,nuclear_weapons,5,0.0,1.0
IDN,2002,uncategorized,4,0.5,1.0
IDN,2003,colonization,0,,1.0
IDN,2003,disarmament,1,1.0,1.0
IDN,2003,human_rights,13,0.15384615384615385,1.0
IDN,2003,israel_palestine,7,0.2857142857142857,1.0
IDN,2003,nuclear_weapons,4,0.0,1.0
IDN,2003,uncategorized,4,0.5,1.0
IDN,2004,colonization,1,0.0,1.0
IDN,2004,disarmament,3,0.0,1.0
IDN,2004,human_rights,9,0.0,1.0
IDN,2004,israel_palestine,9,0.0,1.0
IDN,2004,nuclear_weapons,4,0.0,1.0
IDN,2004,uncategorized,1,0.0,1.0
IDN,2005,colonization,1,0.0,1.0
IDN,2005,disarmament,5,0.2,1.0
IDN,2005,economic_development,1,0.0,1.0
IDN,2005,human_rights,6,0.0,1.0
IDN,2005,israel_palestine,6,0.0,1.0
IDN,2005,nuclear_weapons,4,0.0,1.0
IDN,2005,uncategorized,4,0.0,1.0
IDN,2006,colonization,3,0.0,1.0
IDN,2006,disarmament,6,0.0,1.0
IDN,2006,economic_development,3,0.0,1.0
IDN,2006,human_rights,7,0.0,1.0
IDN,2006,israel_palestine,9,0.0,1.0
IDN,2006,nuclear_weapons,4,0.0,1.0
IDN,2006,uncategorized,7,0.42857142857142855,1.0
IDN,2007,colonization,2,0.0,1.0
IDN,2007,disarmament,6,0.16666666666666666,1.0
IDN,2007,economic_development,2,0.0,1.0
IDN,2007,human_rights,14,0.0,1.0
IDN,2007,israel_palestine,5,0.0,1.0
IDN,2007,nuclear_weapons,7,0.0,1.0
IDN,2007,uncategorized,7,0.14285714285714285,1.0
IDN,2008,colonization,4,0.0,1.0
IDN,2008,disarmament,6,0.16666666666666666,1.0
IDN,2008,economic_development,1,0.0,1.0
IDN,2008,human_rights,8,0.0,1.0
IDN,2008,israel_palestine,7,0.0,1.0
IDN,2008,nuclear_weapons,7,0.0,1.0
IDN,2008,uncategorized,7,0.2857142857142857,1.0
IDN,2009,colonization,3,0.0,1.0
IDN,2009,disarmament,4,0.25,1.0
IDN,2009,economic_development,2,0.0,1.0
IDN,2009,human_rights,9,0.1111111111111111,1.0
IDN,2009,israel_palestine,10,0.0,1.0
IDN,2009,nuclear_weapons,7,0.2857142857142857,1.0
IDN,2009,uncategorized,6,0.16666666666666666,1.0
IDN,2010,colonization,4,0.0,1.0
IDN,2010,disarmament,2,0.0,1.0
IDN,2010,economic_development,1,0.0,1.0
IDN,2010,human_rights,6,0.0,1.0
IDN,2010,israel_palestine,8,0.0,1.0
IDN,2010,nuclear_weapons,9,0.3333333333333333,1.0
IDN,2010,uncategorized,4,0.5,1.0
IDN,2011,colonization,3,0.0,1.0
IDN,2011,disarmament,5,0.4,1.0
IDN,2011,economic_development,1,0.0,1.0
IDN,2011,human_rights,7,0.14285714285714285,1.0
IDN,2011,israel_palestine,7,0.0,1.0
IDN,2011,nuclear_weapons,9,0.3333333333333333,1.0
IDN,2011,uncategorized,5,0.2,1.0
IDN,2012,colonization,2,0.0,1.0
IDN,2012,disarmament,2,0.0,1.0
IDN,2012,economic_development,1,0.0,1.0
IDN,2012,human_rights,7,0.0,1.0
IDN,2012,israel_palestine,6,0.0,1.0
IDN,2012,nuclear_weapons,6,0.0,1.0
IDN,2012,uncategorized,3,0.6666666666666666,0.6666666666666666
IDN,2013,colonization,2,0.0,1.0
IDN,2013,disarmament,3,0.3333333333333333,1.0
IDN,2013,economic_development,1,0.0,1.0
IDN,2013,human_rights,7,0.14285714285714285,0.8571428571428571
IDN,2013,israel_palestine,10,0.0,1.0
IDN,2013,nuclear_weapons,4,0.0,1.0
IDN,2013,uncategorized,0,,1.0
IDN,2014,colonization,2,0.0,1.0
IDN,2014,disarmament,7,0.42857142857142855,1.0
IDN,2014,economic_development,6,0.16666666666666666,1.0
IDN,2014,human_rights,5,0.4,1.0
IDN,2014,israel_palestine,5,0.0,1.0
IDN,2014,nuclear_weapons,7,0.42857142857142855,1.0
IDN,2014,uncategorized,3,1.0,1.0
IDN,2015,colonization,2,0.0,1.0
IDN,2015,disarmament,4,0.25,1.0
IDN,2015,economic_development,3,0.3333333333333333,1.0
IDN,2015,human_rights,11,0.18181818181818182,0.9166666666666666
IDN,2015,israel_palestine,8,0.0,1.0
IDN,2015,nuclear_weapons,10,0.0,0.8333333333333334
IDN,2015,uncategorized,8,0.375,1.0
IDN,2016,colonization,3,0.0,1.0
IDN,2016,disarmament,2,0.5,1.0
IDN,2016,economic_development,3,0.3333333333333333,0.5
IDN,2016,human_rights,2,0.0,1.0
IDN,2016,israel_palestine,6,0.0,1.0
IDN,2016,nuclear_weapons,7,0.42857142857142855,1.0
IDN,2016,uncategorized,4,0.25,1.0
IDN,2017,colonization,3,0.0,1.0
IDN,2017,disarmament,5,0.2,1.0
IDN,2017,economic_development,5,0.0,1.0
IDN,2017,human_rights,9,0.3333333333333333,1.0
IDN,2017,israel_palestine,5,0.0,1.0
IDN,2017,nuclear_weapons,7,0.14285714285714285,1.0
IDN,2017,uncategorized,11,0.18181818181818182,1.0
IDN,2018,colonization,2,0.0,1.0
IDN,2018,disarmament,4,0.0,1.0
IDN,2018,economic_development,9,0.1111111111111111,0.875
IDN,2018,human_rights,6,0.0,1.0
IDN,2018,israel_palestine,13,0.0,1.0
IDN,2018,nuclear_weapons,8,0.0,1.0
IDN,2018,uncategorized,10,0.2,0.8888888888888888
IDN,2019,colonization,5,0.0,1.0
IDN,2019,disarmament,3,0.0,0.6666666666666666
IDN,2019,economic_development,6,0.0,1.0
IDN,2019,human_rights,10,0.2,0.9090909090909091
IDN,2019,israel_palestine,6,0.0,1.0
IDN,2019,nuclear_weapons,5,0.0,0.6
IDN,2019,uncategorized,14,0.35714285714285715,0.9285714285714286
IDN,2020,colonization,3,0.0,1.0
IDN,2020,disarmament,4,0.25,1.0
IDN,2020,economic_development,7,0.14285714285714285,0.7142857142857143
IDN,2020,human_rights,5,0.0,1.0
IDN,2020,israel_palestine,5,0.0,1.0
IDN,2020,nuclear_weapons,5,0.0,1.0
IDN,2020,uncategorized,6,0.3333333333333333,0.8571428571428571
IDN,2021,colonization,3,0.0,1.0
IDN,2021,disarmament,2,0.5,0.5
IDN,2021,economic_development,4,0.25,0.8
IDN,2021,human_rights,5,0.2,1.0
IDN,2021,israel_palestine,3,0.0,1.0
IDN,2021,nuclear_weapons,5,0.6,0.7142857142857143
IDN,2021,uncategorized,9,0.4444444444444444,1.0
IDN,2022,colonization,3,0.0,1.0
IDN,2022,disarmament,4,0.5,1.0
IDN,2022,economic_development,5,0.0,1.0
IDN,2022,human_rights,4,0.25,1.0
IDN,2022,israel_palestine,5,0.0,1.0
IDN,2022,nuclear_weapons,5,0.6,1.0
IDN,2022,uncategorized,7,0.5714285714285714,0.8571428571428571
IDN,2023,colonization,2,0.0,1.0
IDN,2023,disarmament,6,0.3333333333333333,1.0
IDN,2023,economic_development,4,0.5,0.75
IDN,2023,human_rights,8,0.25,1.0
IDN,2023,israel_palestine,3,0.0,1.0
IDN,2023,nuclear_weapons,6,0.16666666666666666,1.0
IDN,2023,uncategorized,9,0.4444444444444444,0.8
IDN,2024,colonization,2,0.0,1.0
IDN,2024,disarmament,5,0.2,1.0
IDN,2024,economic_development,4,0.0,1.0
IDN,2024,human_rights,6,0.16666666666666666,1.0
IDN,2024,israel_palestine,6,0.0,1.0
IDN,2024,nuclear_weapons,9,0.1111111111111111,1.0
IDN,2024,uncategorized,10,0.5,1.0
IDN,2025,human_rights,2,0.5,1.0
IDN,2025,uncategorized,5,0.0,1.0
IND,1946,israel_palestine,0,,
IND,1946,uncategorized,5,0.6,1.0
IND,1947,israel_palestine,1,0.0,
IND,1947,uncategorized,2,0.0,0.0
IND,1948,economic_development,1,1.0,1.0
IND,1948,uncategorized,3,1.0,1.0
IND,1949,human_rights,0,,
IND,1949,uncategorized,3,0.6666666666666666,1.0
IND,1950,uncategorized,4,1.0,1.0
IND,1951,uncategorized,2,0.5,0.5
IND,1952,economic_development,2,0.5,1.0
IND,1952,human_rights,1,1.0,
IND,1952,uncategorized,10,0.7,0.8571428571428571
IND,1953,economic_development,1,1.0,1.0
IND,1953,human_rights,1,1.0,1.0
IND,1953,uncategorized,3,0.6666666666666666,0.6666666666666666
IND,1954,uncategorized,2,0.5,0.5
IND,1955,uncategorized,1,0.0,0.0
IND,1956,uncategorized,3,1.0,1.0
IND,1957,disarmament,0,,
IND,1957,israel_palestine,0,,
IND,1957,uncategorized,7,0.7142857142857143,0.8
IND,1958,disarmament,0,,
IND,1958,economic_development,0,,1.0
IND,1958,uncategorized,5,1.0,1.0
IND,1959,nuclear_weapons,0,,
IND,1959,uncategorized,4,0.75,0.8
IND,1960,colonization,1,1.0,1.0
IND,1960,human_rights,1,1.0,1.0
IND,1960,nuclear_weapons,0,,1.0
IND,1960,uncategorized,5,0.4,0.4
IND,1961,economic_development,0,,
IND,1961,human_rights,1,1.0,1.0
IND,1961,israel_palestine,1,1.0,1.0
IND,1961,nuclear_weapons,2,1.0,1.0
IND,1961,uncategorized,6,1.0,0.8333333333333334
IND,1962,colonization,2,0.5,1.0
IND,1962,nuclear_weapons,1,1.0,1.0
IND,1962,uncategorized,7,0.8571428571428571,1.0
IND,1963,nuclear_weapons,1,1.0,1.0
IND,1963,uncategorized,9,0.7777777777777778,0.9166666666666666
IND,1965,colonization,0,,1.0
IND,1965,human_rights,2,1.0,1.0
IND,1965,israel_palestine,1,1.0,1.0
IND,1965,uncategorized,1,1.0,1.0
IND,1966,colonization,0,,1.0
IND,1966,human_rights,2,0.5,0.5
IND,1966,nuclear_weapons,0,,
IND,1966,uncategorized,4,0.5,0.8333333333333334
IND,1967,colonization,0,,1.0
IND,1967,economic_development,1,0.0,1.0
IND,1967,human_rights,0,,1.0
IND,1967,nuclear_weapons,1,1.0,1.0
IND,1967,uncategorized,2,0.0,0.5
IND,1968,colonization,1,0.0,1.0
IND,1968,nuclear_weapons,2,1.0,1.0
IND,1968,uncategorized,2,1.0,1.0
IND,1969,colonization,0,,1.0
IND,1969,disarmament,1,1.0,1.0
IND,1969,economic_development,1,0.0,1.0
IND,1969,human_rights,2,0.5,1.0
IND,1969,israel_palestine,1,0.0,1.0
IND,1969,uncategorized,2,0.0,0.6666666666666666
IND,1970,colonization,2,0.0,1.0
IND,1970,economic_development,0,,1.0
IND,1970,human_rights,4,0.5,1.0
IND,1970,israel_palestine,2,0.5,1.0
IND,1970,nuclear_weapons,1,1.0,1.0
IND,1970,uncategorized,3,0.3333333333333333,1.0
IND,1971,colonization,2,0.5,
IND,1971,disarmament,1,1.0,
IND,1971,economic_development,4,0.75,
IND,1971,human_rights,4,0.25,1.0
IND,1971,israel_palestine,1,0.0,1.0
IND,1971,nuclear_weapons,0,,
IND,1971,uncategorized,19,0.9473684210526315,1.0
IND,1972,colonization,1,1.0,1.0
IND,1972,economic_development,2,1.0,1.0
IND,1972,human_rights,3,0.6666666666666666,1.0
IND,1972,israel_palestine,1,0.0,1.0
IND,1972,nuclear_weapons,1,1.0,
IND,1972,uncategorized,18,0.6666666666666666,1.0
IND,1973,colonization,1,0.0,1.0
IND,1973,disarmament,0,,
IND,1973,economic_development,1,1.0,1.0
IND,1973,human_rights,2,0.0,1.0
IND,1973,israel_palestine,2,0.0,1.0
IND,1973,nuclear_weapons,1,1.0,0.3333333333333333
IND,1973,uncategorized,11,0.8181818181818182,0.8823529411764706
IND,1974,colonization,0,,1.0
IND,1974,human_rights,2,0.0,1.0
IND,1974,israel_palestine,4,0.0,1.0
IND,1974,nuclear_weapons,0,,1.0
IND,1974,uncategorized,7,0.2857142857142857,1.0
IND,1975,colonization,1,0.0,1.0
IND,1975,disarmament,0,,1.0
IND,1975,human_rights,5,0.4,1.0
IND,1975,israel_palestine,3,0.6666666666666666,1.0
IND,1975,nuclear_weapons,1,1.0,0.5
IND,1975,uncategorized,5,0.6,0.8571428571428571
IND,1976,colonization,1,0.0,1.0
IND,1976,disarmament,0,,
IND,1976,economic_development,1,0.0,1.0
IND,1976,human_rights,2,0.0,1.0
IND,1976,israel_palestine,3,0.0,1.0
IND,1976,nuclear_weapons,1,1.0,
IND,1976,uncategorized,12,0.3333333333333333,0.9375
IND,1977,colonization,3,0.0,1.0
IND,1977,disarmament,0,,
IND,1977,economic_development,3,1.0,1.0
IND,1977,human_rights,8,0.5,1.0
IND,1977,israel_palestine,7,0.42857142857142855,1.0
IND,1977,nuclear_weapons,3,1.0,0.6666666666666666
IND,1977,uncategorized,13,0.8461538461538461,0.9333333333333333
IND,1978,colonization,2,0.5,1.0
IND,1978,disarmament,3,1.0,1.0
IND,1978,economic_development,3,1.0,1.0
IND,1978,human_rights,5,0.6,1.0
IND,1978,israel_palestine,4,0.25,1.0
IND,1978,nuclear_weapons,3,0.3333333333333333,0.4
IND,1978,uncategorized,13,0.6923076923076923,1.0
IND,1979,colonization,1,0.0,1.0
IND,1979,disarmament,1,1.0,1.0
IND,1979,economic_development,1,0.0,1.0
IND,1979,human_rights,4,1.0,1.0
IND,1979,israel_palestine,6,0.3333333333333333,1.0
IND,1979,nuclear_weapons,5,0.0,0.75
IND,1979,uncategorized,28,0.42857142857142855,0.96875
IND,1980,colonization,1,0.0,1.0
IND,1980,disarmament,1,1.0,1.0
IND,1980,economic_development,0,,1.0
IND,1980,human_rights,5,0.2,1.0
IND,1980,israel_palestine,7,0.14285714285714285,1.0
IND,1980,nuclear_weapons,3,0.0,1.0
IND,1980,uncategorized,20,0.35,0.9473684210526315
IND,1981,colonization,3,0.0,1.0
IND,1981,disarmament,1,1.0,1.0
IND,1981,economic_development,1,0.0,1.0
IND,1981,human_rights,5,0.4,1.0
IND,1981,israel_palestine,9,0.1111111111111111,1.0
IND,1981,nuclear_weapons,5,0.0,0.75
IND,1981,uncategorized,21,0.38095238095238093,1.0
IND,1982,colonization,4,0.25,1.0
IND,1982,disarmament,2,0.5,1.0
IND,1982,economic_development,3,0.0,1.0
IND,1982,human_rights,11,0.09090909090909091,1.0
IND,1982,israel_palestine,16,0.0625,1.0
IND,1982,nuclear_weapons,10,0.1,0.625
IND,1982,uncategorized,25,0.32,1.0
IND,1983,colonization,2,0.5,1.0
IND,1983,disarmament,1,1.0,1.0
IND,1983,economic_development,1,1.0,1.0
IND,1983,human_rights,7,0.14285714285714285,1.0
IND,1983,israel_palestine,11,0.09090909090909091,1.0
IND,1983,nuclear_weapons,7,0.0,0.8
IND,1983,uncategorized,13,0.3076923076923077,0.9047619047619048
IND,1984,colonization,4,0.25,1.0
IND,1984,disarmament,0,,1.0
IND,1984,economic_development,2,0.0,1.0
IND,1984,human_rights,11,0.18181818181818182,1.0
IND,1984,israel_palestine,11,0.18181818181818182,1.0
IND,1984,nuclear_weapons,7,0.0,1.0
IND,1984,uncategorized,10,0.2,1.0
IND,1985,colonization,2,0.0,1.0
IND,1985,disarmament,1,0.0,1.0
IND,1985,economic_development,2,0.0,1.0
IND,1985,human_rights,8,0.125,0.9166666666666666
IND,1985,israel_palestine,7,0.2857142857142857,1.0
IND,1985,nuclear_weapons,9,0.0,0.8
IND,1985,uncategorized,21,0.19047619047619047,1.0
IND,1986,colonization,6,0.0,1.0
IND,1986,disarmament,4,0.25,1.0
IND,1986,economic_development,1,0.0,1.0
IND,1986,human_rights,14,0.07142857142857142,0.9285714285714286
IND,1986,israel_palestine,10,0.1,1.0
IND,1986,nuclear_weapons,7,0.14285714285714285,1.0
IND,1986,uncategorized,12,0.25,1.0
IND,1987,colonization,5,0.2,1.0
IND,1987,disarmament,5,0.2,1.0
IND,1987,economic_development,0,,1.0
IND,1987,human_rights,9,0.0,1.0
IND,1987,israel_palestine,6,0.0,1.0
IND,1987,nuclear_weapons,2,0.0,1.0
IND,1987,uncategorized,16,0.1875,1.0
IND,1988,colonization,2,0.0,1.0
IND,1988,disarmament,7,0.14285714285714285,1.0
IND,1988,economic_development,3,0.0,1.0
IND,1988,human_rights,7,0.14285714285714285,1.0
IND,1988,israel_palestine,8,0.125,1.0
IND,1988,nuclear_weapons,4,0.0,1.0
IND,1988,uncategorized,13,0.07692307692307693,1.0
IND,1989,colonization,3,0.0,1.0
IND,1989,disarmament,0,,
IND,1989,economic_development,1,0.0,1.0
IND,1989,human_rights,7,0.2857142857142857,1.0
IND,1989,israel_palestine,9,0.2222222222222222,1.0
IND,1989,nuclear_weapons,5,0.2,1.0
IND,1989,uncategorized,7,0.0,1.0
IND,1990,colonization,2,0.0,1.0
IND,1990,disarmament,2,0.0,1.0
IND,1990,human_rights,7,0.14285714285714285,1.0
IND,1990,israel_palestine,7,0.0,1.0
IND,1990,nuclear_weapons,4,0.0,0.8
IND,1990,uncategorized,11,0.18181818181818182,1.0
IND,1991,colonization,1,0.0,1.0
IND,1991,disarmament,4,0.25,1.0
IND,1991,human_rights,8,0.25,1.0
IND,1991,israel_palestine,10,0.2,1.0
IND,1991,nuclear_weapons,3,0.0,0.0
IND,1991,uncategorized,7,0.14285714285714285,1.0
IND,1992,colonization,3,0.0,1.0
IND,1992,disarmament,1,0.0,1.0
IND,1992,human_rights,10,0.2,1.0
IND,1992,israel_palestine,11,0.18181818181818182,1.0
IND,1992,uncategorized,4,0.0,1.0
IND,1993,colonization,5,0.0,1.0
IND,1993,disarmament,2,0.0,1.0
IND,1993,economic_development,1,0.0,1.0
IND,1993,human_rights,8,0.125,1.0
IND,1993,israel_palestine,8,0.25,1.0
IND,1993,nuclear_weapons,1,0.0,1.0
IND,1993,uncategorized,3,0.0,1.0
IND,1994,colonization,2,0.0,1.0
IND,1994,disarmament,2,0.0,1.0
IND,1994,human_rights,8,0.0,1.0
IND,1994,israel_palestine,5,0.0,1.0
IND,1994,nuclear_weapons,1,0.0,1.0
IND,1994,uncategorized,2,0.5,1.0
IND,1995,colonization,3,0.0,1.0
IND,1995,disarmament,2,0.0,1.0
IND,1995,human_rights,7,0.0,1.0
IND,1995,israel_palestine,7,0.0,1.0
IND,1995,nuclear_weapons,3,0.0,0.6666666666666666
IND,1995,uncategorized,14,0.14285714285714285,1.0
IND,1996,colonization,2,0.0,1.0
IND,1996,disarmament,3,0.3333333333333333,1.0
IND,1996,human_rights,4,0.0,1.0
IND,1996,israel_palestine,2,0.0,1.0
IND,1996,nuclear_weapons,1,0.0,1.0
IND,1996,uncategorized,5,0.8,1.0
IND,1997,colonization,3,0.0,1.0
IND,1997,disarmament,1,0.0,0.5
IND,1997,human_rights,6,0.0,1.0
IND,1997,israel_palestine,8,0.0,1.0
IND,1997,nuclear_weapons,2,0.0,0.5
IND,1997,uncategorized,5,0.4,1.0
IND,1998,colonization,0,,1.0
IND,1998,disarmament,0,,1.0
IND,1998,human_rights,2,0.0,1.0
IND,1998,israel_palestine,4,0.0,1.0
IND,1998,nuclear_weapons,3,0.0,1.0
IND,1998,uncategorized,2,0.5,1.0
IND,1999,colonization,3,0.0,1.0
IND,1999,disarmament,3,0.6666666666666666,1.0
IND,1999,economic_development,1,0.0,1.0
IND,1999,human_rights,3,0.0,1.0
IND,1999,israel_palestine,6,0.0,1.0
IND,1999,nuclear_weapons,3,0.3333333333333333,1.0
IND,1999,uncategorized,4,0.5,1.0
IND,2000,colonization,1,0.0,1.0
IND,2000,disarmament,1,0.0,0.5
IND,2000,human_rights,4,0.0,1.0
IND,2000,israel_palestine,7,0.0,1.0
IND,2000,nuclear_weapons,3,0.0,0.5
IND,2000,uncategorized,1,1.0,1.0
IND,2001,colonization,1,0.0,1.0
IND,2001,disarmament,3,0.3333333333333333,0.6666666666666666
IND,2001,human_rights,5,0.2,1.0
IND,2001,israel_palestine,8,0.125,1.0
IND,2001,nuclear_weapons,2,0.5,0.5
IND,2001,uncategorized,6,0.3333333333333333,1.0
IND,2002,colonization,2,0.0,1.0
IND,2002,disarmament,2,0.5,1.0
IND,2002,economic_development,1,0.0,1.0
IND,2002,human_rights,6,0.0,1.0
IND,2002,israel_palestine,7,0.0,1.0
IND,2002,nuclear_weapons,3,0.3333333333333333,0.5
IND,2002,uncategorized,4,0.75,1.0
IND,2003,colonization,0,,1.0
IND,2003,disarmament,1,0.0,0.5
IND,2003,human_rights,10,0.0,1.0
IND,2003,israel_palestine,6,0.16666666666666666,1.0
IND,2003,nuclear_weapons,2,0.5,0.5
IND,2003,uncategorized,4,0.5,1.0
IND,2004,colonization,1,0.0,1.0
IND,2004,disarmament,2,0.0,1.0
IND,2004,human_rights,9,0.0,1.0
IND,2004,israel_palestine,9,0.0,1.0
IND,2004,nuclear_weapons,3,0.3333333333333333,1.0
IND,2004,uncategorized,1,0.0,1.0
IND,2005,colonization,1,0.0,1.0
IND,2005,disarmament,4,0.25,1.0
IND,2005,economic_development,1,0.0,1.0
IND,2005,human_rights,5,0.0,1.0
IND,2005,israel_palestine,6,0.0,1.0
IND,2005,nuclear_weapons,3,0.3333333333333333,1.0
IND,2005,uncategorized,3,0.0,1.0
IND,2006,colonization,3,0.0,1.0
IND,2006,disarmament,5,0.0,1.0
IND,2006,economic_development,3,0.0,1.0
IND,2006,human_rights,6,0.0,1.0
IND,2006,israel_palestine,8,0.0,1.0
IND,2006,nuclear_weapons,3,0.3333333333333333,1.0
IND,2006,uncategorized,6,0.5,1.0
IND,2007,colonization,2,0.0,1.0
IND,2007,disarmament,5,0.0,0.8333333333333334
IND,2007,economic_development,2,0.0,1.0
IND,2007,human_rights,14,0.0,1.0
IND,2007,israel_palestine,5,0.0,1.0
IND,2007,nuclear_weapons,5,0.2,1.0
IND,2007,uncategorized,7,0.14285714285714285,1.0
IND,2008,colonization,4,0.0,1.0
IND,2008,disarmament,6,0.3333333333333333,0.8333333333333334
IND,2008,economic_development,2,0.0,1.0
IND,2008,human_rights,8,0.0,1.0
IND,2008,israel_palestine,7,0.0,1.0
IND,2008,nuclear_weapons,6,0.16666666666666666,0.8
IND,2008,uncategorized,7,0.2857142857142857,1.0
IND,2009,colonization,3,0.0,1.0
IND,2009,disarmament,2,0.5,0.0
IND,2009,economic_development,3,0.3333333333333333,1.0
IND,2009,human_rights,10,0.1,1.0
IND,2009,israel_palestine,10,0.0,1.0
IND,2009,nuclear_weapons,3,0.3333333333333333,0.5
IND,2009,uncategorized,5,0.0,1.0
IND,2010,colonization,4,0.0,1.0
IND,2010,disarmament,1,1.0,0.6666666666666666
IND,2010,economic_development,1,0.0,1.0
IND,2010,human_rights,5,0.0,1.0
IND,2010,israel_palestine,8,0.0,1.0
IND,2010,nuclear_weapons,5,0.4,0.75
IND,2010,uncategorized,4,0.5,1.0
IND,2011,colonization,3,0.0,1.0
IND,2011,disarmament,4,0.5,0.6666666666666666
IND,2011,economic_development,1,0.0,1.0
IND,2011,human_rights,8,0.125,1.0
IND,2011,israel_palestine,7,0.0,1.0
IND,2011,nuclear_weapons,6,0.5,1.0
IND,2011,uncategorized,5,0.2,1.0
IND,2012,colonization,2,0.0,1.0
IND,2012,disarmament,1,0.0,1.0
IND,2012,economic_development,1,0.0,1.0
IND,2012,human_rights,7,0.0,1.0
IND,2012,israel_palestine,6,0.0,1.0
IND,2012,nuclear_weapons,4,0.0,1.0
IND,2012,uncategorized,2,0.5,1.0
IND,2013,colonization,2,0.0,1.0
IND,2013,disarmament,2,0.0,0.5
IND,2013,economic_development,1,0.0,1.0
IND,2013,human_rights,6,0.0,1.0
IND,2013,israel_palestine,10,0.0,1.0
IND,2013,nuclear_weapons,3,0.0,1.0
IND,2013,uncategorized,0,,
IND,2014,colonization,2,0.0,1.0
IND,2014,disarmament,7,0.2857142857142857,0.8571428571428571
IND,2014,economic_development,6,0.3333333333333333,1.0
IND,2014,human_rights,5,0.4,1.0
IND,2014,israel_palestine,5,0.0,1.0
IND,2014,nuclear_weapons,6,0.3333333333333333,1.0
IND,2014,uncategorized,2,1.0,1.0
IND,2015,colonization,2,0.0,1.0
IND,2015,disarmament,3,0.3333333333333333,0.6666666666666666
IND,2015,economic_development,4,0.5,1.0
IND,2015,human_rights,11,0.18181818181818182,0.9166666666666666
IND,2015,israel_palestine,8,0.0,1.0
IND,2015,nuclear_weapons,6,0.16666666666666666,1.0
IND,2015,uncategorized,8,0.375,1.0
IND,2016,colonization,3,0.0,1.0
IND,2016,disarmament,3,0.6666666666666666,1.0
IND,2016,economic_development,3,0.6666666666666666,0.5
IND,2016,human_rights,3,0.0,1.0
IND,2016,israel_palestine,6,0.0,1.0
IND,2016,nuclear_weapons,6,0.3333333333333333,1.0
IND,2016,uncategorized,5,0.4,1.0
IND,2017,colonization,3,0.0,1.0
IND,2017,disarmament,5,0.2,1.0
IND,2017,economic_development,5,0.0,1.0
IND,2017,human_rights,10,0.3,1.0
IND,2017,israel_palestine,5,0.0,1.0
IND,2017,nuclear_weapons,5,0.2,1.0
IND,2017,uncategorized,10,0.1,1.0
IND,2018,colonization,2,0.0,1.0
IND,2018,disarmament,3,0.0,1.0
IND,2018,economic_development,9,0.2222222222222222,0.875
IND,2018,human_rights,7,0.0,1.0
IND,2018,israel_palestine,13,0.0,1.0
IND,2018,nuclear_weapons,5,0.0,1.0
IND,2018,uncategorized,10,0.2,0.8888888888888888
IND,2019,colonization,5,0.0,1.0
IND,2019,disarmament,3,0.3333333333333333,1.0
IND,2019,economic_development,6,0.0,1.0
IND,2019,human_rights,10,0.1,1.0
IND,2019,israel_palestine,6,0.0,1.0
IND,2019,nuclear_weapons,4,0.25,1.0
IND,2019,uncategorized,15,0.4,0.9230769230769231
IND,2020,colonization,3,0.0,1.0
IND,2020,disarmament,4,0.0,0.8
IND,2020,economic_development,7,0.2857142857142857,0.8571428571428571
IND,2020,human_rights,6,0.0,1.0
IND,2020,israel_palestine,5,0.0,1.0
IND,2020,nuclear_weapons,2,0.0,1.0
IND,2020,uncategorized,6,0.3333333333333333,0.8333333333333334
IND,2021,colonization,3,0.0,1.0
IND,2021,disarmament,2,0.5,0.5
IND,2021,economic_development,5,0.4,0.8333333333333334
IND,2021,human_rights,5,0.2,1.0
IND,2021,israel_palestine,3,0.0,1.0
IND,2021,nuclear_weapons,4,0.75,0.8333333333333334
IND,2021,uncategorized,7,0.42857142857142855,1.0
IND,2022,colonization,3,0.0,1.0
IND,2022,disarmament,3,0.3333333333333333,0.6666666666666666
IND,2022,economic_development,5,0.2,1.0
IND,2022,human_rights,4,0.25,1.0
IND,2022,israel_palestine,4,0.0,1.0
IND,2022,nuclear_weapons,3,0.6666666666666666,1.0
IND,2022,uncategorized,6,0.5,0.8571428571428571
IND,2023,colonization,2,0.0,1.0
IND,2023,disarmament,5,0.2,0.8
IND,2023,economic_development,4,0.5,0.75
IND,2023,human_rights,8,0.375,1.0
IND,2023,israel_palestine,2,0.0,1.0
IND,2023,nuclear_weapons,5,0.2,1.0
IND,2023,uncategorized,9,0.3333333333333333,0.7777777777777778
IND,2024,colonization,2,0.0,1.0
IND,2024,disarmament,4,0.5,1.0
IND,2024,economic_development,4,0.25,1.0
IND,2024,human_rights,6,0.16666666666666666,1.0
IND,2024,israel_palestine,5,0.0,1.0
IND,2024,nuclear_weapons,5,0.4,1.0
IND,2024,uncategorized,10,0.5,1.0
IND,2025,human_rights,1,0.0,1.0
IND,2025,uncategorized,4,0.0,1.0
PHL,1946,israel_palestine,2,1.0,1.0
PHL,1946,uncategorized,9,0.8888888888888888,1.0
PHL,1947,israel_palestine,1,1.0,
PHL,1947,uncategorized,2,0.5,0.5
PHL,1948,economic_development,1,1.0,1.0
PHL,1948,uncategorized,4,0.75,0.75
PHL,1949,human_rights,2,1.0,1.0
PHL,1949,uncategorized,3,0.6666666666666666,1.0
PHL,1950,uncategorized,5,1.0,1.0
PHL,1951,uncategorized,3,1.0,1.0
PHL,1952,economic_development,2,0.5,1.0
PHL,1952,human_rights,1,0.0,
PHL,1952,uncategorized,8,0.875,1.0
PHL,1953,economic_development,1,1.0,1.0
PHL,1953,human_rights,1,1.0,1.0
PHL,1953,uncategorized,4,1.0,1.0
PHL,1954,uncategorized,5,1.0,1.0
PHL,1955,uncategorized,2,1.0,0.6666666666666666
PHL,1956,uncategorized,4,1.0,1.0
PHL,1957,disarmament,1,1.0,1.0
PHL,1957,uncategorized,8,0.875,1.0
PHL,1958,disarmament,1,1.0,1.0
PHL,1958,economic_development,0,,1.0
PHL,1958,uncategorized,5,1.0,1.0
PHL,1959,nuclear_weapons,0,,
PHL,1959,uncategorized,8,1.0,1.0
PHL,1960,colonization,1,1.0,1.0
PHL,1960,human_rights,1,1.0,1.0
PHL,1960,nuclear_weapons,0,,1.0
PHL,1960,uncategorized,5,0.8,0.8
PHL,1961,economic_development,1,1.0,
PHL,1961,human_rights,0,,
PHL,1961,israel_palestine,0,,
PHL,1961,nuclear_weapons,2,1.0,1.0
PHL,1961,uncategorized,9,1.0,0.875
PHL,1962,colonization,2,0.5,1.0
PHL,1962,nuclear_weapons,1,1.0,1.0
PHL,1962,uncategorized,7,0.8571428571428571,1.0
PHL,1963,nuclear_weapons,1,1.0,1.0
PHL,1963,uncategorized,9,0.8888888888888888,1.0
PHL,1965,colonization,0,,1.0
PHL,1965,human_rights,2,1.0,1.0
PHL,1965,israel_palestine,1,1.0,1.0
PHL,1965,uncategorized,1,1.0,1.0
PHL,1966,colonization,0,,1.0
PHL,1966,human_rights,2,1.0,1.0
PHL,1966,nuclear_weapons,0,,
PHL,1966,uncategorized,5,0.6,1.0
PHL,1967,colonization,0,,1.0
PHL,1967,economic_development,1,0.0,1.0
PHL,1967,human_rights,0,,1.0
PHL,1967,nuclear_weapons,1,1.0,1.0
PHL,1967,uncategorized,2,0.5,0.75
PHL,1968,colonization,1,0.0,1.0
PHL,1968,nuclear_weapons,2,1.0,1.0
PHL,1968,uncategorized,4,0.5,1.0
PHL,1969,colonization,0,,1.0
PHL,1969,disarmament,1,1.0,1.0
PHL,1969,economic_development,1,0.0,1.0
PHL,1969,human_rights,1,1.0,1.0
PHL,1969,israel_palestine,0,,
PHL,1969,uncategorized,3,0.3333333333333333,1.0
PHL,1970,colonization,2,0.0,1.0
PHL,1970,economic_development,0,,1.0
PHL,1970,human_rights,3,0.6666666666666666,1.0
PHL,1970,israel_palestine,1,1.0,1.0
PHL,1970,nuclear_weapons,1,1.0,1.0
PHL,1970,uncategorized,4,0.5,1.0
PHL,1971,colonization,2,0.5,
PHL,1971,disarmament,1,1.0,
PHL,1971,economic_development,3,0.6666666666666666,
PHL,1971,human_rights,3,0.3333333333333333,
PHL,1971,israel_palestine,0,,
PHL,1971,nuclear_weapons,0,,0.0
PHL,1971,uncategorized,20,0.95,1.0
PHL,1972,colonization,1,1.0,1.0
PHL,1972,economic_development,2,1.0,1.0
PHL,1972,human_rights,2,1.0,1.0
PHL,1972,israel_palestine,0,,
PHL,1972,nuclear_weapons,1,1.0,
PHL,1972,uncategorized,18,0.7777777777777778,0.8947368421052632
PHL,1973,colonization,1,0.0,1.0
PHL,1973,disarmament,1,1.0,0.0
PHL,1973,economic_development,1,1.0,1.0
PHL,1973,human_rights,2,0.0,1.0
PHL,1973,israel_palestine,2,0.0,1.0
PHL,1973,nuclear_weapons,1,1.0,0.3333333333333333
PHL,1973,uncategorized,11,0.8181818181818182,0.8823529411764706
PHL,1974,colonization,0,,1.0
PHL,1974,human_rights,2,0.0,1.0
PHL,1974,israel_palestine,4,0.0,1.0
PHL,1974,nuclear_weapons,0,,1.0
PHL,1974,uncategorized,7,0.42857142857142855,1.0
PHL,1975,colonization,1,0.0,1.0
PHL,1975,disarmament,0,,0.0
PHL,1975,human_rights,4,0.5,1.0
PHL,1975,israel_palestine,3,0.6666666666666666,1.0
PHL,1975,nuclear_weapons,1,1.0,0.5
PHL,1975,uncategorized,6,0.8333333333333334,0.7142857142857143
PHL,1976,colonization,1,0.0,1.0
PHL,1976,disarmament,0,,1.0
PHL,1976,economic_development,1,0.0,1.0
PHL,1976,human_rights,2,0.0,1.0
PHL,1976,israel_palestine,3,0.0,1.0
PHL,1976,nuclear_weapons,1,1.0,
PHL,1976,uncategorized,11,0.2727272727272727,0.9333333333333333
PHL,1977,colonization,3,0.0,1.0
PHL,1977,disarmament,1,1.0,0.5
PHL,1977,economic_development,3,1.0,1.0
PHL,1977,human_rights,7,0.42857142857142855,1.0
PHL,1977,israel_palestine,6,0.5,1.0
PHL,1977,nuclear_weapons,4,1.0,0.75
PHL,1977,uncategorized,13,0.8461538461538461,0.9333333333333333
PHL,1978,colonization,2,0.5,1.0
PHL,1978,disarmament,4,1.0,1.0
PHL,1978,economic_development,2,1.0,1.0
PHL,1978,human_rights,3,0.3333333333333333,1.0
PHL,1978,israel_palestine,2,0.5,1.0
PHL,1978,nuclear_weapons,3,1.0,0.5
PHL,1978,uncategorized,15,0.7333333333333333,1.0
PHL,1979,colonization,1,0.0,1.0
PHL,1979,disarmament,1,1.0,1.0
PHL,1979,economic_development,1,0.0,1.0
PHL,1979,human_rights,3,1.0,1.0
PHL,1979,israel_palestine,5,0.4,1.0
PHL,1979,nuclear_weapons,4,0.25,1.0
PHL,1979,uncategorized,28,0.42857142857142855,1.0
PHL,1980,colonization,2,0.0,1.0
PHL,1980,disarmament,1,1.0,1.0
PHL,1980,economic_development,1,1.0,1.0
PHL,1980,human_rights,5,0.2,1.0
PHL,1980,israel_palestine,7,0.14285714285714285,1.0
PHL,1980,nuclear_weapons,3,0.0,1.0
PHL,1980,uncategorized,18,0.3888888888888889,0.9444444444444444
PHL,1981,colonization,2,0.0,1.0
PHL,1981,disarmament,1,1.0,1.0
PHL,1981,economic_development,1,0.0,1.0
PHL,1981,human_rights,5,0.6,1.0
PHL,1981,israel_palestine,8,0.125,1.0
PHL,1981,nuclear_weapons,5,0.2,1.0
PHL,1981,uncategorized,22,0.4090909090909091,1.0
PHL,1982,colonization,3,0.3333333333333333,1.0
PHL,1982,disarmament,1,1.0,1.0
PHL,1982,economic_development,3,0.0,1.0
PHL,1982,human_rights,11,0.2727272727272727,1.0
PHL,1982,israel_palestine,14,0.07142857142857142,1.0
PHL,1982,nuclear_weapons,6,0.3333333333333333,0.875
PHL,1982,uncategorized,26,0.4230769230769231,1.0
PHL,1983,colonization,2,0.5,1.0
PHL,1983,disarmament,2,0.5,1.0
PHL,1983,economic_development,1,1.0,1.0
PHL,1983,human_rights,8,0.25,1.0
PHL,1983,israel_palestine,10,0.1,1.0
PHL,1983,nuclear_weapons,6,0.3333333333333333,1.0
PHL,1983,uncategorized,14,0.42857142857142855,1.0
PHL,1984,colonization,4,0.25,1.0
PHL,1984,disarmament,0,,1.0
PHL,1984,economic_development,2,0.0,1.0
PHL,1984,human_rights,8,0.25,1.0
PHL,1984,israel_palestine,10,0.2,1.0
PHL,1984,nuclear_weapons,3,0.0,1.0
PHL,1984,uncategorized,14,0.42857142857142855,1.0
PHL,1985,colonization,2,0.0,1.0
PHL,1985,disarmament,1,1.0,1.0
PHL,1985,economic_development,2,0.0,1.0
PHL,1985,human_rights,7,0.2857142857142857,1.0
PHL,1985,israel_palestine,7,0.2857142857142857,1.0
PHL,1985,nuclear_weapons,7,0.2857142857142857,1.0
PHL,1985,uncategorized,22,0.2727272727272727,1.0
PHL,1986,colonization,6,0.0,1.0
PHL,1986,disarmament,5,0.4,1.0
PHL,1986,economic_development,1,0.0,1.0
PHL,1986,human_rights,15,0.2,1.0
PHL,1986,israel_palestine,10,0.1,1.0
PHL,1986,nuclear_weapons,7,0.14285714285714285,1.0
PHL,1986,uncategorized,12,0.25,1.0
PHL,1987,colonization,5,0.2,1.0
PHL,1987,disarmament,6,0.16666666666666666,1.0
PHL,1987,economic_development,0,,1.0
PHL,1987,human_rights,9,0.0,1.0
PHL,1987,israel_palestine,6,0.0,1.0
PHL,1987,nuclear_weapons,2,0.0,1.0
PHL,1987,uncategorized,17,0.23529411764705882,1.0
PHL,1988,colonization,2,0.0,1.0
PHL,1988,disarmament,8,0.25,1.0
PHL,1988,economic_development,3,0.0,1.0
PHL,1988,human_rights,6,0.16666666666666666,1.0
PHL,1988,israel_palestine,8,0.125,1.0
PHL,1988,nuclear_weapons,5,0.2,1.0
PHL,1988,uncategorized,13,0.07692307692307693,1.0
PHL,1989,colonization,3,0.0,1.0
PHL,1989,disarmament,1,0.0,1.0
PHL,1989,economic_development,1,0.0,1.0
PHL,1989,human_rights,8,0.25,0.9090909090909091
PHL,1989,israel_palestine,9,0.2222222222222222,1.0
PHL,1989,nuclear_weapons,6,0.16666666666666666,1.0
PHL,1989,uncategorized,8,0.125,1.0
PHL,1990,colonization,2,0.0,1.0
PHL,1990,disarmament,2,0.0,1.0
PHL,1990,human_rights,7,0.14285714285714285,1.0
PHL,1990,israel_palestine,7,0.0,1.0
PHL,1990,nuclear_weapons,4,0.25,1.0
PHL,1990,uncategorized,11,0.18181818181818182,1.0
PHL,1991,colonization,1,0.0,1.0
PHL,1991,disarmament,5,0.4,1.0
PHL,1991,human_rights,9,0.3333333333333333,1.0
PHL,1991,israel_palestine,11,0.2727272727272727,1.0
PHL,1991,nuclear_weapons,3,0.3333333333333333,1.0
PHL,1991,uncategorized,7,0.0,1.0
PHL,1992,colonization,3,0.0,1.0
PHL,1992,disarmament,1,0.0,1.0
PHL,1992,human_rights,10,0.2,1.0
PHL,1992,israel_palestine,11,0.18181818181818182,1.0
PHL,1992,uncategorized,4,0.0,1.0
PHL,1993,colonization,5,0.0,1.0
PHL,1993,disarmament,3,0.3333333333333333,1.0
PHL,1993,economic_development,1,0.0,1.0
PHL,1993,human_rights,6,0.16666666666666666,1.0
PHL,1993,israel_palestine,9,0.2222222222222222,1.0
PHL,1993,nuclear_weapons,2,0.0,1.0
PHL,1993,uncategorized,3,0.3333333333333333,1.0
PHL,1994,colonization,2,0.0,1.0
PHL,1994,disarmament,4,0.5,1.0
PHL,1994,human_rights,4,0.0,1.0
PHL,1994,israel_palestine,5,0.0,1.0
PHL,1994,nuclear_weapons,3,0.3333333333333333,1.0
PHL,1994,uncategorized,4,0.75,1.0
PHL,1995,colonization,3,0.0,1.0
PHL,1995,disarmament,2,0.0,1.0
PHL,1995,human_rights,4,0.0,1.0
PHL,1995,israel_palestine,7,0.0,1.0
PHL,1995,nuclear_weapons,4,0.25,1.0
PHL,1995,uncategorized,14,0.21428571428571427,0.9166666666666666
PHL,1996,colonization,2,0.0,1.0
PHL,1996,disarmament,6,0.6666666666666666,1.0
PHL,1996,human_rights,3,0.0,1.0
PHL,1996,israel_palestine,2,0.0,1.0
PHL,1996,nuclear_weapons,4,0.5,1.0
PHL,1996,uncategorized,5,0.8,1.0
PHL,1997,colonization,3,0.0,1.0
PHL,1997,disarmament,2,1.0,1.0
PHL,1997,human_rights,5,0.0,1.0
PHL,1997,israel_palestine,8,0.0,1.0
PHL,1997,nuclear_weapons,4,0.5,1.0
PHL,1997,uncategorized,5,0.4,1.0
PHL,1998,colonization,0,,1.0
PHL,1998,disarmament,1,0.0,1.0
PHL,1998,human_rights,2,0.0,1.0
PHL,1998,israel_palestine,4,0.0,1.0
PHL,1998,nuclear_weapons,5,0.0,1.0
PHL,1998,uncategorized,2,0.5,1.0
PHL,1999,colonization,3,0.0,1.0
PHL,1999,disarmament,3,0.6666666666666666,1.0
PHL,1999,economic_development,1,0.0,1.0
PHL,1999,human_rights,4,0.25,1.0
PHL,1999,israel_palestine,6,0.0,1.0
PHL,1999,nuclear_weapons,3,0.0,1.0
PHL,1999,uncategorized,4,0.5,1.0
PHL,2000,colonization,1,0.0,1.0
PHL,2000,disarmament,2,0.5,1.0
PHL,2000,human_rights,4,0.0,1.0
PHL,2000,israel_palestine,7,0.0,1.0
PHL,2000,nuclear_weapons,6,0.3333333333333333,1.0
PHL,2000,uncategorized,1,1.0,1.0
PHL,2001,colonization,1,0.0,1.0
PHL,2001,disarmament,3,0.6666666666666666,1.0
PHL,2001,human_rights,4,0.25,1.0
PHL,2001,israel_palestine,8,0.125,1.0
PHL,2001,nuclear_weapons,4,0.25,1.0
PHL,2001,uncategorized,6,0.3333333333333333,1.0
PHL,2002,colonization,2,0.0,1.0
PHL,2002,disarmament,2,0.5,1.0
PHL,2002,economic_development,1,0.0,1.0
PHL,2002,human_rights,6,0.0,1.0
PHL,2002,israel_palestine,7,0.0,1.0
PHL,2002,nuclear_weapons,5,0.0,1.0
PHL,2002,uncategorized,5,0.6,1.0
PHL,2003,colonization,0,,1.0
PHL,2003,disarmament,1,1.0,1.0
PHL,2003,human_rights,12,0.16666666666666666,1.0
PHL,2003,israel_palestine,6,0.3333333333333333,1.0
PHL,2003,nuclear_weapons,4,0.0,1.0
PHL,2003,uncategorized,4,0.5,1.0
PHL,2004,colonization,1,0.0,1.0
PHL,2004,disarmament,4,0.25,1.0
PHL,2004,human_rights,7,0.0,1.0
PHL,2004,israel_palestine,8,0.0,1.0
PHL,2004,nuclear_weapons,4,0.0,1.0
PHL,2004,uncategorized,1,0.0,1.0
PHL,2005,colonization,1,0.0,1.0
PHL,2005,disarmament,6,0.16666666666666666,1.0
PHL,2005,economic_development,1,0.0,1.0
PHL,2005,human_rights,5,0.2,0.8333333333333334
PHL,2005,israel_palestine,6,0.0,1.0
PHL,2005,nuclear_weapons,5,0.0,1.0
PHL,2005,uncategorized,3,0.0,1.0
PHL,2006,colonization,3,0.0,1.0
PHL,2006,disarmament,6,0.0,1.0
PHL,2006,economic_development,3,0.0,1.0
PHL,2006,human_rights,5,0.2,0.8
PHL,2006,israel_palestine,8,0.0,1.0
PHL,2006,nuclear_weapons,4,0.0,1.0
PHL,2006,uncategorized,7,0.42857142857142855,1.0
PHL,2007,colonization,2,0.0,1.0
PHL,2007,disarmament,6,0.16666666666666666,1.0
PHL,2007,economic_development,2,0.0,1.0
PHL,2007,human_rights,12,0.0,1.0
PHL,2007,israel_palestine,5,0.0,1.0
PHL,2007,nuclear_weapons,7,0.0,1.0
PHL,2007,uncategorized,7,0.14285714285714285,1.0
PHL,2008,colonization,4,0.0,1.0
PHL,2008,disarmament,7,0.2857142857142857,1.0
PHL,2008,economic_development,1,0.0,1.0
PHL,2008,human_rights,7,0.0,1.0
PHL,2008,israel_palestine,7,0.0,1.0
PHL,2008,nuclear_weapons,7,0.0,1.0
PHL,2008,uncategorized,7,0.14285714285714285,0.875
PHL,2009,colonization,3,0.0,1.0
PHL,2009,disarmament,4,0.25,1.0
PHL,2009,economic_development,3,0.3333333333333333,1.0
PHL,2009,human_rights,7,0.14285714285714285,1.0
PHL,2009,israel_palestine,9,0.0,1.0
PHL,2009,nuclear_weapons,7,0.2857142857142857,1.0
PHL,2009,uncategorized,6,0.16666666666666666,1.0
PHL,2010,colonization,4,0.0,1.0
PHL,2010,disarmament,3,0.3333333333333333,1.0
PHL,2010,economic_development,1,0.0,1.0
PHL,2010,human_rights,4,0.0,1.0
PHL,2010,israel_palestine,7,0.0,1.0
PHL,2010,nuclear_weapons,9,0.3333333333333333,1.0
PHL,2010,uncategorized,3,0.3333333333333333,1.0
PHL,2011,colonization,3,0.0,1.0
PHL,2011,disarmament,5,0.4,1.0
PHL,2011,economic_development,1,0.0,1.0
PHL,2011,human_rights,7,0.14285714285714285,1.0
PHL,2011,israel_palestine,7,0.0,1.0
PHL,2011,nuclear_weapons,10,0.4,1.0
PHL,2011,uncategorized,4,0.25,1.0
PHL,2012,colonization,2,0.0,1.0
PHL,2012,disarmament,2,0.0,1.0
PHL,2012,economic_development,1,0.0,1.0
PHL,2012,human_rights,7,0.0,1.0
PHL,2012,israel_palestine,6,0.0,1.0
PHL,2012,nuclear_weapons,6,0.0,1.0
PHL,2012,uncategorized,2,0.5,1.0
PHL,2013,colonization,2,0.0,1.0
PHL,2013,disarmament,3,0.3333333333333333,1.0
PHL,2013,economic_development,1,0.0,1.0
PHL,2013,human_rights,4,0.0,1.0
PHL,2013,israel_palestine,9,0.0,1.0
PHL,2013,nuclear_weapons,4,0.0,1.0
PHL,2013,uncategorized,0,,1.0
PHL,2014,colonization,2,0.0,1.0
PHL,2014,disarmament,7,0.42857142857142855,1.0
PHL,2014,economic_development,6,0.3333333333333333,1.0
PHL,2014,human_rights,6,0.5,0.8333333333333334
PHL,2014,israel_palestine,5,0.0,1.0
PHL,2014,nuclear_weapons,7,0.42857142857142855,1.0
PHL,2014,uncategorized,3,1.0,0.8333333333333334
PHL,2015,colonization,2,0.0,1.0
PHL,2015,disarmament,4,0.25,1.0
PHL,2015,economic_development,4,0.5,1.0
PHL,2015,human_rights,10,0.3,0.8181818181818182
PHL,2015,israel_palestine,7,0.0,1.0
PHL,2015,nuclear_weapons,10,0.0,0.8333333333333334
PHL,2015,uncategorized,9,0.4444444444444444,1.0
PHL,2016,colonization,3,0.0,1.0
PHL,2016,disarmament,3,0.6666666666666666,1.0
PHL,2016,economic_development,3,0.6666666666666666,0.5
PHL,2016,human_rights,3,0.0,1.0
PHL,2016,israel_palestine,6,0.0,1.0
PHL,2016,nuclear_weapons,7,0.42857142857142855,1.0
PHL,2016,uncategorized,6,0.5,1.0
PHL,2017,colonization,3,0.0,1.0
PHL,2017,disarmament,5,0.2,1.0
PHL,2017,economic_development,5,0.0,1.0
PHL,2017,human_rights,10,0.3,1.0
PHL,2017,israel_palestine,4,0.0,1.0
PHL,2017,nuclear_weapons,7,0.14285714285714285,1.0
PHL,2017,uncategorized,11,0.18181818181818182,1.0
PHL,2018,colonization,2,0.0,1.0
PHL,2018,disarmament,4,0.0,1.0
PHL,2018,economic_development,9,0.2222222222222222,0.875
PHL,2018,human_rights,4,0.0,1.0
PHL,2018,israel_palestine,11,0.0,1.0
PHL,2018,nuclear_weapons,8,0.0,1.0
PHL,2018,uncategorized,9,0.2222222222222222,0.8888888888888888
PHL,2019,colonization,5,0.0,1.0
PHL,2019,disarmament,3,0.0,0.6666666666666666
PHL,2019,economic_development,6,0.0,1.0
PHL,2019,human_rights,10,0.1,1.0
PHL,2019,israel_palestine,5,0.0,1.0
PHL,2019,nuclear_weapons,4,0.0,0.5
PHL,2019,uncategorized,15,0.4,0.9285714285714286
PHL,2020,colonization,3,0.0,1.0
PHL,2020,disarmament,4,0.25,1.0
PHL,2020,economic_development,7,0.2857142857142857,0.8571428571428571
PHL,2020,human_rights,7,0.14285714285714285,0.8571428571428571
PHL,2020,israel_palestine,5,0.0,1.0
PHL,2020,nuclear_weapons,5,0.0,1.0
PHL,2020,uncategorized,7,0.2857142857142857,0.875
PHL,2021,colonization,3,0.0,1.0
PHL,2021,disarmament,2,0.5,0.5
PHL,2021,economic_development,5,0.4,0.8333333333333334
PHL,2021,human_rights,5,0.2,1.0
PHL,2021,israel_palestine,3,0.0,1.0
PHL,2021,nuclear_weapons,5,0.6,0.7142857142857143
PHL,2021,uncategorized,10,0.6,0.8888888888888888
PHL,2022,colonization,3,0.0,1.0
PHL,2022,disarmament,4,0.5,1.0
PHL,2022,economic_development,5,0.2,1.0
PHL,2022,human_rights,5,0.4,0.8571428571428571
PHL,2022,israel_palestine,5,0.0,1.0
PHL,2022,nuclear_weapons,5,0.6,1.0
PHL,2022,uncategorized,7,0.5714285714285714,0.7142857142857143
PHL,2023,colonization,2,0.0,1.0
PHL,2023,disarmament,6,0.3333333333333333,1.0
PHL,2023,economic_development,3,0.3333333333333333,0.6666666666666666
PHL,2023,human_rights,8,0.375,1.0
PHL,2023,israel_palestine,2,0.0,1.0
PHL,2023,nuclear_weapons,6,0.16666666666666666,1.0
PHL,2023,uncategorized,11,0.5454545454545454,0.75
PHL,2024,colonization,2,0.0,1.0
PHL,2024,disarmament,5,0.2,1.0
PHL,2024,economic_development,4,0.25,1.0
PHL,2024,human_rights,6,0.16666666666666666,1.0
PHL,2024,israel_palestine,6,0.0,1.0
PHL,2024,nuclear_weapons,9,0.1111111111111111,1.0
PHL,2024,uncategorized,11,0.5454545454545454,1.0
PHL,2025,human_rights,2,0.5,1.0
PHL,2025,uncategorized,5,0.0,1.0
IDN,1950,uncategorized,6,0.8333333333333334,1.0
IDN,1951,uncategorized,0,,
IDN,1952,economic_development,1,0.0,0.0
IDN,1952,human_rights,1,0.0,
IDN,1952,israel_palestine,1,1.0,1.0
IDN,1952,uncategorized,3,1.0,1.0
IDN,1953,human_rights,1,1.0,1.0
IDN,1953,uncategorized,1,1.0,1.0
IDN,1954,uncategorized,4,0.75,1.0
IDN,1955,uncategorized,1,0.0,0.0
IDN,1956,human_rights,1,1.0,1.0
IDN,1956,israel_palestine,1,1.0,1.0
IDN,1956,uncategorized,8,0.875,0.875
IDN,1957,disarmament,1,1.0,1.0
IDN,1957,human_rights,0,,
IDN,1957,israel_palestine,0,,
IDN,1957,uncategorized,4,1.0,1.0
IDN,1958,uncategorized,3,0.6666666666666666,0.6666666666666666
IDN,1959,nuclear_weapons,1,0.0,
IDN,1959,uncategorized,4,1.0,1.0
IDN,1960,colonization,0,,1.0
IDN,1960,nuclear_weapons,0,,
IDN,1960,uncategorized,1,1.0,1.0
IDN,1961,colonization,2,1.0,1.0
IDN,1961,nuclear_weapons,1,0.0,0.0
IDN,1961,uncategorized,6,0.8333333333333334,0.6666666666666666
IDN,1962,uncategorized,3,0.3333333333333333,1.0
IDN,1963,colonization,0,,1.0
IDN,1963,uncategorized,4,1.0,1.0
IDN,1966,colonization,2,0.5,1.0
IDN,1966,human_rights,1,1.0,1.0
IDN,1966,uncategorized,4,1.0,1.0
IDN,1967,colonization,0,,1.0
IDN,1967,economic_development,1,0.0,1.0
IDN,1967,human_rights,0,,
IDN,1967,israel_palestine,0,,1.0
IDN,1967,nuclear_weapons,1,1.0,1.0
IDN,1967,uncategorized,3,1.0,1.0
IDN,1968,colonization,0,,1.0
IDN,1968,human_rights,1,0.0,1.0
IDN,1968,nuclear_weapons,1,1.0,1.0
IDN,1968,uncategorized,6,0.3333333333333333,0.7777777777777778
IDN,1969,colonization,1,0.0,1.0
IDN,1969,economic_development,1,0.0,1.0
IDN,1969,human_rights,1,1.0,1.0
IDN,1969,israel_palestine,1,1.0,1.0
IDN,1969,nuclear_weapons,0,,
IDN,1969,uncategorized,4,0.25,1.0
IDN,1970,colonization,1,0.0,1.0
IDN,1970,disarmament,1,1.0,1.0
IDN,1970,economic_development,1,1.0,1.0
IDN,1970,human_rights,2,0.0,0.5
IDN,1970,israel_palestine,1,0.0,1.0
IDN,1970,nuclear_weapons,1,1.0,1.0
IDN,1970,uncategorized,8,0.625,1.0
IDN,1971,colonization,2,0.0,
IDN,1971,disarmament,1,1.0,
IDN,1971,economic_development,1,0.0,
IDN,1971,human_rights,1,1.0,1.0
IDN,1971,israel_palestine,1,1.0,1.0
IDN,1971,nuclear_weapons,0,,0.0
IDN,1971,uncategorized,12,0.75,1.0
IDN,1972,colonization,4,0.0,1.0
IDN,1972,disarmament,0,,1.0
IDN,1972,economic_development,0,,1.0
IDN,1972,human_rights,4,0.25,1.0
IDN,1972,israel_palestine,1,0.0,1.0
IDN,1972,nuclear_weapons,2,1.0,0.0
IDN,1972,uncategorized,12,0.9166666666666666,1.0
IDN,1973,colonization,1,0.0,1.0
IDN,1973,disarmament,0,,
IDN,1973,economic_development,2,1.0,
IDN,1973,human_rights,3,1.0,1.0
IDN,1973,israel_palestine,2,0.5,1.0
IDN,1973,uncategorized,13,0.5384615384615384,1.0
IDN,1974,colonization,1,1.0,1.0
IDN,1974,disarmament,2,1.0,0.5
IDN,1974,economic_development,0,,
IDN,1974,human_rights,1,1.0,1.0
IDN,1974,israel_palestine,3,0.6666666666666666,1.0
IDN,1974,nuclear_weapons,2,1.0,0.6666666666666666
IDN,1974,uncategorized,6,0.5,0.8
IDN,1975,colonization,2,0.0,0.6666666666666666
IDN,1975,disarmament,2,0.5,
IDN,1975,economic_development,1,1.0,1.0
IDN,1975,human_rights,4,0.0,0.8
IDN,1975,israel_palestine,3,0.0,0.75
IDN,1975,nuclear_weapons,2,1.0,0.6666666666666666
IDN,1975,uncategorized,6,0.5,0.8571428571428571
IDN,1976,colonization,3,0.0,1.0
IDN,1976,disarmament,1,1.0,0.0
IDN,1976,economic_development,1,0.0,1.0
IDN,1976,human_rights,5,0.4,1.0
IDN,1976,israel_palestine,4,0.25,1.0
IDN,1976,nuclear_weapons,2,1.0,0.5
IDN,1976,uncategorized,13,0.7692307692307693,0.8461538461538461
IDN,1977,colonization,0,,1.0
IDN,1977,disarmament,2,1.0,0.0
IDN,1977,economic_development,0,,1.0
IDN,1977,human_rights,1,0.0,1.0
IDN,1977,israel_palestine,2,0.0,1.0
IDN,1977,nuclear_weapons,3,0.6666666666666666,1.0
IDN,1977,uncategorized,8,0.625,0.8
IDN,1978,colonization,3,0.3333333333333333,1.0
IDN,1978,economic_development,0,,1.0
IDN,1978,human_rights,6,0.5,1.0
IDN,1978,israel_palestine,5,0.4,1.0
IDN,1978,nuclear_weapons,2,0.0,1.0
IDN,1978,uncategorized,14,0.8571428571428571,0.8181818181818182
IDN,1979,colonization,2,0.5,1.0
IDN,1979,disarmament,0,,1.0
IDN,1979,economic_development,2,0.0,1.0
IDN,1979,human_rights,7,0.14285714285714285,1.0
IDN,1979,israel_palestine,5,0.2,1.0
IDN,1979,nuclear_weapons,4,0.5,1.0
IDN,1979,uncategorized,24,0.4583333333333333,0.967741935483871
IDN,1980,colonization,1,0.0,1.0
IDN,1980,disarmament,1,1.0,1.0
IDN,1980,economic_development,1,0.0,1.0
IDN,1980,human_rights,5,0.4,1.0
IDN,1980,israel_palestine,5,0.2,1.0
IDN,1980,nuclear_weapons,4,0.0,1.0
IDN,1980,uncategorized,13,0.6153846153846154,1.0
IDN,1981,colonization,1,0.0,1.0
IDN,1981,disarmament,2,0.5,1.0
IDN,1981,economic_development,0,,1.0
IDN,1981,human_rights,4,0.25,1.0
IDN,1981,israel_palestine,6,0.0,1.0
IDN,1981,nuclear_weapons,7,0.0,1.0
IDN,1981,uncategorized,16,0.0625,1.0
IDN,1982,colonization,2,0.0,1.0
IDN,1982,disarmament,2,0.5,1.0
IDN,1982,economic_development,3,0.3333333333333333,1.0
IDN,1982,human_rights,6,0.16666666666666666,1.0
IDN,1982,israel_palestine,8,0.125,1.0
IDN,1982,nuclear_weapons,5,0.0,1.0
IDN,1982,uncategorized,18,0.2777777777777778,0.9583333333333334
IDN,1983,colonization,3,0.0,1.0
IDN,1983,disarmament,5,0.2,1.0
IDN,1983,economic_development,2,0.0,1.0
IDN,1983,human_rights,6,0.16666666666666666,1.0
IDN,1983,israel_palestine,8,0.0,1.0
IDN,1983,nuclear_weapons,9,0.1111111111111111,0.8333333333333334
IDN,1983,uncategorized,19,0.2631578947368421,1.0
IDN,1984,colonization,4,0.0,1.0
IDN,1984,disarmament,6,0.0,1.0
IDN,1984,economic_development,4,0.0,1.0
IDN,1984,human_rights,9,0.1111111111111111,1.0
IDN,1984,israel_palestine,8,0.0,1.0
IDN,1984,nuclear_weapons,10,0.1,1.0
IDN,1984,uncategorized,20,0.15,1.0
IDN,1985,colonization,4,0.25,1.0
IDN,1985,disarmament,6,0.16666666666666666,1.0
IDN,1985,economic_development,2,0.0,1.0
IDN,1985,human_rights,11,0.18181818181818182,1.0
IDN,1985,israel_palestine,11,0.09090909090909091,1.0
IDN,1985,nuclear_weapons,9,0.2222222222222222,1.0
IDN,1985,uncategorized,19,0.21052631578947367,1.0
IDN,1986,colonization,2,0.5,1.0
IDN,1986,disarmament,8,0.375,1.0
IDN,1986,economic_development,7,0.0,1.0
IDN,1986,human_rights,11,0.09090909090909091,1.0
IDN,1986,israel_palestine,10,0.1,1.0
IDN,1986,nuclear_weapons,6,0.0,1.0
IDN,1986,uncategorized,25,0.12,1.0
IDN,1987,colonization,2,0.0,1.0
IDN,1987,disarmament,3,0.3333333333333333,1.0
IDN,1987,economic_development,4,0.0,1.0
IDN,1987,human_rights,13,0.15384615384615385,1.0
IDN,1987,israel_palestine,14,0.14285714285714285,1.0
IDN,1987,nuclear_weapons,10,0.1,1.0
IDN,1987,uncategorized,17,0.17647058823529413,1.0
IDN,1988,colonization,5,0.2,1.0
IDN,1988,disarmament,4,0.25,1.0
IDN,1988,economic_development,0,,1.0
IDN,1988,human_rights,9,0.1111111111111111,1.0
IDN,1988,israel_palestine,8,0.125,1.0
IDN,1988,nuclear_weapons,9,0.2222222222222222,1.0
IDN,1988,uncategorized,20,0.1,1.0
IDN,1989,colonization,3,0.0,1.0
IDN,1989,disarmament,5,0.0,1.0
IDN,1989,economic_development,4,0.0,1.0
IDN,1989,human_rights,7,0.0,1.0
IDN,1989,israel_palestine,11,0.0,1.0
IDN,1989,nuclear_weapons,5,0.2,1.0
IDN,1989,uncategorized,17,0.17647058823529413,1.0
IDN,1990,colonization,6,0.0,1.0
IDN,1990,disarmament,1,1.0,1.0
IDN,1990,economic_development,1,0.0,1.0
IDN,1990,human_rights,8,0.375,1.0
IDN,1990,israel_palestine,8,0.25,1.0
IDN,1990,nuclear_weapons,6,0.16666666666666666,1.0
IDN,1990,uncategorized,11,0.18181818181818182,1.0
IDN,1991,colonization,4,0.0,1.0
IDN,1991,disarmament,1,0.0,1.0
IDN,1991,economic_development,1,0.0,1.0
IDN,1991,human_rights,6,0.0,1.0
IDN,1991,israel_palestine,8,0.0,1.0
IDN,1991,nuclear_weapons,2,0.0,1.0
IDN,1991,uncategorized,5,0.0,1.0
IDN,1992,colonization,2,0.0,1.0
IDN,1992,disarmament,2,1.0,1.0
IDN,1992,economic_development,2,0.0,1.0
IDN,1992,human_rights,3,0.0,1.0
IDN,1992,israel_palestine,7,0.0,1.0
IDN,1992,nuclear_weapons,5,0.2,1.0
IDN,1992,uncategorized,11,0.45454545454545453,1.0
IDN,1993,colonization,1,0.0,1.0
IDN,1993,disarmament,2,0.5,1.0
IDN,1993,economic_development,0,,1.0
IDN,1993,human_rights,5,0.0,1.0
IDN,1993,israel_palestine,5,0.0,1.0
IDN,1993,nuclear_weapons,1,0.0,1.0
IDN,1993,uncategorized,7,0.2857142857142857,1.0
IDN,1994,colonization,4,0.0,1.0
IDN,1994,disarmament,3,0.6666666666666666,1.0
IDN,1994,economic_development,1,0.0,1.0
IDN,1994,human_rights,5,0.2,1.0
IDN,1994,israel_palestine,5,0.0,1.0
IDN,1994,nuclear_weapons,5,0.0,1.0
IDN,1994,uncategorized,8,0.625,1.0
IDN,1995,colonization,4,0.0,1.0
IDN,1995,disarmament,8,0.375,1.0
IDN,1995,human_rights,6,0.3333333333333333,1.0
IDN,1995,israel_palestine,7,0.2857142857142857,1.0
IDN,1995,nuclear_weapons,4,0.5,0.75
IDN,1995,uncategorized,6,0.3333333333333333,1.0
IDN,1996,colonization,3,0.0,1.0
IDN,1996,disarmament,2,0.0,1.0
IDN,1996,human_rights,8,0.25,1.0
IDN,1996,israel_palestine,12,0.08333333333333333,1.0
IDN,1996,nuclear_weapons,3,0.3333333333333333,1.0
IDN,1996,uncategorized,11,0.36363636363636365,1.0
IDN,1997,colonization,2,0.0,1.0
IDN,1997,disarmament,6,0.3333333333333333,1.0
IDN,1997,economic_development,1,0.0,1.0
IDN,1997,human_rights,9,0.3333333333333333,1.0
IDN,1997,israel_palestine,7,0.14285714285714285,1.0
IDN,1997,nuclear_weapons,4,0.5,1.0
IDN,1997,uncategorized,7,0.42857142857142855,0.8
IDN,1998,colonization,3,0.0,1.0
IDN,1998,disarmament,7,0.5714285714285714,1.0
IDN,1998,economic_development,1,0.0,1.0
IDN,1998,human_rights,9,0.3333333333333333,1.0
IDN,1998,israel_palestine,7,0.14285714285714285,1.0
IDN,1998,nuclear_weapons,3,0.3333333333333333,1.0
IDN,1998,uncategorized,5,0.6,1.0
IDN,1999,colonization,1,0.0,1.0
IDN,1999,disarmament,3,0.6666666666666666,1.0
IDN,1999,economic_development,1,0.0,1.0
IDN,1999,human_rights,8,0.25,1.0
IDN,1999,israel_palestine,10,0.1,1.0
IDN,1999,nuclear_weapons,5,0.4,1.0
IDN,1999,uncategorized,6,0.5,1.0
IDN,2000,colonization,4,0.0,1.0
IDN,2000,disarmament,3,0.3333333333333333,1.0
IDN,2000,economic_development,1,1.0,1.0
IDN,2000,human_rights,5,0.4,1.0
IDN,2000,israel_palestine,5,0.2,1.0
IDN,2000,nuclear_weapons,4,0.5,1.0
IDN,2000,uncategorized,6,0.3333333333333333,1.0
IDN,2001,colonization,3,0.0,1.0
IDN,2001,disarmament,2,0.0,1.0
IDN,2001,economic_development,1,0.0,1.0
IDN,2001,human_rights,8,0.0,1.0
IDN,2001,israel_palestine,7,0.0,1.0
IDN,2001,nuclear_weapons,4,0.0,1.0
IDN,2001,uncategorized,4,0.25,1.0
IDN,2002,colonization,3,0.0,1.0
IDN,2002,disarmament,3,0.3333333333333333,1.0
IDN,2002,economic_development,1,0.0,1.0
IDN,2002,human_rights,11,0.09090909090909091,1.0
IDN,2002,israel_palestine,10,0.1,1.0
IDN,2002,nuclear_weapons,6,0.0,1.0
IDN,2002,uncategorized,7,0.42857142857142855,1.0
IDN,2003,colonization,3,0.0,1.0
IDN,2003,disarmament,3,0.3333333333333333,1.0
IDN,2003,economic_development,1,0.0,1.0
IDN,2003,human_rights,9,0.1111111111111111,1.0
IDN,2003,israel_palestine,12,0.0,1.0
IDN,2003,nuclear_weapons,5,0.0,1.0
IDN,2003,uncategorized,7,0.2857142857142857,1.0
IDN,2004,colonization,3,0.0,1.0
IDN,2004,disarmament,6,0.16666666666666666,1.0
IDN,2004,economic_development,3,0.0,1.0
IDN,2004,human_rights,9,0.1111111111111111,1.0
IDN,2004,israel_palestine,5,0.0,1.0
IDN,2004,nuclear_weapons,7,0.0,1.0
IDN,2004,uncategorized,6,0.5,1.0
IDN,2005,colonization,4,0.0,1.0
IDN,2005,disarmament,5,0.0,1.0
IDN,2005,economic_development,3,0.0,1.0
IDN,2005,human_rights,10,0.0,1.0
IDN,2005,israel_palestine,7,0.0,1.0
IDN,2005,nuclear_weapons,5,0.0,1.0
IDN,2005,uncategorized,5,0.6,1.0
IDN,2006,colonization,3,0.0,1.0
IDN,2006,disarmament,8,0.125,1.0
IDN,2006,economic_development,1,0.0,1.0
IDN,2006,human_rights,10,0.0,1.0
IDN,2006,israel_palestine,6,0.0,1.0
IDN,2006,nuclear_weapons,8,0.125,1.0
IDN,2006,uncategorized,6,0.0,1.0
IDN,2007,colonization,1,0.0,1.0
IDN,2007,disarmament,3,0.0,1.0
IDN,2007,economic_development,2,0.0,1.0
IDN,2007,human_rights,4,0.0,1.0
IDN,2007,israel_palestine,4,0.0,1.0
IDN,2007,nuclear_weapons,6,0.0,1.0
IDN,2007,uncategorized,7,0.2857142857142857,1.0
IDN,2008,colonization,0,,1.0
IDN,2008,disarmament,4,0.5,1.0
IDN,2008,economic_development,2,0.0,1.0
IDN,2008,human_rights,7,0.0,1.0
IDN,2008,israel_palestine,7,0.0,1.0
IDN,2008,nuclear_weapons,8,0.125,1.0
IDN,2008,uncategorized,5,0.0,1.0
IDN,2009,colonization,1,0.0,1.0
IDN,2009,disarmament,2,1.0,1.0
IDN,2009,human_rights,5,0.0,1.0
IDN,2009,israel_palestine,5,0.0,1.0
IDN,2009,nuclear_weapons,3,0.0,1.0
IDN,2009,uncategorized,4,0.25,1.0
IDN,2010,colonization,2,0.0,1.0
IDN,2010,disarmament,1,1.0,1.0
IDN,2010,economic_development,1,0.0,1.0
IDN,2010,human_rights,5,0.0,1.0
IDN,2010,israel_palestine,6,0.0,1.0
IDN,2010,nuclear_weapons,2,0.0,1.0
IDN,2010,uncategorized,3,0.6666666666666666,1.0
IDN,2011,colonization,2,0.0,1.0
IDN,2011,disarmament,2,0.0,1.0
IDN,2011,economic_development,1,0.0,1.0
IDN,2011,human_rights,7,0.14285714285714285,1.0
IDN,2011,israel_palestine,5,0.0,1.0
IDN,2011,nuclear_weapons,3,0.3333333333333333,1.0
IDN,2011,uncategorized,4,0.25,1.0
IDN,2012,colonization,2,0.0,1.0
IDN,2012,disarmament,2,0.5,1.0
IDN,2012,economic_development,1,0.0,1.0
IDN,2012,human_rights,4,0.25,1.0
IDN,2012,israel_palestine,9,0.0,1.0
IDN,2012,nuclear_weapons,5,0.4,1.0
IDN,2012,uncategorized,4,0.25,1.0
IDN,2013,colonization,2,0.0,1.0
IDN,2013,disarmament,4,0.25,1.0
IDN,2013,economic_development,0,,
IDN,2013,human_rights,5,0.0,1.0
IDN,2013,israel_palestine,2,0.0,1.0
IDN,2013,nuclear_weapons,5,0.2,1.0
IDN,2013,uncategorized,5,0.0,1.0
IDN,2014,colonization,2,0.0,1.0
IDN,2014,disarmament,2,0.0,1.0
IDN,2014,economic_development,3,0.0,1.0
IDN,2014,human_rights,8,0.125,0.8888888888888888
IDN,2014,israel_palestine,7,0.0,1.0
IDN,2014,nuclear_weapons,6,0.16666666666666666,1.0
IDN,2014,uncategorized,6,0.16666666666666666,1.0
IDN,2015,colonization,1,1.0,
IDN,2015,disarmament,3,0.0,0.6666666666666666
IDN,2015,economic_development,1,0.0,1.0
IDN,2015,human_rights,4,0.25,1.0
IDN,2015,israel_palestine,4,0.0,1.0
IDN,2015,nuclear_weapons,6,0.3333333333333333,0.75
IDN,2015,uncategorized,4,0.0,1.0
IDN,2016,colonization,1,0.0,1.0
IDN,2016,disarmament,4,0.25,1.0
IDN,2016,economic_development,1,0.0,1.0
IDN,2016,human_rights,10,0.1,0.9090909090909091
IDN,2016,israel_palestine,8,0.0,1.0
IDN,2016,nuclear_weapons,10,0.1,0.875
IDN,2016,uncategorized,5,0.6,0.8571428571428571
IDN,2017,colonization,2,0.0,1.0
IDN,2017,disarmament,6,0.16666666666666666,0.6666666666666666
IDN,2017,economic_development,4,0.25,0.75
IDN,2017,human_rights,8,0.375,0.9
IDN,2017,israel_palestine,6,0.0,1.0
IDN,2017,nuclear_weapons,7,0.0,0.6666666666666666
IDN,2017,uncategorized,4,0.25,1.0
IDN,2018,colonization,4,0.0,1.0
IDN,2018,disarmament,2,0.5,1.0
IDN,2018,economic_development,3,0.0,1.0
IDN,2018,human_rights,8,0.125,0.875
IDN,2018,israel_palestine,3,0.0,1.0
IDN,2018,nuclear_weapons,3,0.3333333333333333,0.5
IDN,2018,uncategorized,11,0.2727272727272727,1.0
IDN,2019,colonization,2,0.0,1.0
IDN,2019,disarmament,6,0.3333333333333333,1.0
IDN,2019,economic_development,6,0.0,1.0
IDN,2019,human_rights,4,0.25,1.0
IDN,2019,israel_palestine,4,0.0,1.0
IDN,2019,nuclear_weapons,9,0.0,0.875
IDN,2019,uncategorized,5,0.0,1.0
IDN,2020,colonization,4,0.0,1.0
IDN,2020,disarmament,5,0.2,0.8333333333333334
IDN,2020,economic_development,6,0.16666666666666666,1.0
IDN,2020,human_rights,7,0.42857142857142855,0.8571428571428571
IDN,2020,israel_palestine,6,0.0,1.0
IDN,2020,nuclear_weapons,7,0.14285714285714285,0.8
IDN,2020,uncategorized,11,0.18181818181818182,0.9285714285714286
IDN,2021,colonization,2,0.0,1.0
IDN,2021,disarmament,6,0.16666666666666666,0.8333333333333334
IDN,2021,economic_development,3,0.0,1.0
IDN,2021,human_rights,5,0.0,1.0
IDN,2021,israel_palestine,7,0.0,1.0
IDN,2021,nuclear_weapons,9,0.0,0.75
IDN,2021,uncategorized,6,0.16666666666666666,0.875
IDN,2022,colonization,4,0.0,1.0
IDN,2022,disarmament,4,0.5,0.75
IDN,2022,economic_development,1,1.0,0.0
IDN,2022,human_rights,4,0.0,1.0
IDN,2022,israel_palestine,5,0.0,1.0
IDN,2022,nuclear_weapons,6,0.16666666666666666,0.6666666666666666
IDN,2022,uncategorized,6,0.5,1.0
IDN,2023,colonization,1,0.0,1.0
IDN,2023,disarmament,3,0.0,1.0
IDN,2023,economic_development,0,,
IDN,2023,human_rights,4,0.0,1.0
IDN,2023,israel_palestine,4,0.0,1.0
IDN,2023,nuclear_weapons,9,0.2222222222222222,0.7142857142857143
IDN,2023,uncategorized,9,0.4444444444444444,1.0
IDN,2024,colonization,3,0.0,1.0
IDN,2024,disarmament,2,0.5,1.0
IDN,2024,economic_development,2,0.5,0.5
IDN,2024,human_rights,4,0.25,1.0
IDN,2024,israel_palestine,5,0.2,1.0
IDN,2024,nuclear_weapons,7,0.42857142857142855,0.8571428571428571
IDN,2024,uncategorized,7,0.7142857142857143,0.7777777777777778
IDN,2025,human_rights,0,,
IDN,2025,uncategorized,12,0.0,1.0
IND,1946,human_rights,1,1.0,1.0
IND,1946,uncategorized,5,0.8,1.0
IND,1947,israel_palestine,1,1.0,1.0
IND,1947,uncategorized,4,0.25,0.25
IND,1948,human_rights,1,1.0,1.0
IND,1948,israel_palestine,1,1.0,1.0
IND,1948,uncategorized,5,1.0,1.0
IND,1949,human_rights,0,,
IND,1949,israel_palestine,1,0.0,1.0
IND,1949,uncategorized,3,1.0,1.0
IND,1950,colonization,1,1.0,1.0
IND,1950,human_rights,1,1.0,1.0
IND,1950,uncategorized,7,0.7142857142857143,0.8571428571428571
IND,1951,uncategorized,0,,
IND,1952,economic_development,1,0.0,0.0
IND,1952,human_rights,0,,
IND,1952,israel_palestine,1,1.0,1.0
IND,1952,uncategorized,3,1.0,1.0
IND,1953,human_rights,1,1.0,1.0
IND,1953,uncategorized,1,1.0,1.0
IND,1954,uncategorized,5,0.8,1.0
IND,1955,uncategorized,1,0.0,0.0
IND,1956,human_rights,1,1.0,1.0
IND,1956,israel_palestine,1,1.0,1.0
IND,1956,uncategorized,9,0.7777777777777778,0.7777777777777778
IND,1957,disarmament,1,1.0,1.0
IND,1957,human_rights,0,,1.0
IND,1957,israel_palestine,0,,
IND,1957,uncategorized,3,1.0,1.0
IND,1958,uncategorized,3,0.6666666666666666,0.6666666666666666
IND,1959,nuclear_weapons,1,0.0,
IND,1959,uncategorized,4,1.0,1.0
IND,1960,colonization,0,,1.0
IND,1960,nuclear_weapons,0,,
IND,1960,uncategorized,1,1.0,1.0
IND,1961,colonization,2,1.0,1.0
IND,1961,nuclear_weapons,1,0.0,0.0
IND,1961,uncategorized,6,0.8333333333333334,0.75
IND,1962,uncategorized,3,0.3333333333333333,1.0
IND,1963,colonization,0,,1.0
IND,1963,uncategorized,4,1.0,1.0
IND,1965,colonization,1,1.0,1.0
IND,1965,disarmament,2,1.0,1.0
IND,1965,nuclear_weapons,1,1.0,1.0
IND,1965,uncategorized,8,0.375,0.75
IND,1966,colonization,2,0.5,1.0
IND,1966,human_rights,1,1.0,1.0
IND,1966,uncategorized,4,0.75,0.75
IND,1967,colonization,0,,1.0
IND,1967,economic_development,1,0.0,1.0
IND,1967,human_rights,0,,
IND,1967,israel_palestine,0,,1.0
IND,1967,nuclear_weapons,0,,
IND,1967,uncategorized,4,1.0,1.0
IND,1968,colonization,0,,1.0
IND,1968,human_rights,1,0.0,1.0
IND,1968,nuclear_weapons,1,1.0,1.0
IND,1968,uncategorized,7,0.2857142857142857,0.7
IND,1969,colonization,1,0.0,1.0
IND,1969,economic_development,1,0.0,1.0
IND,1969,human_rights,3,1.0,0.6666666666666666
IND,1969,israel_palestine,1,1.0,1.0
IND,1969,nuclear_weapons,0,,
IND,1969,uncategorized,5,0.2,1.0
IND,1970,colonization,1,0.0,1.0
IND,1970,disarmament,1,1.0,1.0
IND,1970,economic_development,0,,
IND,1970,human_rights,2,0.0,0.5
IND,1970,israel_palestine,1,0.0,1.0
IND,1970,nuclear_weapons,1,1.0,1.0
IND,1970,uncategorized,8,0.625,0.8888888888888888
IND,1971,colonization,2,0.0,
IND,1971,disarmament,1,1.0,
IND,1971,economic_development,1,0.0,
IND,1971,human_rights,1,1.0,1.0
IND,1971,israel_palestine,1,1.0,1.0
IND,1971,nuclear_weapons,0,,
IND,1971,uncategorized,13,0.6923076923076923,1.0
IND,1972,colonization,4,0.0,1.0
IND,1972,disarmament,0,,1.0
IND,1972,economic_development,0,,1.0
IND,1972,human_rights,4,0.25,1.0
IND,1972,israel_palestine,1,0.0,1.0
IND,1972,nuclear_weapons,0,,0.0
IND,1972,uncategorized,12,0.9166666666666666,1.0
IND,1973,colonization,1,0.0,1.0
IND,1973,disarmament,0,,
IND,1973,economic_development,2,1.0,
IND,1973,human_rights,3,1.0,1.0
IND,1973,israel_palestine,2,0.5,1.0
IND,1973,uncategorized,12,0.5,1.0
IND,1974,colonization,1,1.0,1.0
IND,1974,disarmament,2,0.5,1.0
IND,1974,human_rights,1,1.0,1.0
IND,1974,israel_palestine,2,0.5,1.0
IND,1974,nuclear_weapons,2,1.0,0.6666666666666666
IND,1974,uncategorized,5,0.4,0.8888888888888888
IND,1975,colonization,2,0.0,0.6666666666666666
IND,1975,disarmament,2,0.5,
IND,1975,economic_development,1,1.0,1.0
IND,1975,human_rights,5,0.2,0.8
IND,1975,israel_palestine,3,0.0,0.75
IND,1975,nuclear_weapons,2,1.0,0.6666666666666666
IND,1975,uncategorized,8,0.625,0.8888888888888888
IND,1976,colonization,3,0.0,1.0
IND,1976,disarmament,0,,
IND,1976,economic_development,1,0.0,1.0
IND,1976,human_rights,5,0.4,1.0
IND,1976,israel_palestine,4,0.25,1.0
IND,1976,nuclear_weapons,2,1.0,0.4
IND,1976,uncategorized,12,0.75,0.8461538461538461
IND,1977,colonization,0,,1.0
IND,1977,disarmament,2,1.0,0.0
IND,1977,economic_development,0,,1.0
IND,1977,human_rights,1,0.0,1.0
IND,1977,israel_palestine,2,0.0,1.0
IND,1977,nuclear_weapons,3,0.6666666666666666,1.0
IND,1977,uncategorized,8,0.625,0.8
IND,1978,colonization,1,0.0,1.0
IND,1978,economic_development,0,,1.0
IND,1978,human_rights,6,0.6666666666666666,1.0
IND,1978,israel_palestine,5,0.4,1.0
IND,1978,nuclear_weapons,2,0.0,
IND,1978,uncategorized,14,0.8571428571428571,0.8181818181818182
IND,1979,colonization,2,0.5,1.0
IND,1979,disarmament,0,,1.0
IND,1979,economic_development,2,0.0,1.0
IND,1979,human_rights,7,0.14285714285714285,1.0
IND,1979,israel_palestine,5,0.2,1.0
IND,1979,nuclear_weapons,3,0.3333333333333333,1.0
IND,1979,uncategorized,22,0.4090909090909091,0.9655172413793104
IND,1980,colonization,1,0.0,1.0
IND,1980,disarmament,1,0.0,0.5
IND,1980,economic_development,1,0.0,1.0
IND,1980,human_rights,5,0.4,1.0
IND,1980,israel_palestine,5,0.2,1.0
IND,1980,nuclear_weapons,4,0.0,0.5
IND,1980,uncategorized,9,0.4444444444444444,1.0
IND,1981,colonization,1,0.0,1.0
IND,1981,disarmament,1,1.0,1.0
IND,1981,economic_development,0,,1.0
IND,1981,human_rights,4,0.0,1.0
IND,1981,israel_palestine,6,0.0,1.0
IND,1981,nuclear_weapons,4,0.0,1.0
IND,1981,uncategorized,15,0.0,1.0
IND,1982,colonization,2,0.0,1.0
IND,1982,disarmament,2,0.5,1.0
IND,1982,economic_development,3,0.3333333333333333,1.0
IND,1982,human_rights,6,0.3333333333333333,1.0
IND,1982,israel_palestine,8,0.125,1.0
IND,1982,nuclear_weapons,4,0.0,1.0
IND,1982,uncategorized,17,0.23529411764705882,0.9565217391304348
IND,1983,colonization,3,0.0,1.0
IND,1983,disarmament,4,0.0,1.0
IND,1983,economic_development,2,0.0,1.0
IND,1983,human_rights,6,0.0,1.0
IND,1983,israel_palestine,8,0.0,1.0
IND,1983,nuclear_weapons,7,0.0,0.8
IND,1983,uncategorized,17,0.23529411764705882,1.0
IND,1984,colonization,4,0.0,1.0
IND,1984,disarmament,5,0.0,1.0
IND,1984,economic_development,4,0.0,1.0
IND,1984,human_rights,9,0.0,1.0
IND,1984,israel_palestine,8,0.0,1.0
IND,1984,nuclear_weapons,10,0.1,0.875
IND,1984,uncategorized,19,0.10526315789473684,0.96
IND,1985,colonization,4,0.25,1.0
IND,1985,disarmament,4,0.0,1.0
IND,1985,economic_development,2,0.0,1.0
IND,1985,human_rights,11,0.09090909090909091,1.0
IND,1985,israel_palestine,11,0.09090909090909091,1.0
IND,1985,nuclear_weapons,7,0.14285714285714285,1.0
IND,1985,uncategorized,17,0.11764705882352941,1.0
IND,1986,colonization,2,0.5,1.0
IND,1986,disarmament,5,0.2,1.0
IND,1986,economic_development,7,0.0,1.0
IND,1986,human_rights,12,0.16666666666666666,1.0
IND,1986,israel_palestine,10,0.1,1.0
IND,1986,nuclear_weapons,7,0.0,0.875
IND,1986,uncategorized,21,0.047619047619047616,1.0
IND,1987,colonization,2,0.0,1.0
IND,1987,disarmament,2,0.0,1.0
IND,1987,economic_development,4,0.0,1.0
IND,1987,human_rights,12,0.16666666666666666,1.0
IND,1987,israel_palestine,14,0.14285714285714285,1.0
IND,1987,nuclear_weapons,9,0.1111111111111111,1.0
IND,1987,uncategorized,17,0.17647058823529413,1.0
IND,1988,colonization,5,0.2,1.0
IND,1988,disarmament,3,0.3333333333333333,1.0
IND,1988,economic_development,0,,1.0
IND,1988,human_rights,8,0.125,1.0
IND,1988,israel_palestine,8,0.125,1.0
IND,1988,nuclear_weapons,7,0.14285714285714285,1.0
IND,1988,uncategorized,19,0.05263157894736842,1.0
IND,1989,colonization,3,0.0,1.0
IND,1989,disarmament,5,0.0,1.0
IND,1989,economic_development,4,0.0,1.0
IND,1989,human_rights,7,0.0,1.0
IND,1989,israel_palestine,11,0.0,1.0
IND,1989,nuclear_weapons,6,0.16666666666666666,0.8333333333333334
IND,1989,uncategorized,13,0.0,1.0
IND,1990,colonization,6,0.0,1.0
IND,1990,disarmament,0,,
IND,1990,economic_development,1,0.0,1.0
IND,1990,human_rights,8,0.375,1.0
IND,1990,israel_palestine,8,0.25,1.0
IND,1990,nuclear_weapons,4,0.25,1.0
IND,1990,uncategorized,11,0.18181818181818182,1.0
IND,1991,colonization,4,0.0,1.0
IND,1991,disarmament,1,0.0,1.0
IND,1991,human_rights,7,0.2857142857142857,1.0
IND,1991,israel_palestine,8,0.0,1.0
IND,1991,nuclear_weapons,2,0.0,1.0
IND,1991,uncategorized,6,0.16666666666666666,1.0
IND,1992,colonization,2,0.0,1.0
IND,1992,disarmament,1,1.0,1.0
IND,1992,economic_development,2,0.0,1.0
IND,1992,human_rights,3,0.0,1.0
IND,1992,israel_palestine,6,0.0,1.0
IND,1992,nuclear_weapons,5,0.2,0.75
IND,1992,uncategorized,10,0.4,0.9
IND,1993,colonization,1,0.0,1.0
IND,1993,disarmament,1,0.0,1.0
IND,1993,economic_development,0,,1.0
IND,1993,human_rights,5,0.0,1.0
IND,1993,israel_palestine,5,0.0,1.0
IND,1993,nuclear_weapons,2,0.0,0.5
IND,1993,uncategorized,6,0.16666666666666666,1.0
IND,1994,colonization,4,0.0,1.0
IND,1994,disarmament,1,0.0,1.0
IND,1994,economic_development,1,0.0,1.0
IND,1994,human_rights,4,0.0,1.0
IND,1994,israel_palestine,5,0.0,1.0
IND,1994,nuclear_weapons,5,0.0,0.75
IND,1994,uncategorized,7,0.5714285714285714,1.0
IND,1995,colonization,4,0.0,1.0
IND,1995,disarmament,5,0.0,1.0
IND,1995,economic_development,1,1.0,
IND,1995,human_rights,6,0.3333333333333333,1.0
IND,1995,israel_palestine,7,0.2857142857142857,1.0
IND,1995,nuclear_weapons,2,0.0,0.6666666666666666
IND,1995,uncategorized,6,0.3333333333333333,1.0
IND,1996,colonization,3,0.0,1.0
IND,1996,disarmament,2,0.0,1.0
IND,1996,human_rights,7,0.0,1.0
IND,1996,israel_palestine,12,0.08333333333333333,1.0
IND,1996,nuclear_weapons,3,0.0,0.75
IND,1996,uncategorized,11,0.36363636363636365,1.0
IND,1997,colonization,2,0.0,1.0
IND,1997,disarmament,5,0.4,1.0
IND,1997,economic_development,1,0.0,1.0
IND,1997,human_rights,8,0.125,1.0
IND,1997,israel_palestine,7,0.14285714285714285,1.0
IND,1997,nuclear_weapons,2,0.5,1.0
IND,1997,uncategorized,6,0.3333333333333333,1.0
IND,1998,colonization,3,0.0,1.0
IND,1998,disarmament,5,0.4,0.8
IND,1998,economic_development,1,0.0,1.0
IND,1998,human_rights,8,0.125,1.0
IND,1998,israel_palestine,7,0.14285714285714285,1.0
IND,1998,nuclear_weapons,2,0.5,1.0
IND,1998,uncategorized,4,0.5,1.0
IND,1999,colonization,1,0.0,1.0
IND,1999,disarmament,2,0.0,0.5
IND,1999,economic_development,2,0.5,1.0
IND,1999,human_rights,8,0.125,1.0
IND,1999,israel_palestine,10,0.1,1.0
IND,1999,nuclear_weapons,2,0.0,1.0
IND,1999,uncategorized,6,0.5,1.0
IND,2000,colonization,4,0.0,1.0
IND,2000,disarmament,3,0.3333333333333333,1.0
IND,2000,economic_development,1,1.0,1.0
IND,2000,human_rights,5,0.4,1.0
IND,2000,israel_palestine,5,0.2,1.0
IND,2000,nuclear_weapons,3,0.0,0.5
IND,2000,uncategorized,6,0.3333333333333333,1.0
IND,2001,colonization,3,0.0,1.0
IND,2001,disarmament,1,0.0,1.0
IND,2001,economic_development,1,0.0,1.0
IND,2001,human_rights,8,0.0,1.0
IND,2001,israel_palestine,7,0.0,1.0
IND,2001,nuclear_weapons,3,0.0,1.0
IND,2001,uncategorized,5,0.4,1.0
IND,2002,colonization,3,0.0,1.0
IND,2002,disarmament,2,0.0,0.5
IND,2002,economic_development,1,0.0,1.0
IND,2002,human_rights,10,0.1,1.0
IND,2002,israel_palestine,10,0.1,1.0
IND,2002,nuclear_weapons,3,0.3333333333333333,1.0
IND,2002,uncategorized,7,0.42857142857142855,1.0
IND,2003,colonization,3,0.0,0.75
IND,2003,disarmament,3,0.3333333333333333,1.0
IND,2003,economic_development,1,0.0,1.0
IND,2003,human_rights,8,0.125,1.0
IND,2003,israel_palestine,12,0.0,1.0
IND,2003,nuclear_weapons,3,0.0,1.0
IND,2003,uncategorized,7,0.2857142857142857,1.0
IND,2004,colonization,3,0.0,1.0
IND,2004,disarmament,5,0.0,0.8333333333333334
IND,2004,economic_development,3,0.0,1.0
IND,2004,human_rights,8,0.125,1.0
IND,2004,israel_palestine,5,0.0,1.0
IND,2004,nuclear_weapons,3,0.0,1.0
IND,2004,uncategorized,7,0.5714285714285714,1.0
IND,2005,colonization,4,0.0,1.0
IND,2005,disarmament,5,0.2,1.0
IND,2005,economic_development,3,0.0,1.0
IND,2005,human_rights,8,0.0,1.0
IND,2005,israel_palestine,7,0.0,1.0
IND,2005,nuclear_weapons,3,0.3333333333333333,1.0
IND,2005,uncategorized,6,0.5,1.0
IND,2006,colonization,3,0.0,1.0
IND,2006,disarmament,7,0.2857142857142857,0.8571428571428571
IND,2006,economic_development,1,0.0,1.0
IND,2006,human_rights,10,0.0,1.0
IND,2006,israel_palestine,6,0.0,1.0
IND,2006,nuclear_weapons,4,0.25,0.6666666666666666
IND,2006,uncategorized,6,0.0,1.0
IND,2007,colonization,1,0.0,1.0
IND,2007,disarmament,2,0.0,1.0
IND,2007,economic_development,2,0.0,1.0
IND,2007,human_rights,3,0.0,1.0
IND,2007,israel_palestine,4,0.0,1.0
IND,2007,nuclear_weapons,3,0.0,1.0
IND,2007,uncategorized,6,0.3333333333333333,1.0
IND,2008,colonization,0,,1.0
IND,2008,disarmament,4,0.5,1.0
IND,2008,economic_development,2,0.0,1.0
IND,2008,human_rights,8,0.0,1.0
IND,2008,israel_palestine,7,0.0,1.0
IND,2008,nuclear_weapons,5,0.4,1.0
IND,2008,uncategorized,4,0.25,1.0
IND,2009,colonization,1,0.0,1.0
IND,2009,disarmament,2,1.0,1.0
IND,2009,human_rights,4,0.0,1.0
IND,2009,israel_palestine,5,0.0,1.0
IND,2009,nuclear_weapons,2,0.0,1.0
IND,2009,uncategorized,4,0.25,1.0
IND,2010,colonization,2,0.0,1.0
IND,2010,disarmament,1,0.0,0.0
IND,2010,economic_development,1,0.0,1.0
IND,2010,human_rights,5,0.0,1.0
IND,2010,israel_palestine,6,0.0,1.0
IND,2010,nuclear_weapons,2,0.0,1.0
IND,2010,uncategorized,3,0.6666666666666666,1.0
IND,2011,colonization,2,0.0,1.0
IND,2011,disarmament,1,0.0,1.0
IND,2011,economic_development,2,0.5,1.0
IND,2011,human_rights,7,0.14285714285714285,0.8888888888888888
IND,2011,israel_palestine,5,0.0,1.0
IND,2011,nuclear_weapons,1,0.0,1.0
IND,2011,uncategorized,4,0.25,1.0
IND,2012,colonization,2,0.0,1.0
IND,2012,disarmament,1,0.0,0.5
IND,2012,economic_development,1,0.0,1.0
IND,2012,human_rights,5,0.2,1.0
IND,2012,israel_palestine,9,0.0,1.0
IND,2012,nuclear_weapons,3,0.3333333333333333,1.0
IND,2012,uncategorized,4,0.5,1.0
IND,2013,colonization,2,0.0,1.0
IND,2013,disarmament,3,0.6666666666666666,1.0
IND,2013,economic_development,1,1.0,1.0
IND,2013,human_rights,5,0.0,1.0
IND,2013,israel_palestine,2,0.0,1.0
IND,2013,nuclear_weapons,2,0.5,1.0
IND,2013,uncategorized,5,0.0,1.0
IND,2014,colonization,2,0.0,1.0
IND,2014,disarmament,1,1.0,
IND,2014,economic_development,3,0.0,1.0
IND,2014,human_rights,7,0.0,1.0
IND,2014,israel_palestine,7,0.0,1.0
IND,2014,nuclear_weapons,3,0.3333333333333333,1.0
IND,2014,uncategorized,6,0.16666666666666666,1.0
IND,2015,colonization,1,1.0,
IND,2015,disarmament,2,0.0,1.0
IND,2015,economic_development,1,0.0,1.0
IND,2015,human_rights,4,0.25,1.0
IND,2015,israel_palestine,4,0.0,1.0
IND,2015,nuclear_weapons,3,0.3333333333333333,1.0
IND,2015,uncategorized,4,0.0,1.0
IND,2016,colonization,1,0.0,1.0
IND,2016,disarmament,3,0.3333333333333333,1.0
IND,2016,economic_development,1,0.0,1.0
IND,2016,human_rights,9,0.0,1.0
IND,2016,israel_palestine,8,0.0,1.0
IND,2016,nuclear_weapons,5,0.0,1.0
IND,2016,uncategorized,5,0.6,1.0
IND,2017,colonization,2,0.0,1.0
IND,2017,disarmament,4,0.5,0.8
IND,2017,economic_development,5,0.4,0.8
IND,2017,human_rights,7,0.2857142857142857,1.0
IND,2017,israel_palestine,6,0.0,1.0
IND,2017,nuclear_weapons,4,0.5,1.0
IND,2017,uncategorized,5,0.2,1.0
IND,2018,colonization,4,0.0,1.0
IND,2018,disarmament,3,0.3333333333333333,0.6666666666666666
IND,2018,economic_development,3,0.0,1.0
IND,2018,human_rights,8,0.125,1.0
IND,2018,israel_palestine,3,0.0,1.0
IND,2018,nuclear_weapons,3,0.6666666666666666,1.0
IND,2018,uncategorized,13,0.38461538461538464,1.0
IND,2019,colonization,2,0.0,1.0
IND,2019,disarmament,4,0.25,0.8
IND,2019,economic_development,7,0.14285714285714285,1.0
IND,2019,human_rights,4,0.25,1.0
IND,2019,israel_palestine,4,0.0,1.0
IND,2019,nuclear_weapons,5,0.2,1.0
IND,2019,uncategorized,5,0.0,1.0
IND,2020,colonization,4,0.0,1.0
IND,2020,disarmament,6,0.5,1.0
IND,2020,economic_development,5,0.2,1.0
IND,2020,human_rights,5,0.4,1.0
IND,2020,israel_palestine,5,0.0,1.0
IND,2020,nuclear_weapons,6,0.3333333333333333,1.0
IND,2020,uncategorized,11,0.18181818181818182,1.0
IND,2021,colonization,2,0.0,1.0
IND,2021,disarmament,4,0.25,0.75
IND,2021,economic_development,3,0.0,1.0
IND,2021,human_rights,5,0.0,1.0
IND,2021,israel_palestine,5,0.0,1.0
IND,2021,nuclear_weapons,4,0.25,1.0
IND,2021,uncategorized,4,0.0,1.0
IND,2022,colonization,4,0.0,1.0
IND,2022,disarmament,3,0.3333333333333333,1.0
IND,2022,economic_development,1,1.0,0.0
IND,2022,human_rights,4,0.0,1.0
IND,2022,israel_palestine,5,0.0,1.0
IND,2022,nuclear_weapons,4,0.5,0.75
IND,2022,uncategorized,5,0.6,1.0
IND,2023,colonization,1,0.0,1.0
IND,2023,disarmament,2,0.5,1.0
IND,2023,economic_development,1,1.0,1.0
IND,2023,human_rights,4,0.0,1.0
IND,2023,israel_palestine,4,0.0,1.0
IND,2023,nuclear_weapons,5,0.6,0.6666666666666666
IND,2023,uncategorized,7,0.42857142857142855,1.0
IND,2024,colonization,3,0.0,1.0
IND,2024,disarmament,3,0.6666666666666666,1.0
IND,2024,economic_development,2,0.5,0.5
IND,2024,human_rights,3,0.3333333333333333,1.0
IND,2024,israel_palestine,5,0.2,1.0
IND,2024,nuclear_weapons,6,0.5,1.0
IND,2024,uncategorized,6,0.6666666666666666,0.875
IND,2025,human_rights,0,,
IND,2025,uncategorized,8,0.0,1.0
PHL,1946,human_rights,4,1.0,1.0
PHL,1946,uncategorized,7,0.8571428571428571,1.0
PHL,1947,israel_palestine,1,1.0,1.0
PHL,1947,uncategorized,4,1.0,1.0
PHL,1948,human_rights,1,1.0,1.0
PHL,1948,israel_palestine,2,1.0,1.0
PHL,1948,uncategorized,4,1.0,1.0
PHL,1949,human_rights,2,1.0,1.0
PHL,1949,israel_palestine,1,0.0,1.0
PHL,1949,uncategorized,3,1.0,1.0
PHL,1950,colonization,1,1.0,1.0
PHL,1950,human_rights,1,1.0,1.0
PHL,1950,uncategorized,8,0.875,1.0
PHL,1951,uncategorized,1,1.0,1.0
PHL,1952,economic_development,1,0.0,0.0
PHL,1952,human_rights,1,0.0,
PHL,1952,israel_palestine,1,1.0,1.0
PHL,1952,uncategorized,4,1.0,1.0
PHL,1953,human_rights,1,1.0,1.0
PHL,1953,uncategorized,2,1.0,1.0
PHL,1954,uncategorized,5,0.6,1.0
PHL,1955,uncategorized,1,1.0,1.0
PHL,1956,israel_palestine,1,1.0,1.0
PHL,1956,uncategorized,13,1.0,1.0
PHL,1957,disarmament,1,1.0,1.0
PHL,1957,human_rights,0,,
PHL,1957,israel_palestine,1,1.0,1.0
PHL,1957,uncategorized,5,1.0,1.0
PHL,1958,uncategorized,3,1.0,1.0
PHL,1959,nuclear_weapons,1,0.0,
PHL,1959,uncategorized,4,1.0,1.0
PHL,1960,colonization,0,,1.0
PHL,1960,nuclear_weapons,0,,
PHL,1960,uncategorized,1,1.0,1.0
PHL,1961,colonization,2,1.0,1.0
PHL,1961,nuclear_weapons,0,,
PHL,1961,uncategorized,7,1.0,1.0
PHL,1962,uncategorized,3,0.3333333333333333,1.0
PHL,1963,colonization,0,,1.0
PHL,1963,uncategorized,4,1.0,1.0
PHL,1965,colonization,1,1.0,1.0
PHL,1965,disarmament,2,1.0,1.0
PHL,1965,nuclear_weapons,1,1.0,1.0
PHL,1965,uncategorized,7,0.7142857142857143,1.0
PHL,1966,colonization,2,0.5,1.0
PHL,1966,human_rights,1,1.0,1.0
PHL,1966,uncategorized,5,1.0,1.0
PHL,1967,colonization,0,,1.0
PHL,1967,economic_development,1,0.0,1.0
PHL,1967,human_rights,1,1.0,1.0
PHL,1967,israel_palestine,0,,1.0
PHL,1967,nuclear_weapons,1,1.0,1.0
PHL,1967,uncategorized,5,1.0,1.0
PHL,1968,colonization,0,,1.0
PHL,1968,human_rights,0,,1.0
PHL,1968,nuclear_weapons,1,1.0,1.0
PHL,1968,uncategorized,8,0.5,0.8181818181818182
PHL,1969,colonization,1,0.0,1.0
PHL,1969,economic_development,1,0.0,1.0
PHL,1969,human_rights,2,0.5,1.0
PHL,1969,nuclear_weapons,1,1.0,1.0
PHL,1969,uncategorized,3,0.6666666666666666,1.0
PHL,1970,colonization,1,0.0,1.0
PHL,1970,disarmament,1,1.0,1.0
PHL,1970,economic_development,1,1.0,1.0
PHL,1970,human_rights,1,1.0,1.0
PHL,1970,israel_palestine,0,,
PHL,1970,nuclear_weapons,1,1.0,1.0
PHL,1970,uncategorized,8,0.75,1.0
PHL,1971,colonization,2,0.0,
PHL,1971,disarmament,1,1.0,
PHL,1971,economic_development,1,0.0,
PHL,1971,human_rights,1,1.0,1.0
PHL,1971,israel_palestine,1,1.0,1.0
PHL,1971,nuclear_weapons,0,,0.0
PHL,1971,uncategorized,13,0.7692307692307693,1.0
PHL,1972,colonization,4,0.0,1.0
PHL,1972,disarmament,0,,1.0
PHL,1972,economic_development,0,,1.0
PHL,1972,human_rights,3,0.3333333333333333,1.0
PHL,1972,israel_palestine,0,,
PHL,1972,nuclear_weapons,2,1.0,0.0
PHL,1972,uncategorized,12,0.9166666666666666,1.0
PHL,1973,colonization,1,0.0,1.0
PHL,1973,disarmament,0,,
PHL,1973,economic_development,2,1.0,
PHL,1973,human_rights,3,1.0,1.0
PHL,1973,israel_palestine,2,0.5,1.0
PHL,1973,uncategorized,13,0.5384615384615384,1.0
PHL,1974,colonization,1,1.0,1.0
PHL,1974,disarmament,2,1.0,0.5
PHL,1974,economic_development,0,,
PHL,1974,human_rights,1,1.0,1.0
PHL,1974,israel_palestine,3,0.6666666666666666,1.0
PHL,1974,nuclear_weapons,2,1.0,0.6666666666666666
PHL,1974,uncategorized,7,0.5714285714285714,0.7272727272727273
PHL,1975,colonization,2,0.0,0.6666666666666666
PHL,1975,disarmament,2,0.5,
PHL,1975,economic_development,1,1.0,1.0
PHL,1975,human_rights,5,0.2,0.8
PHL,1975,israel_palestine,3,0.0,0.75
PHL,1975,nuclear_weapons,3,0.6666666666666666,0.75
PHL,1975,uncategorized,8,0.625,0.875
PHL,1976,colonization,3,0.0,1.0
PHL,1976,disarmament,1,1.0,0.0
PHL,1976,economic_development,1,0.0,1.0
PHL,1976,human_rights,5,0.4,1.0
PHL,1976,israel_palestine,4,0.25,1.0
PHL,1976,nuclear_weapons,2,1.0,0.6
PHL,1976,uncategorized,13,0.7692307692307693,0.8571428571428571
PHL,1977,colonization,0,,1.0
PHL,1977,disarmament,2,1.0,0.0
PHL,1977,economic_development,0,,1.0
PHL,1977,human_rights,1,0.0,1.0
PHL,1977,israel_palestine,2,0.0,1.0
PHL,1977,nuclear_weapons,3,0.6666666666666666,1.0
PHL,1977,uncategorized,8,0.625,0.8
PHL,1978,colonization,3,0.3333333333333333,1.0
PHL,1978,economic_development,0,,1.0
PHL,1978,human_rights,6,0.5,1.0
PHL,1978,israel_palestine,5,0.4,1.0
PHL,1978,nuclear_weapons,2,0.0,1.0
PHL,1978,uncategorized,14,0.8571428571428571,0.8181818181818182
PHL,1979,colonization,2,0.5,1.0
PHL,1979,disarmament,0,,1.0
PHL,1979,economic_development,2,0.0,1.0
PHL,1979,human_rights,7,0.14285714285714285,1.0
PHL,1979,israel_palestine,5,0.2,1.0
PHL,1979,nuclear_weapons,4,0.5,1.0
PHL,1979,uncategorized,25,0.48,0.967741935483871
PHL,1980,colonization,1,0.0,1.0
PHL,1980,disarmament,1,1.0,1.0
PHL,1980,economic_development,1,0.0,1.0
PHL,1980,human_rights,5,0.4,1.0
PHL,1980,israel_palestine,5,0.2,1.0
PHL,1980,nuclear_weapons,5,0.2,1.0
PHL,1980,uncategorized,14,0.6428571428571429,1.0
PHL,1981,colonization,1,0.0,1.0
PHL,1981,disarmament,2,0.5,1.0
PHL,1981,economic_development,0,,1.0
PHL,1981,human_rights,4,0.25,1.0
PHL,1981,israel_palestine,6,0.0,1.0
PHL,1981,nuclear_weapons,7,0.0,1.0
PHL,1981,uncategorized,16,0.0625,1.0
PHL,1982,colonization,2,0.0,1.0
PHL,1982,disarmament,2,0.5,1.0
PHL,1982,economic_development,3,0.3333333333333333,1.0
PHL,1982,human_rights,6,0.16666666666666666,1.0
PHL,1982,israel_palestine,8,0.125,1.0
PHL,1982,nuclear_weapons,5,0.0,1.0
PHL,1982,uncategorized,18,0.3333333333333333,0.9583333333333334
PHL,1983,colonization,3,0.0,1.0
PHL,1983,disarmament,5,0.2,1.0
PHL,1983,economic_development,2,0.0,1.0
PHL,1983,human_rights,6,0.16666666666666666,1.0
PHL,1983,israel_palestine,8,0.0,1.0
PHL,1983,nuclear_weapons,6,0.16666666666666666,0.8
PHL,1983,uncategorized,17,0.29411764705882354,1.0
PHL,1984,colonization,4,0.0,1.0
PHL,1984,disarmament,5,0.0,1.0
PHL,1984,economic_development,4,0.0,1.0
PHL,1984,human_rights,8,0.0,1.0
PHL,1984,israel_palestine,8,0.0,1.0
PHL,1984,nuclear_weapons,8,0.25,1.0
PHL,1984,uncategorized,19,0.15789473684210525,1.0
PHL,1985,colonization,3,0.0,1.0
PHL,1985,disarmament,7,0.2857142857142857,1.0
PHL,1985,economic_development,2,0.0,1.0
PHL,1985,human_rights,10,0.1,1.0
PHL,1985,israel_palestine,11,0.09090909090909091,1.0
PHL,1985,nuclear_weapons,7,0.2857142857142857,1.0
PHL,1985,uncategorized,18,0.2777777777777778,0.9523809523809523
PHL,1986,colonization,2,0.5,1.0
PHL,1986,disarmament,9,0.4444444444444444,1.0
PHL,1986,economic_development,8,0.125,1.0
PHL,1986,human_rights,12,0.16666666666666666,1.0
PHL,1986,israel_palestine,10,0.1,1.0
PHL,1986,nuclear_weapons,8,0.25,1.0
PHL,1986,uncategorized,23,0.13043478260869565,1.0
PHL,1987,colonization,2,0.0,1.0
PHL,1987,disarmament,4,0.5,1.0
PHL,1987,economic_development,4,0.0,1.0
PHL,1987,human_rights,13,0.23076923076923078,1.0
PHL,1987,israel_palestine,13,0.15384615384615385,1.0
PHL,1987,nuclear_weapons,10,0.2,1.0
PHL,1987,uncategorized,13,0.07692307692307693,1.0
PHL,1988,colonization,5,0.2,1.0
PHL,1988,disarmament,4,0.25,1.0
PHL,1988,economic_development,0,,1.0
PHL,1988,human_rights,9,0.2222222222222222,1.0
PHL,1988,israel_palestine,8,0.125,1.0
PHL,1988,nuclear_weapons,9,0.2222222222222222,1.0
PHL,1988,uncategorized,20,0.1,1.0
PHL,1989,colonization,3,0.0,1.0
PHL,1989,disarmament,5,0.0,1.0
PHL,1989,economic_development,4,0.0,1.0
PHL,1989,human_rights,7,0.0,1.0
PHL,1989,israel_palestine,11,0.0,1.0
PHL,1989,nuclear_weapons,6,0.3333333333333333,1.0
PHL,1989,uncategorized,16,0.1875,1.0
PHL,1990,colonization,6,0.0,1.0
PHL,1990,disarmament,1,1.0,1.0
PHL,1990,economic_development,1,0.0,1.0
PHL,1990,human_rights,8,0.375,1.0
PHL,1990,israel_palestine,8,0.25,1.0
PHL,1990,nuclear_weapons,6,0.16666666666666666,1.0
PHL,1990,uncategorized,11,0.18181818181818182,1.0
PHL,1991,colonization,4,0.0,1.0
PHL,1991,disarmament,1,0.0,1.0
PHL,1991,economic_development,1,0.0,1.0
PHL,1991,human_rights,7,0.2857142857142857,1.0
PHL,1991,israel_palestine,8,0.0,1.0
PHL,1991,nuclear_weapons,2,0.0,1.0
PHL,1991,uncategorized,6,0.16666666666666666,1.0
PHL,1992,colonization,2,0.0,1.0
PHL,1992,disarmament,2,1.0,1.0
PHL,1992,economic_development,2,0.0,1.0
PHL,1992,human_rights,3,0.0,1.0
PHL,1992,israel_palestine,7,0.0,1.0
PHL,1992,nuclear_weapons,6,0.3333333333333333,1.0
PHL,1992,uncategorized,9,0.4444444444444444,1.0
PHL,1993,colonization,1,0.0,1.0
PHL,1993,disarmament,2,0.5,1.0
PHL,1993,economic_development,0,,1.0
PHL,1993,human_rights,4,0.0,1.0
PHL,1993,israel_palestine,5,0.0,1.0
PHL,1993,nuclear_weapons,2,0.5,1.0
PHL,1993,uncategorized,7,0.2857142857142857,1.0
PHL,1994,colonization,4,0.0,1.0
PHL,1994,disarmament,4,0.75,1.0
PHL,1994,economic_development,1,0.0,1.0
PHL,1994,human_rights,4,0.25,1.0
PHL,1994,israel_palestine,5,0.0,1.0
PHL,1994,nuclear_weapons,6,0.16666666666666666,1.0
PHL,1994,uncategorized,7,0.7142857142857143,1.0
PHL,1995,colonization,4,0.0,1.0
PHL,1995,disarmament,8,0.375,1.0
PHL,1995,economic_development,1,1.0,
PHL,1995,human_rights,7,0.5714285714285714,0.8333333333333334
PHL,1995,israel_palestine,7,0.2857142857142857,1.0
PHL,1995,nuclear_weapons,4,0.5,0.75
PHL,1995,uncategorized,6,0.3333333333333333,1.0
PHL,1996,colonization,3,0.0,1.0
PHL,1996,disarmament,3,0.3333333333333333,1.0
PHL,1996,human_rights,5,0.2,1.0
PHL,1996,israel_palestine,12,0.08333333333333333,1.0
PHL,1996,nuclear_weapons,4,0.5,1.0
PHL,1996,uncategorized,10,0.4,1.0
PHL,1997,colonization,2,0.0,1.0
PHL,1997,disarmament,6,0.3333333333333333,1.0
PHL,1997,economic_development,1,0.0,1.0
PHL,1997,human_rights,6,0.16666666666666666,1.0
PHL,1997,israel_palestine,7,0.14285714285714285,1.0
PHL,1997,nuclear_weapons,4,0.5,1.0
PHL,1997,uncategorized,7,0.42857142857142855,0.8
PHL,1998,colonization,3,0.0,1.0
PHL,1998,disarmament,7,0.5714285714285714,1.0
PHL,1998,economic_development,1,0.0,1.0
PHL,1998,human_rights,8,0.25,1.0
PHL,1998,israel_palestine,7,0.14285714285714285,1.0
PHL,1998,nuclear_weapons,3,0.3333333333333333,1.0
PHL,1998,uncategorized,5,0.6,1.0
PHL,1999,colonization,1,0.0,1.0
PHL,1999,disarmament,3,0.6666666666666666,1.0
PHL,1999,economic_development,2,0.5,1.0
PHL,1999,human_rights,8,0.25,1.0
PHL,1999,israel_palestine,10,0.1,1.0
PHL,1999,nuclear_weapons,5,0.4,1.0
PHL,1999,uncategorized,5,0.4,1.0
PHL,2000,colonization,4,0.0,1.0
PHL,2000,disarmament,2,0.5,1.0
PHL,2000,economic_development,1,1.0,1.0
PHL,2000,human_rights,5,0.4,1.0
PHL,2000,israel_palestine,5,0.2,1.0
PHL,2000,nuclear_weapons,4,0.5,1.0
PHL,2000,uncategorized,6,0.3333333333333333,1.0
PHL,2001,colonization,3,0.0,1.0
PHL,2001,disarmament,1,0.0,1.0
PHL,2001,economic_development,1,0.0,1.0
PHL,2001,human_rights,7,0.0,1.0
PHL,2001,israel_palestine,7,0.0,1.0
PHL,2001,nuclear_weapons,4,0.0,1.0
PHL,2001,uncategorized,5,0.4,1.0
PHL,2002,colonization,3,0.0,1.0
PHL,2002,disarmament,3,0.3333333333333333,1.0
PHL,2002,economic_development,1,0.0,1.0
PHL,2002,human_rights,9,0.1111111111111111,1.0
PHL,2002,israel_palestine,10,0.1,1.0
PHL,2002,nuclear_weapons,6,0.0,1.0
PHL,2002,uncategorized,7,0.42857142857142855,1.0
PHL,2003,colonization,3,0.0,1.0
PHL,2003,disarmament,3,0.3333333333333333,1.0
PHL,2003,economic_development,1,0.0,1.0
PHL,2003,human_rights,8,0.125,1.0
PHL,2003,israel_palestine,12,0.0,1.0
PHL,2003,nuclear_weapons,5,0.0,1.0
PHL,2003,uncategorized,7,0.2857142857142857,1.0
PHL,2004,colonization,3,0.0,1.0
PHL,2004,disarmament,6,0.16666666666666666,1.0
PHL,2004,economic_development,3,0.0,1.0
PHL,2004,human_rights,8,0.125,1.0
PHL,2004,israel_palestine,5,0.0,1.0
PHL,2004,nuclear_weapons,7,0.0,1.0
PHL,2004,uncategorized,7,0.5714285714285714,1.0
PHL,2005,colonization,4,0.0,1.0
PHL,2005,disarmament,7,0.2857142857142857,1.0
PHL,2005,economic_development,3,0.0,1.0
PHL,2005,human_rights,7,0.0,1.0
PHL,2005,israel_palestine,6,0.0,1.0
PHL,2005,nuclear_weapons,6,0.16666666666666666,1.0
PHL,2005,uncategorized,6,0.6666666666666666,0.8571428571428571
PHL,2006,colonization,2,0.0,1.0
PHL,2006,disarmament,7,0.14285714285714285,1.0
PHL,2006,economic_development,1,0.0,1.0
PHL,2006,human_rights,9,0.0,1.0
PHL,2006,israel_palestine,6,0.0,1.0
PHL,2006,nuclear_weapons,8,0.125,1.0
PHL,2006,uncategorized,6,0.0,1.0
PHL,2007,colonization,1,0.0,1.0
PHL,2007,disarmament,3,0.0,1.0
PHL,2007,economic_development,2,0.0,1.0
PHL,2007,human_rights,3,0.0,1.0
PHL,2007,israel_palestine,4,0.0,1.0
PHL,2007,nuclear_weapons,6,0.0,1.0
PHL,2007,uncategorized,7,0.14285714285714285,0.8571428571428571
PHL,2008,colonization,0,,1.0
PHL,2008,disarmament,4,0.5,1.0
PHL,2008,economic_development,2,0.0,1.0
PHL,2008,human_rights,5,0.0,1.0
PHL,2008,israel_palestine,6,0.0,1.0
PHL,2008,nuclear_weapons,7,0.14285714285714285,1.0
PHL,2008,uncategorized,3,0.0,1.0
PHL,2009,colonization,1,0.0,1.0
PHL,2009,disarmament,2,1.0,1.0
PHL,2009,human_rights,4,0.0,1.0
PHL,2009,israel_palestine,5,0.0,1.0
PHL,2009,nuclear_weapons,3,0.0,1.0
PHL,2009,uncategorized,4,0.25,1.0
PHL,2010,colonization,2,0.0,1.0
PHL,2010,disarmament,1,1.0,1.0
PHL,2010,economic_development,1,0.0,1.0
PHL,2010,human_rights,4,0.0,1.0
PHL,2010,israel_palestine,5,0.0,1.0
PHL,2010,nuclear_weapons,2,0.0,1.0
PHL,2010,uncategorized,3,0.3333333333333333,0.75
PHL,2011,colonization,2,0.0,1.0
PHL,2011,disarmament,2,0.0,1.0
PHL,2011,economic_development,2,0.5,1.0
PHL,2011,human_rights,5,0.0,1.0
PHL,2011,israel_palestine,4,0.0,1.0
PHL,2011,nuclear_weapons,3,0.3333333333333333,1.0
PHL,2011,uncategorized,4,0.25,1.0
PHL,2012,colonization,2,0.0,1.0
PHL,2012,disarmament,3,0.6666666666666666,1.0
PHL,2012,economic_development,1,0.0,1.0
PHL,2012,human_rights,3,0.3333333333333333,1.0
PHL,2012,israel_palestine,8,0.0,1.0
PHL,2012,nuclear_weapons,6,0.5,1.0
PHL,2012,uncategorized,5,0.2,0.8
PHL,2013,colonization,2,0.0,1.0
PHL,2013,disarmament,4,0.25,1.0
PHL,2013,economic_development,1,1.0,1.0
PHL,2013,human_rights,5,0.0,1.0
PHL,2013,israel_palestine,2,0.0,1.0
PHL,2013,nuclear_weapons,5,0.2,1.0
PHL,2013,uncategorized,7,0.2857142857142857,1.0
PHL,2014,colonization,2,0.0,1.0
PHL,2014,disarmament,3,0.3333333333333333,1.0
PHL,2014,economic_development,3,0.0,1.0
PHL,2014,human_rights,5,0.0,1.0
PHL,2014,israel_palestine,6,0.0,1.0
PHL,2014,nuclear_weapons,6,0.16666666666666666,1.0
PHL,2014,uncategorized,6,0.3333333333333333,1.0
PHL,2015,colonization,1,1.0,
PHL,2015,disarmament,3,0.0,0.6666666666666666
PHL,2015,economic_development,1,0.0,1.0
PHL,2015,human_rights,4,0.25,1.0
PHL,2015,israel_palestine,4,0.0,1.0
PHL,2015,nuclear_weapons,6,0.3333333333333333,0.75
PHL,2015,uncategorized,4,0.0,1.0
PHL,2016,colonization,1,0.0,1.0
PHL,2016,disarmament,4,0.25,1.0
PHL,2016,economic_development,1,0.0,1.0
PHL,2016,human_rights,7,0.0,1.0
PHL,2016,israel_palestine,7,0.0,1.0
PHL,2016,nuclear_weapons,10,0.1,0.875
PHL,2016,uncategorized,5,0.6,1.0
PHL,2017,colonization,2,0.0,1.0
PHL,2017,disarmament,6,0.16666666666666666,0.6666666666666666
PHL,2017,economic_development,5,0.4,0.8
PHL,2017,human_rights,8,0.25,1.0
PHL,2017,israel_palestine,5,0.0,1.0
PHL,2017,nuclear_weapons,7,0.0,0.6666666666666666
PHL,2017,uncategorized,5,0.2,1.0
PHL,2018,colonization,4,0.0,1.0
PHL,2018,disarmament,3,0.6666666666666666,1.0
PHL,2018,economic_development,3,0.0,1.0
PHL,2018,human_rights,10,0.1,1.0
PHL,2018,israel_palestine,3,0.0,1.0
PHL,2018,nuclear_weapons,3,0.3333333333333333,0.5
PHL,2018,uncategorized,12,0.4166666666666667,0.9230769230769231
PHL,2019,colonization,2,0.0,1.0
PHL,2019,disarmament,6,0.3333333333333333,1.0
PHL,2019,economic_development,7,0.14285714285714285,1.0
PHL,2019,human_rights,4,0.25,1.0
PHL,2019,israel_palestine,4,0.0,1.0
PHL,2019,nuclear_weapons,9,0.0,0.875
PHL,2019,uncategorized,6,0.0,1.0
PHL,2020,colonization,4,0.0,1.0
PHL,2020,disarmament,6,0.3333333333333333,0.8333333333333334
PHL,2020,economic_development,6,0.16666666666666666,1.0
PHL,2020,human_rights,7,0.2857142857142857,1.0
PHL,2020,israel_palestine,5,0.0,1.0
PHL,2020,nuclear_weapons,7,0.2857142857142857,0.6
PHL,2020,uncategorized,12,0.16666666666666666,0.8666666666666667
PHL,2021,colonization,2,0.0,1.0
PHL,2021,disarmament,6,0.16666666666666666,0.8333333333333334
PHL,2021,economic_development,3,0.0,1.0
PHL,2021,human_rights,6,0.16666666666666666,0.875
PHL,2021,israel_palestine,7,0.14285714285714285,0.875
PHL,2021,nuclear_weapons,9,0.0,0.75
PHL,2021,uncategorized,6,0.16666666666666666,0.875
PHL,2022,colonization,4,0.0,1.0
PHL,2022,disarmament,4,0.5,0.75
PHL,2022,economic_development,1,1.0,0.0
PHL,2022,human_rights,5,0.2,0.8
PHL,2022,israel_palestine,5,0.0,1.0
PHL,2022,nuclear_weapons,7,0.2857142857142857,0.5714285714285714
PHL,2022,uncategorized,7,0.7142857142857143,1.0
PHL,2023,colonization,1,0.0,1.0
PHL,2023,disarmament,3,0.0,1.0
PHL,2023,economic_development,1,1.0,1.0
PHL,2023,human_rights,5,0.2,1.0
PHL,2023,israel_palestine,3,0.0,1.0
PHL,2023,nuclear_weapons,10,0.3,0.625
PHL,2023,uncategorized,8,0.5,1.0
PHL,2024,colonization,3,0.0,1.0
PHL,2024,disarmament,2,1.0,1.0
PHL,2024,economic_development,2,0.5,0.5
PHL,2024,human_rights,4,0.5,1.0
PHL,2024,israel_palestine,5,0.2,1.0
PHL,2024,nuclear_weapons,7,0.7142857142857143,0.6666666666666666
PHL,2024,uncategorized,7,0.5714285714285714,0.75
PHL,2025,human_rights,1,1.0,
PHL,2025,uncategorized,12,0.0,1.0
IDN,1950,uncategorized,2,1.0,1.0
IDN,1951,uncategorized,1,1.0,1.0
IDN,1952,colonization,1,0.0,1.0
IDN,1952,human_rights,1,1.0,1.0
IDN,1952,uncategorized,0,,
IDN,1953,uncategorized,0,,
IDN,1954,uncategorized,1,1.0,
IDN,1955,uncategorized,2,0.5,1.0
IDN,1956,uncategorized,5,1.0,1.0
IDN,1957,uncategorized,5,0.8,0.6666666666666666
IDN,1958,disarmament,0,,
IDN,1958,uncategorized,0,,
IDN,1959,economic_development,0,,1.0
IDN,1959,nuclear_weapons,1,1.0,
IDN,1959,uncategorized,1,1.0,
IDN,1960,uncategorized,0,,
IDN,1961,human_rights,1,1.0,
IDN,1961,israel_palestine,1,1.0,
IDN,1961,nuclear_weapons,1,0.0,0.0
IDN,1961,uncategorized,3,1.0,1.0
IDN,1962,human_rights,0,,
IDN,1963,nuclear_weapons,1,0.0,
IDN,1966,colonization,1,1.0,
IDN,1966,uncategorized,1,0.0,1.0
IDN,1967,israel_palestine,0,,1.0
IDN,1967,uncategorized,2,0.0,1.0
IDN,1968,colonization,0,,1.0
IDN,1968,nuclear_weapons,1,1.0,1.0
IDN,1969,colonization,1,1.0,1.0
IDN,1969,nuclear_weapons,1,1.0,1.0
IDN,1969,uncategorized,3,1.0,1.0
IDN,1970,colonization,1,0.0,1.0
IDN,1970,human_rights,0,,
IDN,1970,uncategorized,2,0.5,1.0
IDN,1971,colonization,1,0.0,1.0
IDN,1971,human_rights,3,0.3333333333333333,1.0
IDN,1971,israel_palestine,1,0.0,
IDN,1971,nuclear_weapons,0,,0.0
IDN,1971,uncategorized,4,0.75,1.0
IDN,1972,disarmament,0,,
IDN,1972,uncategorized,5,0.8,1.0
IDN,1973,colonization,2,0.0,1.0
IDN,1973,human_rights,1,0.0,1.0
IDN,1973,uncategorized,1,1.0,1.0
IDN,1974,human_rights,1,1.0,1.0
IDN,1974,israel_palestine,2,0.5,1.0
IDN,1974,nuclear_weapons,0,,1.0
IDN,1974,uncategorized,1,0.0,1.0
IDN,1975,disarmament,0,,
IDN,1975,human_rights,2,0.5,1.0
IDN,1975,israel_palestine,1,0.0,1.0
IDN,1975,nuclear_weapons,1,1.0,1.0
IDN,1975,uncategorized,2,0.5,1.0
IDN,1976,colonization,0,,1.0
IDN,1976,disarmament,1,0.0,
IDN,1976,nuclear_weapons,1,1.0,0.0
IDN,1976,uncategorized,3,0.3333333333333333,1.0
IDN,1977,colonization,1,0.0,1.0
IDN,1977,human_rights,2,0.5,1.0
IDN,1977,israel_palestine,1,0.0,1.0
IDN,1977,uncategorized,5,0.6,1.0
IDN,1978,economic_development,0,,1.0
IDN,1978,israel_palestine,1,0.0,1.0
IDN,1978,nuclear_weapons,1,1.0,1.0
IDN,1978,uncategorized,3,1.0,1.0
IDN,1979,colonization,1,0.0,1.0
IDN,1979,economic_development,1,0.0,1.0
IDN,1979,human_rights,2,0.5,1.0
IDN,1979,israel_palestine,3,0.0,1.0
IDN,1979,uncategorized,5,0.8,1.0
IDN,1980,human_rights,1,0.0,1.0
IDN,1980,israel_palestine,2,0.0,1.0
IDN,1980,nuclear_weapons,1,0.0,1.0
IDN,1980,uncategorized,3,0.6666666666666666,1.0
IDN,1981,disarmament,1,1.0,1.0
IDN,1981,human_rights,4,0.25,1.0
IDN,1981,israel_palestine,4,0.25,1.0
IDN,1981,nuclear_weapons,2,0.0,1.0
IDN,1981,uncategorized,6,0.3333333333333333,0.8571428571428571
IDN,1982,colonization,1,0.0,1.0
IDN,1982,economic_development,1,0.0,1.0
IDN,1982,human_rights,3,0.0,1.0
IDN,1982,israel_palestine,4,0.0,1.0
IDN,1982,nuclear_weapons,3,0.0,1.0
IDN,1982,uncategorized,7,0.0,1.0
IDN,1983,colonization,0,,1.0
IDN,1983,disarmament,2,0.0,1.0
IDN,1983,economic_development,1,0.0,1.0
IDN,1983,human_rights,5,0.4,1.0
IDN,1983,israel_palestine,4,0.25,1.0
IDN,1983,nuclear_weapons,3,0.3333333333333333,1.0
IDN,1983,uncategorized,8,0.375,1.0
IDN,1984,disarmament,1,0.0,
IDN,1984,economic_development,2,0.0,1.0
IDN,1984,human_rights,4,0.0,1.0
IDN,1984,israel_palestine,5,0.0,1.0
IDN,1984,nuclear_weapons,2,0.5,1.0
IDN,1984,uncategorized,3,0.0,1.0
IDN,1985,disarmament,3,0.3333333333333333,1.0
IDN,1985,human_rights,1,0.0,1.0
IDN,1985,israel_palestine,2,0.0,1.0
IDN,1985,nuclear_weapons,3,0.0,1.0
IDN,1985,uncategorized,6,0.0,1.0
IDN,1986,disarmament,1,0.0,1.0
IDN,1986,human_rights,1,0.0,1.0
IDN,1986,nuclear_weapons,2,0.0,
IDN,1986,uncategorized,7,0.2857142857142857,1.0
IDN,1987,disarmament,2,0.0,1.0
IDN,1987,economic_development,1,0.0,1.0
IDN,1987,human_rights,0,,1.0
IDN,1987,israel_palestine,0,,1.0
IDN,1987,nuclear_weapons,1,0.0,1.0
IDN,1987,uncategorized,4,0.25,1.0
IDN,1988,colonization,2,0.0,1.0
IDN,1988,disarmament,1,0.0,1.0
IDN,1988,economic_development,1,0.0,1.0
IDN,1988,human_rights,4,0.0,1.0
IDN,1988,israel_palestine,4,0.0,1.0
IDN,1988,nuclear_weapons,1,0.0,1.0
IDN,1988,uncategorized,3,0.0,1.0
IDN,1989,colonization,1,0.0,1.0
IDN,1989,disarmament,1,0.0,1.0
IDN,1989,human_rights,3,0.0,1.0
IDN,1989,israel_palestine,1,0.0,1.0
IDN,1989,nuclear_weapons,0,,1.0
IDN,1989,uncategorized,4,0.0,1.0
IDN,1990,disarmament,2,0.0,1.0
IDN,1990,human_rights,3,0.0,1.0
IDN,1990,israel_palestine,3,0.0,1.0
IDN,1990,uncategorized,2,0.5,0.5
IDN,1991,colonization,1,0.0,1.0
IDN,1991,human_rights,1,0.0,1.0
IDN,1991,israel_palestine,2,0.0,1.0
IDN,1991,nuclear_weapons,1,0.0,1.0
IDN,1991,uncategorized,0,,1.0
IDN,1992,colonization,1,0.0,1.0
IDN,1992,disarmament,1,0.0,
IDN,1992,human_rights,1,0.0,1.0
IDN,1992,israel_palestine,2,0.0,1.0
IDN,1992,nuclear_weapons,1,0.0,
IDN,1992,uncategorized,3,0.3333333333333333,1.0
IDN,1993,human_rights,1,0.0,1.0
IDN,1993,israel_palestine,1,0.0,1.0
IDN,1993,uncategorized,2,0.5,1.0
IDN,1994,colonization,1,0.0,1.0
IDN,1994,disarmament,0,,1.0
IDN,1994,human_rights,2,0.5,1.0
IDN,1994,israel_palestine,5,0.4,1.0
IDN,1994,nuclear_weapons,0,,1.0
IDN,1995,disarmament,0,,
IDN,1995,nuclear_weapons,0,,
IDN,1995,uncategorized,3,0.0,1.0
IDN,1996,colonization,1,0.0,1.0
IDN,1996,disarmament,2,0.5,1.0
IDN,1996,human_rights,3,0.3333333333333333,1.0
IDN,1996,israel_palestine,2,0.5,1.0
IDN,1996,nuclear_weapons,2,0.0,1.0
IDN,1996,uncategorized,0,,1.0
IDN,1997,disarmament,1,1.0,1.0
IDN,1997,human_rights,1,0.0,1.0
IDN,1997,israel_palestine,4,0.0,1.0
IDN,1998,colonization,2,0.0,1.0
IDN,1998,disarmament,1,1.0,1.0
IDN,1998,human_rights,2,0.0,1.0
IDN,1998,israel_palestine,6,0.0,1.0
IDN,1998,nuclear_weapons,2,1.0,1.0
IDN,1998,uncategorized,1,0.0,1.0
IDN,1999,colonization,1,0.0,1.0
IDN,1999,disarmament,1,0.0,1.0
IDN,1999,human_rights,2,0.0,1.0
IDN,1999,nuclear_weapons,1,0.0,1.0
IDN,1999,uncategorized,1,0.0,1.0
IDN,2000,colonization,1,0.0,1.0
IDN,2000,disarmament,0,,1.0
IDN,2000,human_rights,4,0.0,1.0
IDN,2000,israel_palestine,4,0.0,1.0
IDN,2000,uncategorized,3,0.3333333333333333,1.0
IDN,2001,colonization,1,0.0,1.0
IDN,2001,human_rights,1,0.0,1.0
IDN,2001,israel_palestine,2,0.0,1.0
IDN,2001,nuclear_weapons,1,0.0,1.0
IDN,2001,uncategorized,1,0.0,1.0
IDN,2002,disarmament,2,0.0,1.0
IDN,2002,human_rights,2,0.0,1.0
IDN,2002,israel_palestine,2,0.0,1.0
IDN,2002,nuclear_weapons,1,0.0,1.0
IDN,2002,uncategorized,1,0.0,1.0
IDN,2003,colonization,2,0.0,1.0
IDN,2003,disarmament,4,0.0,1.0
IDN,2003,israel_palestine,1,0.0,1.0
IDN,2003,nuclear_weapons,2,0.0,1.0
IDN,2003,uncategorized,1,0.0,1.0
IDN,2004,colonization,1,0.0,1.0
IDN,2004,human_rights,1,0.0,1.0
IDN,2004,israel_palestine,3,0.0,1.0
IDN,2004,nuclear_weapons,1,0.0,
IDN,2004,uncategorized,2,0.0,1.0
IDN,2005,disarmament,3,0.3333333333333333,1.0
IDN,2005,economic_development,2,0.0,1.0
IDN,2005,human_rights,2,0.0,1.0
IDN,2005,israel_palestine,1,0.0,1.0
IDN,2005,nuclear_weapons,1,0.0,1.0
IDN,2005,uncategorized,1,0.0,1.0
IDN,2006,colonization,0,,1.0
IDN,2006,disarmament,2,0.5,1.0
IDN,2006,human_rights,2,0.0,1.0
IDN,2006,israel_palestine,2,0.0,1.0
IDN,2006,nuclear_weapons,2,0.0,1.0
IDN,2006,uncategorized,0,,1.0
IDN,2007,disarmament,2,0.0,1.0
IDN,2007,economic_development,0,,
IDN,2007,human_rights,1,0.0,1.0
IDN,2007,israel_palestine,4,0.0,1.0
IDN,2007,nuclear_weapons,2,0.0,1.0
IDN,2008,colonization,1,0.0,1.0
IDN,2008,disarmament,3,0.3333333333333333,1.0
IDN,2008,human_rights,1,0.0,1.0
IDN,2008,nuclear_weapons,1,0.0,1.0
IDN,2009,colonization,1,0.0,1.0
IDN,2009,disarmament,1,0.0,1.0
IDN,2009,human_rights,1,0.0,1.0
IDN,2009,nuclear_weapons,1,0.0,1.0
IDN,2010,colonization,1,0.0,1.0
IDN,2010,disarmament,1,0.0,1.0
IDN,2010,human_rights,2,0.0,1.0
IDN,2010,israel_palestine,1,0.0,1.0
IDN,2010,nuclear_weapons,3,0.0,1.0
IDN,2010,uncategorized,3,0.0,1.0
IDN,2011,disarmament,1,1.0,1.0
IDN,2011,human_rights,1,0.0,1.0
IDN,2011,israel_palestine,2,0.0,1.0
IDN,2011,uncategorized,0,,
IDN,2012,colonization,1,0.0,1.0
IDN,2012,disarmament,1,0.0,
IDN,2012,economic_development,1,0.0,
IDN,2012,human_rights,2,0.5,0.5
IDN,2012,nuclear_weapons,3,0.0,1.0
IDN,2012,uncategorized,7,0.42857142857142855,0.8571428571428571
IDN,2013,colonization,1,0.0,1.0
IDN,2013,disarmament,1,0.0,
IDN,2013,human_rights,4,0.25,1.0
IDN,2013,israel_palestine,2,0.0,1.0
IDN,2013,nuclear_weapons,3,0.3333333333333333,1.0
IDN,2013,uncategorized,4,0.5,1.0
IDN,2014,colonization,0,,1.0
IDN,2014,disarmament,1,0.0,1.0
IDN,2014,human_rights,2,0.0,1.0
IDN,2014,israel_palestine,2,0.0,1.0
IDN,2014,nuclear_weapons,3,0.0,1.0
IDN,2014,uncategorized,3,0.3333333333333333,1.0
IDN,2015,colonization,1,0.0,1.0
IDN,2015,disarmament,1,0.0,1.0
IDN,2015,human_rights,1,0.0,1.0
IDN,2015,israel_palestine,2,0.0,1.0
IDN,2015,nuclear_weapons,2,0.5,1.0
IDN,2016,disarmament,3,0.3333333333333333,1.0
IDN,2016,economic_development,1,1.0,1.0
IDN,2016,human_rights,0,,
IDN,2016,nuclear_weapons,2,0.0,
IDN,2016,uncategorized,2,0.5,1.0
IDN,2017,colonization,1,0.0,1.0
IDN,2017,economic_development,2,0.0,1.0
IDN,2017,human_rights,2,0.0,1.0
IDN,2017,israel_palestine,4,0.0,1.0
IDN,2017,nuclear_weapons,0,,1.0
IDN,2017,uncategorized,2,0.0,1.0
IDN,2018,disarmament,2,0.0,0.5
IDN,2018,economic_development,2,0.0,1.0
IDN,2018,human_rights,1,0.0,1.0
IDN,2018,israel_palestine,1,0.0,1.0
IDN,2018,nuclear_weapons,5,0.0,0.8
IDN,2018,uncategorized,3,0.6666666666666666,1.0
IDN,2019,disarmament,4,0.5,1.0
IDN,2019,economic_development,1,1.0,0.0
IDN,2019,human_rights,2,0.0,1.0
IDN,2019,israel_palestine,4,0.0,1.0
IDN,2019,nuclear_weapons,2,1.0,1.0
IDN,2019,uncategorized,1,0.0,1.0
IDN,2020,colonization,1,0.0,1.0
IDN,2020,disarmament,1,0.0,1.0
IDN,2020,economic_development,1,0.0,1.0
IDN,2020,human_rights,3,0.0,1.0
IDN,2020,israel_palestine,3,0.0,1.0
IDN,2020,nuclear_weapons,3,0.0,0.5
IDN,2020,uncategorized,1,1.0,
IDN,2021,colonization,1,0.0,1.0
IDN,2021,disarmament,1,0.0,1.0
IDN,2021,human_rights,2,0.5,1.0
IDN,2021,nuclear_weapons,3,0.0,1.0
IDN,2021,uncategorized,5,0.6,0.8333333333333334
IDN,2022,disarmament,2,0.5,1.0
IDN,2022,human_rights,3,0.0,1.0
IDN,2022,israel_palestine,2,0.0,1.0
IDN,2022,nuclear_weapons,5,0.2,1.0
IDN,2022,uncategorized,3,0.6666666666666666,1.0
IDN,2023,colonization,4,0.0,1.0
IDN,2023,disarmament,1,0.0,1.0
IDN,2023,economic_development,2,0.0,1.0
IDN,2023,human_rights,1,0.0,1.0
IDN,2023,israel_palestine,1,0.0,1.0
IDN,2023,nuclear_weapons,1,0.0,
IDN,2023,uncategorized,4,0.75,1.0
IDN,2024,colonization,2,0.0,1.0
IDN,2024,disarmament,3,0.3333333333333333,1.0
IDN,2024,human_rights,1,0.0,1.0
IDN,2024,israel_palestine,2,0.0,1.0
IDN,2024,nuclear_weapons,2,0.0,1.0
IDN,2024,uncategorized,2,0.5,0.5
IDN,2025,uncategorized,1,0.0,1.0
IND,1946,colonization,1,1.0,1.0
IND,1946,uncategorized,1,1.0,1.0
IND,1947,uncategorized,3,0.3333333333333333,0.6666666666666666
IND,1948,uncategorized,3,1.0,1.0
IND,1949,israel_palestine,1,0.0,0.0
IND,1949,uncategorized,2,1.0,1.0
IND,1950,uncategorized,3,1.0,0.5
IND,1951,uncategorized,1,1.0,1.0
IND,1952,colonization,1,0.0,1.0
IND,1952,human_rights,1,1.0,1.0
IND,1952,uncategorized,0,,
IND,1953,uncategorized,0,,
IND,1954,uncategorized,1,1.0,
IND,1955,uncategorized,1,0.0,1.0
IND,1956,uncategorized,5,1.0,1.0
IND,1957,uncategorized,5,1.0,0.8333333333333334
IND,1958,disarmament,0,,
IND,1958,uncategorized,0,,
IND,1959,economic_development,0,,1.0
IND,1959,nuclear_weapons,1,1.0,
IND,1959,uncategorized,1,1.0,
IND,1960,uncategorized,0,,
IND,1961,human_rights,1,1.0,
IND,1961,israel_palestine,1,1.0,
IND,1961,nuclear_weapons,1,0.0,0.0
IND,1961,uncategorized,3,1.0,1.0
IND,1962,human_rights,1,1.0,1.0
IND,1963,nuclear_weapons,1,0.0,
IND,1965,colonization,1,0.0,
IND,1965,nuclear_weapons,2,1.0,1.0
IND,1965,uncategorized,1,0.0,1.0
IND,1966,colonization,1,1.0,
IND,1966,uncategorized,1,0.0,1.0
IND,1967,israel_palestine,0,,1.0
IND,1967,uncategorized,2,0.0,1.0
IND,1968,colonization,0,,1.0
IND,1968,nuclear_weapons,0,,
IND,1969,colonization,1,1.0,1.0
IND,1969,nuclear_weapons,1,1.0,1.0
IND,1969,uncategorized,3,1.0,1.0
IND,1970,colonization,1,0.0,1.0
IND,1970,human_rights,0,,
IND,1970,uncategorized,2,0.5,1.0
IND,1971,colonization,1,0.0,1.0
IND,1971,human_rights,3,0.3333333333333333,1.0
IND,1971,israel_palestine,1,0.0,
IND,1971,nuclear_weapons,0,,0.0
IND,1971,uncategorized,4,0.5,0.8
IND,1972,disarmament,0,,
IND,1972,uncategorized,5,0.8,1.0
IND,1973,colonization,2,0.0,1.0
IND,1973,human_rights,1,0.0,1.0
IND,1973,uncategorized,2,1.0,1.0
IND,1974,human_rights,1,1.0,1.0
IND,1974,israel_palestine,2,0.5,1.0
IND,1974,nuclear_weapons,0,,0.0
IND,1974,uncategorized,1,0.0,1.0
IND,1975,colonization,0,,1.0
IND,1975,disarmament,0,,
IND,1975,human_rights,2,0.5,1.0
IND,1975,israel_palestine,1,0.0,1.0
IND,1975,nuclear_weapons,1,1.0,1.0
IND,1975,uncategorized,2,0.5,1.0
IND,1976,colonization,0,,1.0
IND,1976,disarmament,1,0.0,
IND,1976,nuclear_weapons,0,,
IND,1976,uncategorized,4,0.25,1.0
IND,1977,colonization,2,0.0,1.0
IND,1977,human_rights,3,0.3333333333333333,1.0
IND,1977,israel_palestine,2,0.0,1.0
IND,1977,uncategorized,4,0.5,1.0
IND,1978,economic_development,0,,1.0
IND,1978,israel_palestine,1,0.0,1.0
IND,1978,nuclear_weapons,1,1.0,1.0
IND,1978,uncategorized,3,1.0,1.0
IND,1979,colonization,1,0.0,1.0
IND,1979,economic_development,1,0.0,1.0
IND,1979,human_rights,2,0.5,1.0
IND,1979,israel_palestine,3,0.0,1.0
IND,1979,uncategorized,5,0.8,1.0
IND,1980,human_rights,2,0.5,1.0
IND,1980,israel_palestine,2,0.0,1.0
IND,1980,nuclear_weapons,1,0.0,1.0
IND,1980,uncategorized,2,0.5,1.0
IND,1981,disarmament,0,,1.0
IND,1981,human_rights,4,0.25,1.0
IND,1981,israel_palestine,4,0.25,1.0
IND,1981,nuclear_weapons,2,0.0,1.0
IND,1981,uncategorized,5,0.4,0.8333333333333334
IND,1982,colonization,1,0.0,1.0
IND,1982,economic_development,1,0.0,1.0
IND,1982,human_rights,3,0.0,1.0
IND,1982,israel_palestine,4,0.0,1.0
IND,1982,nuclear_weapons,3,0.0,1.0
IND,1982,uncategorized,7,0.0,1.0
IND,1983,colonization,0,,1.0
IND,1983,disarmament,2,0.0,1.0
IND,1983,economic_development,1,0.0,1.0
IND,1983,human_rights,5,0.2,1.0
IND,1983,israel_palestine,4,0.25,1.0
IND,1983,nuclear_weapons,3,0.3333333333333333,1.0
IND,1983,uncategorized,7,0.2857142857142857,1.0
IND,1984,disarmament,1,0.0,
IND,1984,economic_development,2,0.0,1.0
IND,1984,human_rights,4,0.0,1.0
IND,1984,israel_palestine,5,0.0,1.0
IND,1984,nuclear_weapons,0,,1.0
IND,1984,uncategorized,3,0.0,1.0
IND,1985,disarmament,1,0.0,1.0
IND,1985,human_rights,1,0.0,1.0
IND,1985,israel_palestine,2,0.0,1.0
IND,1985,nuclear_weapons,2,0.0,1.0
IND,1985,uncategorized,6,0.0,1.0
IND,1986,disarmament,1,0.0,1.0
IND,1986,human_rights,2,0.5,1.0
IND,1986,nuclear_weapons,2,0.0,
IND,1986,uncategorized,6,0.16666666666666666,1.0
IND,1987,disarmament,2,0.0,1.0
IND,1987,economic_development,1,0.0,1.0
IND,1987,human_rights,1,0.0,0.5
IND,1987,israel_palestine,0,,1.0
IND,1987,nuclear_weapons,2,0.0,0.5
IND,1987,uncategorized,3,0.0,1.0
IND,1988,colonization,2,0.0,1.0
IND,1988,disarmament,1,0.0,1.0
IND,1988,economic_development,1,0.0,1.0
IND,1988,human_rights,4,0.0,1.0
IND,1988,israel_palestine,4,0.0,1.0
IND,1988,nuclear_weapons,2,0.0,0.5
IND,1988,uncategorized,3,0.0,1.0
IND,1989,colonization,1,0.0,1.0
IND,1989,disarmament,1,0.0,1.0
IND,1989,human_rights,3,0.0,1.0
IND,1989,israel_palestine,1,0.0,1.0
IND,1989,nuclear_weapons,0,,1.0
IND,1989,uncategorized,5,0.0,1.0
IND,1990,disarmament,2,0.0,1.0
IND,1990,human_rights,3,0.0,1.0
IND,1990,israel_palestine,3,0.0,1.0
IND,1990,uncategorized,1,0.0,1.0
IND,1991,colonization,1,0.0,1.0
IND,1991,human_rights,1,0.0,1.0
IND,1991,israel_palestine,2,0.0,1.0
IND,1991,nuclear_weapons,1,0.0,1.0
IND,1991,uncategorized,0,,1.0
IND,1992,colonization,1,0.0,1.0
IND,1992,disarmament,1,0.0,
IND,1992,human_rights,1,0.0,1.0
IND,1992,israel_palestine,2,0.0,1.0
IND,1992,nuclear_weapons,1,0.0,
IND,1992,uncategorized,3,0.3333333333333333,1.0
IND,1993,human_rights,1,0.0,1.0
IND,1993,israel_palestine,1,0.0,1.0
IND,1993,uncategorized,2,0.5,1.0
IND,1994,colonization,1,0.0,1.0
IND,1994,disarmament,0,,
IND,1994,human_rights,2,0.5,1.0
IND,1994,israel_palestine,5,0.4,1.0
IND,1994,nuclear_weapons,0,,
IND,1995,disarmament,0,,
IND,1995,nuclear_weapons,0,,
IND,1995,uncategorized,3,0.0,1.0
IND,1996,colonization,1,0.0,1.0
IND,1996,disarmament,2,0.0,0.5
IND,1996,human_rights,3,0.3333333333333333,1.0
IND,1996,israel_palestine,2,0.5,1.0
IND,1996,nuclear_weapons,2,0.0,0.5
IND,1996,uncategorized,0,,1.0
IND,1997,disarmament,1,1.0,1.0
IND,1997,human_rights,1,0.0,1.0
IND,1997,israel_palestine,4,0.0,1.0
IND,1998,colonization,2,0.0,1.0
IND,1998,disarmament,0,,
IND,1998,human_rights,2,0.0,1.0
IND,1998,israel_palestine,6,0.0,1.0
IND,1998,nuclear_weapons,1,0.0,0.0
IND,1998,uncategorized,1,0.0,1.0
IND,1999,colonization,1,0.0,1.0
IND,1999,disarmament,1,0.0,1.0
IND,1999,human_rights,2,0.0,1.0
IND,1999,nuclear_weapons,0,,
IND,1999,uncategorized,1,0.0,1.0
IND,2000,colonization,1,0.0,1.0
IND,2000,disarmament,0,,1.0
IND,2000,human_rights,4,0.0,1.0
IND,2000,israel_palestine,4,0.0,1.0
IND,2000,uncategorized,3,0.3333333333333333,1.0
IND,2001,colonization,1,0.0,1.0
IND,2001,human_rights,1,0.0,1.0
IND,2001,israel_palestine,2,0.0,1.0
IND,2001,nuclear_weapons,0,,
IND,2001,uncategorized,1,0.0,1.0
IND,2002,disarmament,2,0.0,1.0
IND,2002,human_rights,2,0.0,1.0
IND,2002,israel_palestine,2,0.0,1.0
IND,2002,nuclear_weapons,1,0.0,1.0
IND,2002,uncategorized,1,0.0,1.0
IND,2003,colonization,2,0.0,1.0
IND,2003,disarmament,3,0.3333333333333333,0.6666666666666666
IND,2003,israel_palestine,1,0.0,1.0
IND,2003,nuclear_weapons,1,1.0,1.0
IND,2003,uncategorized,1,0.0,1.0
IND,2004,colonization,1,0.0,1.0
IND,2004,human_rights,1,0.0,1.0
IND,2004,israel_palestine,3,0.0,1.0
IND,2004,nuclear_weapons,1,0.0,
IND,2004,uncategorized,2,0.0,1.0
IND,2005,disarmament,3,0.3333333333333333,0.3333333333333333
IND,2005,economic_development,2,0.0,1.0
IND,2005,human_rights,1,0.0,1.0
IND,2005,israel_palestine,1,0.0,1.0
IND,2005,nuclear_weapons,1,1.0,0.0
IND,2005,uncategorized,1,0.0,1.0
IND,2006,colonization,0,,1.0
IND,2006,disarmament,2,0.0,0.5
IND,2006,human_rights,2,0.0,1.0
IND,2006,israel_palestine,2,0.0,1.0
IND,2006,nuclear_weapons,2,0.0,1.0
IND,2006,uncategorized,0,,1.0
IND,2007,disarmament,2,0.5,0.5
IND,2007,economic_development,1,1.0,1.0
IND,2007,human_rights,2,0.0,1.0
IND,2007,israel_palestine,4,0.0,1.0
IND,2007,nuclear_weapons,2,0.5,0.5
IND,2008,colonization,1,0.0,1.0
IND,2008,disarmament,1,0.0,0.0
IND,2008,human_rights,1,0.0,1.0
IND,2008,nuclear_weapons,0,,
IND,2009,colonization,1,0.0,1.0
IND,2009,disarmament,1,0.0,1.0
IND,2009,human_rights,2,0.0,1.0
IND,2009,nuclear_weapons,1,0.0,1.0
IND,2010,colonization,1,0.0,1.0
IND,2010,disarmament,1,0.0,1.0
IND,2010,human_rights,2,0.0,1.0
IND,2010,israel_palestine,1,0.0,1.0
IND,2010,nuclear_weapons,2,0.0,1.0
IND,2010,uncategorized,2,0.0,1.0
IND,2011,disarmament,1,1.0,1.0
IND,2011,human_rights,1,0.0,1.0
IND,2011,israel_palestine,2,0.0,1.0
IND,2011,uncategorized,1,1.0,1.0
IND,2012,colonization,1,0.0,1.0
IND,2012,disarmament,1,1.0,
IND,2012,economic_development,1,1.0,
IND,2012,human_rights,1,0.0,1.0
IND,2012,nuclear_weapons,3,0.3333333333333333,1.0
IND,2012,uncategorized,7,0.42857142857142855,0.8571428571428571
IND,2013,colonization,1,0.0,1.0
IND,2013,disarmament,1,0.0,
IND,2013,human_rights,4,0.25,1.0
IND,2013,israel_palestine,2,0.0,1.0
IND,2013,nuclear_weapons,2,0.0,1.0
IND,2013,uncategorized,4,0.5,1.0
IND,2014,colonization,0,,1.0
IND,2014,disarmament,1,0.0,1.0
IND,2014,human_rights,2,0.0,1.0
IND,2014,israel_palestine,2,0.0,1.0
IND,2014,nuclear_weapons,3,0.0,1.0
IND,2014,uncategorized,3,0.3333333333333333,1.0
IND,2015,colonization,1,0.0,1.0
IND,2015,disarmament,0,,
IND,2015,human_rights,1,0.0,1.0
IND,2015,israel_palestine,2,0.0,1.0
IND,2015,nuclear_weapons,0,,1.0
IND,2016,disarmament,2,0.5,0.0
IND,2016,economic_development,1,1.0,1.0
IND,2016,human_rights,0,,
IND,2016,nuclear_weapons,1,1.0,
IND,2016,uncategorized,2,0.5,1.0
IND,2017,colonization,1,0.0,1.0
IND,2017,economic_development,2,0.0,1.0
IND,2017,human_rights,2,0.0,1.0
IND,2017,israel_palestine,4,0.0,1.0
IND,2017,nuclear_weapons,0,,1.0
IND,2017,uncategorized,2,0.0,1.0
IND,2018,disarmament,2,0.5,1.0
IND,2018,economic_development,2,0.0,1.0
IND,2018,human_rights,1,0.0,1.0
IND,2018,israel_palestine,1,0.0,1.0
IND,2018,nuclear_weapons,4,0.25,1.0
IND,2018,uncategorized,2,0.5,1.0
IND,2019,disarmament,4,0.5,1.0
IND,2019,economic_development,1,1.0,0.0
IND,2019,human_rights,2,0.0,1.0
IND,2019,israel_palestine,4,0.0,1.0
IND,2019,nuclear_weapons,2,1.0,1.0
IND,2019,uncategorized,1,0.0,1.0
IND,2020,colonization,1,0.0,1.0
IND,2020,disarmament,0,,
IND,2020,economic_development,1,0.0,1.0
IND,2020,human_rights,3,0.0,1.0
IND,2020,israel_palestine,3,0.0,1.0
IND,2020,nuclear_weapons,2,0.5,1.0
IND,2020,uncategorized,2,1.0,
IND,2021,colonization,1,0.0,1.0
IND,2021,disarmament,1,0.0,1.0
IND,2021,human_rights,2,0.5,1.0
IND,2021,nuclear_weapons,3,0.0,1.0
IND,2021,uncategorized,4,0.5,0.8
IND,2022,disarmament,3,0.6666666666666666,1.0
IND,2022,human_rights,2,0.0,1.0
IND,2022,israel_palestine,1,0.0,1.0
IND,2022,nuclear_weapons,3,0.0,1.0
IND,2022,uncategorized,3,0.6666666666666666,1.0
IND,2023,colonization,4,0.0,1.0
IND,2023,disarmament,1,0.0,1.0
IND,2023,economic_development,2,0.0,1.0
IND,2023,human_rights,1,0.0,1.0
IND,2023,israel_palestine,1,0.0,1.0
IND,2023,nuclear_weapons,0,,
IND,2023,uncategorized,3,0.6666666666666666,1.0
IND,2024,colonization,2,0.0,1.0
IND,2024,disarmament,3,0.0,0.6666666666666666
IND,2024,human_rights,1,0.0,1.0
IND,2024,israel_palestine,1,0.0,1.0
IND,2024,nuclear_weapons,2,0.0,1.0
IND,2024,uncategorized,0,,
IND,2025,uncategorized,1,0.0,1.0
PHL,1946,colonization,1,1.0,1.0
PHL,1946,uncategorized,1,1.0,1.0
PHL,1947,uncategorized,3,1.0,1.0
PHL,1948,uncategorized,3,1.0,1.0
PHL,1949,israel_palestine,1,1.0,1.0
PHL,1949,uncategorized,2,1.0,1.0
PHL,1950,uncategorized,3,0.6666666666666666,1.0
PHL,1951,uncategorized,1,1.0,1.0
PHL,1952,colonization,1,0.0,1.0
PHL,1952,human_rights,1,1.0,1.0
PHL,1952,uncategorized,1,1.0,1.0
PHL,1953,uncategorized,1,1.0,1.0
PHL,1954,uncategorized,1,1.0,
PHL,1955,uncategorized,2,0.5,1.0
PHL,1956,uncategorized,4,1.0,1.0
PHL,1957,uncategorized,7,1.0,1.0
PHL,1958,disarmament,1,1.0,1.0
PHL,1958,uncategorized,1,1.0,1.0
PHL,1959,economic_development,0,,1.0
PHL,1959,nuclear_weapons,1,1.0,
PHL,1959,uncategorized,1,1.0,
PHL,1960,uncategorized,0,,
PHL,1961,human_rights,1,1.0,
PHL,1961,israel_palestine,1,1.0,
PHL,1961,nuclear_weapons,1,0.0,0.0
PHL,1961,uncategorized,4,1.0,1.0
PHL,1962,human_rights,1,1.0,1.0
PHL,1963,nuclear_weapons,0,,
PHL,1965,colonization,0,,
PHL,1965,nuclear_weapons,2,1.0,1.0
PHL,1965,uncategorized,1,0.0,1.0
PHL,1966,colonization,1,1.0,
PHL,1966,uncategorized,1,0.0,1.0
PHL,1967,israel_palestine,0,,1.0
PHL,1967,uncategorized,2,0.0,1.0
PHL,1968,colonization,0,,1.0
PHL,1968,nuclear_weapons,1,1.0,1.0
PHL,1969,colonization,1,1.0,1.0
PHL,1969,nuclear_weapons,1,1.0,1.0
PHL,1969,uncategorized,3,1.0,1.0
PHL,1970,colonization,1,0.0,1.0
PHL,1970,human_rights,0,,
PHL,1970,uncategorized,2,0.5,1.0
PHL,1971,colonization,0,,
PHL,1971,human_rights,1,1.0,
PHL,1971,israel_palestine,0,,
PHL,1971,nuclear_weapons,0,,
PHL,1971,uncategorized,4,0.75,1.0
PHL,1972,disarmament,0,,
PHL,1972,uncategorized,4,0.75,1.0
PHL,1973,colonization,2,0.0,1.0
PHL,1973,human_rights,1,0.0,1.0
PHL,1973,uncategorized,2,1.0,1.0
PHL,1974,human_rights,1,1.0,1.0
PHL,1974,israel_palestine,2,0.5,1.0
PHL,1974,nuclear_weapons,0,,1.0
PHL,1974,uncategorized,1,0.0,1.0
PHL,1975,colonization,0,,1.0
PHL,1975,disarmament,0,,
PHL,1975,human_rights,2,0.5,1.0
PHL,1975,israel_palestine,1,0.0,1.0
PHL,1975,nuclear_weapons,1,1.0,1.0
PHL,1975,uncategorized,2,0.5,1.0
PHL,1976,colonization,0,,1.0
PHL,1976,disarmament,1,0.0,
PHL,1976,nuclear_weapons,1,1.0,0.0
PHL,1976,uncategorized,3,0.3333333333333333,1.0
PHL,1977,colonization,0,,1.0
PHL,1977,human_rights,1,1.0,1.0
PHL,1977,israel_palestine,0,,1.0
PHL,1977,uncategorized,5,0.6,1.0
PHL,1978,economic_development,0,,1.0
PHL,1978,israel_palestine,1,0.0,1.0
PHL,1978,nuclear_weapons,1,1.0,1.0
PHL,1978,uncategorized,3,1.0,1.0
PHL,1979,colonization,1,0.0,1.0
PHL,1979,economic_development,1,0.0,1.0
PHL,1979,human_rights,2,0.5,1.0
PHL,1979,israel_palestine,2,0.0,1.0
PHL,1979,uncategorized,6,0.8333333333333334,1.0
PHL,1980,human_rights,2,0.0,1.0
PHL,1980,israel_palestine,2,0.0,1.0
PHL,1980,nuclear_weapons,1,0.0,1.0
PHL,1980,uncategorized,3,0.6666666666666666,1.0
PHL,1981,disarmament,1,1.0,1.0
PHL,1981,human_rights,4,0.25,1.0
PHL,1981,israel_palestine,5,0.2,1.0
PHL,1981,nuclear_weapons,2,0.0,1.0
PHL,1981,uncategorized,7,0.42857142857142855,0.875
PHL,1982,colonization,1,0.0,1.0
PHL,1982,economic_development,1,0.0,1.0
PHL,1982,human_rights,2,0.0,1.0
PHL,1982,israel_palestine,4,0.0,1.0
PHL,1982,nuclear_weapons,2,0.0,1.0
PHL,1982,uncategorized,6,0.0,1.0
PHL,1983,colonization,0,,1.0
PHL,1983,disarmament,1,0.0,1.0
PHL,1983,economic_development,1,0.0,1.0
PHL,1983,human_rights,4,0.5,1.0
PHL,1983,israel_palestine,3,0.3333333333333333,1.0
PHL,1983,nuclear_weapons,2,0.5,1.0
PHL,1983,uncategorized,7,0.42857142857142855,1.0
PHL,1984,disarmament,1,0.0,
PHL,1984,economic_development,2,0.0,1.0
PHL,1984,human_rights,4,0.0,1.0
PHL,1984,israel_palestine,5,0.0,1.0
PHL,1984,nuclear_weapons,1,1.0,1.0
PHL,1984,uncategorized,3,0.0,1.0
PHL,1985,disarmament,2,0.5,1.0
PHL,1985,human_rights,1,0.0,1.0
PHL,1985,israel_palestine,2,0.0,1.0
PHL,1985,nuclear_weapons,3,0.0,1.0
PHL,1985,uncategorized,5,0.0,1.0
PHL,1986,disarmament,1,0.0,1.0
PHL,1986,human_rights,2,0.5,1.0
PHL,1986,nuclear_weapons,2,0.0,
PHL,1986,uncategorized,7,0.2857142857142857,1.0
PHL,1987,disarmament,2,0.0,1.0
PHL,1987,economic_development,1,0.0,1.0
PHL,1987,human_rights,1,1.0,1.0
PHL,1987,israel_palestine,0,,1.0
PHL,1987,nuclear_weapons,2,0.5,1.0
PHL,1987,uncategorized,4,0.25,1.0
PHL,1988,colonization,2,0.0,1.0
PHL,1988,disarmament,1,0.0,1.0
PHL,1988,economic_development,0,,1.0
PHL,1988,human_rights,4,0.0,1.0
PHL,1988,israel_palestine,4,0.0,1.0
PHL,1988,nuclear_weapons,2,0.5,1.0
PHL,1988,uncategorized,2,0.0,1.0
PHL,1989,colonization,1,0.0,1.0
PHL,1989,disarmament,1,0.0,1.0
PHL,1989,human_rights,2,0.0,1.0
PHL,1989,israel_palestine,1,0.0,1.0
PHL,1989,nuclear_weapons,1,1.0,1.0
PHL,1989,uncategorized,5,0.0,1.0
PHL,1990,disarmament,2,0.0,1.0
PHL,1990,human_rights,3,0.0,1.0
PHL,1990,israel_palestine,3,0.0,1.0
PHL,1990,uncategorized,2,0.5,0.5
PHL,1991,colonization,1,0.0,1.0
PHL,1991,human_rights,1,0.0,1.0
PHL,1991,israel_palestine,2,0.0,1.0
PHL,1991,nuclear_weapons,1,0.0,1.0
PHL,1991,uncategorized,0,,1.0
PHL,1992,colonization,1,0.0,1.0
PHL,1992,disarmament,1,0.0,
PHL,1992,human_rights,1,0.0,1.0
PHL,1992,israel_palestine,2,0.0,1.0
PHL,1992,nuclear_weapons,1,0.0,
PHL,1992,uncategorized,2,0.5,1.0
PHL,1993,human_rights,1,0.0,1.0
PHL,1993,israel_palestine,1,0.0,1.0
PHL,1993,uncategorized,1,0.0,1.0
PHL,1994,colonization,1,0.0,1.0
PHL,1994,disarmament,0,,1.0
PHL,1994,human_rights,2,0.5,1.0
PHL,1994,israel_palestine,5,0.4,1.0
PHL,1994,nuclear_weapons,0,,1.0
PHL,1995,disarmament,3,1.0,1.0
PHL,1995,nuclear_weapons,1,1.0,1.0
PHL,1995,uncategorized,2,0.0,1.0
PHL,1996,colonization,1,0.0,1.0
PHL,1996,disarmament,2,0.5,1.0
PHL,1996,human_rights,2,0.5,1.0
PHL,1996,israel_palestine,2,0.5,1.0
PHL,1996,nuclear_weapons,3,0.3333333333333333,1.0
PHL,1996,uncategorized,0,,1.0
PHL,1997,disarmament,1,1.0,1.0
PHL,1997,human_rights,1,0.0,1.0
PHL,1997,israel_palestine,4,0.0,1.0
PHL,1998,colonization,2,0.0,1.0
PHL,1998,disarmament,1,1.0,1.0
PHL,1998,human_rights,2,0.0,1.0
PHL,1998,israel_palestine,6,0.0,1.0
PHL,1998,nuclear_weapons,2,1.0,1.0
PHL,1998,uncategorized,1,0.0,1.0
PHL,1999,colonization,1,0.0,1.0
PHL,1999,disarmament,1,0.0,1.0
PHL,1999,human_rights,2,0.0,1.0
PHL,1999,nuclear_weapons,1,0.0,1.0
PHL,1999,uncategorized,1,0.0,1.0
PHL,2000,colonization,1,0.0,1.0
PHL,2000,disarmament,0,,1.0
PHL,2000,human_rights,3,0.0,1.0
PHL,2000,israel_palestine,4,0.0,1.0
PHL,2000,uncategorized,3,0.3333333333333333,1.0
PHL,2001,colonization,1,0.0,1.0
PHL,2001,human_rights,1,0.0,1.0
PHL,2001,israel_palestine,2,0.0,1.0
PHL,2001,nuclear_weapons,1,0.0,1.0
PHL,2001,uncategorized,1,0.0,1.0
PHL,2002,disarmament,2,0.0,1.0
PHL,2002,human_rights,1,0.0,1.0
PHL,2002,israel_palestine,2,0.0,1.0
PHL,2002,nuclear_weapons,1,0.0,1.0
PHL,2002,uncategorized,1,0.0,1.0
PHL,2003,colonization,2,0.0,1.0
PHL,2003,disarmament,4,0.0,1.0
PHL,2003,israel_palestine,1,0.0,1.0
PHL,2003,nuclear_weapons,2,0.0,1.0
PHL,2003,uncategorized,1,0.0,1.0
PHL,2004,colonization,1,0.0,1.0
PHL,2004,human_rights,1,0.0,1.0
PHL,2004,israel_palestine,3,0.0,1.0
PHL,2004,nuclear_weapons,1,0.0,
PHL,2004,uncategorized,1,0.0,1.0
PHL,2005,disarmament,3,0.3333333333333333,1.0
PHL,2005,economic_development,2,0.0,1.0
PHL,2005,human_rights,1,0.0,1.0
PHL,2005,israel_palestine,1,0.0,1.0
PHL,2005,nuclear_weapons,1,0.0,1.0
PHL,2005,uncategorized,1,0.0,1.0
PHL,2006,colonization,0,,1.0
PHL,2006,disarmament,2,0.5,1.0
PHL,2006,human_rights,1,0.0,1.0
PHL,2006,israel_palestine,2,0.0,1.0
PHL,2006,nuclear_weapons,2,0.0,1.0
PHL,2006,uncategorized,0,,1.0
PHL,2007,disarmament,2,0.0,1.0
PHL,2007,economic_development,1,1.0,1.0
PHL,2007,human_rights,0,,
PHL,2007,israel_palestine,3,0.0,1.0
PHL,2007,nuclear_weapons,2,0.0,1.0
PHL,2008,colonization,1,0.0,1.0
PHL,2008,disarmament,3,0.3333333333333333,1.0
PHL,2008,human_rights,1,0.0,1.0
PHL,2008,nuclear_weapons,1,0.0,1.0
PHL,2009,colonization,1,0.0,1.0
PHL,2009,disarmament,1,0.0,1.0
PHL,2009,human_rights,1,0.0,1.0
PHL,2009,nuclear_weapons,1,0.0,1.0
PHL,2010,colonization,1,0.0,1.0
PHL,2010,disarmament,1,0.0,1.0
PHL,2010,human_rights,2,0.0,1.0
PHL,2010,israel_palestine,1,0.0,1.0
PHL,2010,nuclear_weapons,3,0.0,1.0
PHL,2010,uncategorized,3,0.0,1.0
PHL,2011,disarmament,1,1.0,1.0
PHL,2011,human_rights,2,0.5,0.5
PHL,2011,israel_palestine,2,0.0,1.0
PHL,2011,uncategorized,2,1.0,1.0
PHL,2012,colonization,1,0.0,1.0
PHL,2012,disarmament,1,0.0,
PHL,2012,economic_development,1,1.0,
PHL,2012,human_rights,1,0.0,1.0
PHL,2012,nuclear_weapons,3,0.0,1.0
PHL,2012,uncategorized,6,0.3333333333333333,1.0
PHL,2013,colonization,1,0.0,1.0
PHL,2013,disarmament,1,0.0,
PHL,2013,human_rights,4,0.25,1.0
PHL,2013,israel_palestine,2,0.0,1.0
PHL,2013,nuclear_weapons,3,0.3333333333333333,1.0
PHL,2013,uncategorized,4,0.5,1.0
PHL,2014,colonization,0,,1.0
PHL,2014,disarmament,1,0.0,1.0
PHL,2014,human_rights,2,0.0,1.0
PHL,2014,israel_palestine,2,0.0,1.0
PHL,2014,nuclear_weapons,3,0.0,1.0
PHL,2014,uncategorized,3,0.3333333333333333,1.0
PHL,2015,colonization,1,0.0,1.0
PHL,2015,disarmament,1,0.0,1.0
PHL,2015,human_rights,1,0.0,1.0
PHL,2015,israel_palestine,2,0.0,1.0
PHL,2015,nuclear_weapons,2,0.5,1.0
PHL,2016,disarmament,3,0.3333333333333333,1.0
PHL,2016,economic_development,1,1.0,1.0
PHL,2016,human_rights,0,,
PHL,2016,nuclear_weapons,2,0.0,
PHL,2016,uncategorized,2,0.5,1.0
PHL,2017,colonization,1,0.0,1.0
PHL,2017,economic_development,2,0.0,1.0
PHL,2017,human_rights,2,0.0,1.0
PHL,2017,israel_palestine,4,0.0,1.0
PHL,2017,nuclear_weapons,1,1.0,0.5
PHL,2017,uncategorized,2,0.0,1.0
PHL,2018,disarmament,2,0.0,0.5
PHL,2018,economic_development,2,0.0,1.0
PHL,2018,human_rights,1,0.0,1.0
PHL,2018,israel_palestine,1,0.0,1.0
PHL,2018,nuclear_weapons,4,0.0,0.75
PHL,2018,uncategorized,3,0.6666666666666666,1.0
PHL,2019,disarmament,4,0.5,1.0
PHL,2019,economic_development,1,1.0,0.0
PHL,2019,human_rights,2,0.0,1.0
PHL,2019,israel_palestine,4,0.0,1.0
PHL,2019,nuclear_weapons,2,1.0,1.0
PHL,2019,uncategorized,0,,
PHL,2020,colonization,1,0.0,1.0
PHL,2020,disarmament,1,0.0,1.0
PHL,2020,economic_development,1,0.0,1.0
PHL,2020,human_rights,3,0.0,1.0
PHL,2020,israel_palestine,3,0.0,1.0
PHL,2020,nuclear_weapons,3,0.0,0.5
PHL,2020,uncategorized,2,1.0,
PHL,2021,colonization,1,0.0,1.0
PHL,2021,disarmament,1,0.0,1.0
PHL,2021,human_rights,2,0.5,1.0
PHL,2021,nuclear_weapons,3,0.3333333333333333,0.6666666666666666
PHL,2021,uncategorized,6,0.5,0.8571428571428571
PHL,2022,disarmament,3,0.6666666666666666,1.0
PHL,2022,human_rights,2,0.0,1.0
PHL,2022,israel_palestine,1,0.0,1.0
PHL,2022,nuclear_weapons,4,0.25,1.0
PHL,2022,uncategorized,5,0.6,0.75
PHL,2023,colonization,4,0.0,1.0
PHL,2023,disarmament,1,0.0,1.0
PHL,2023,economic_development,2,0.0,1.0
PHL,2023,human_rights,1,0.0,1.0
PHL,2023,israel_palestine,1,0.0,1.0
PHL,2023,nuclear_weapons,1,0.0,
PHL,2023,uncategorized,4,0.75,1.0
PHL,2024,colonization,2,0.0,1.0
PHL,2024,disarmament,3,0.3333333333333333,1.0
PHL,2024,human_rights,1,0.0,1.0
PHL,2024,israel_palestine,2,0.0,1.0
PHL,2024,nuclear_weapons,2,0.0,1.0
PHL,2024,uncategorized,2,1.0,0.5
PHL,2025,uncategorized,1,0.0,1.0
